customer_id,country,age,gender,membership_tier,registration_date,total_orders,total_spend_usd,avg_order_value_usd,days_since_last_purchase,preferred_category,preferred_device,preferred_payment_method,acquisition_channel,reviews_given,avg_review_score,returns_made,wishlist_items,newsletter_subscribed,churned
C00001,United States,40,Male,Free,1/17/2019,4,286.63,63.78,49,Food & Grocery,Mobile,Debit Card,Social Media,1,4.5,0,12,0,0
C00002,United States,20,Female,Free,3/4/2026,11,1245.18,107.32,126,Toys & Games,Mobile,Debit Card,Organic Search,2,2.6,1,1,0,0
C00003,United States,43,Female,Gold,2/8/2026,4,195.37,42.74,0,Home & Kitchen,Mobile,PayPal,Referral,0,4.8,0,0,1,0
C00004,United States,41,Male,Free,3/19/2025,6,99.45,15.61,6,Electronics,Desktop,PayPal,Organic Search,2,4.2,0,8,1,0
C00005,France,37,Other,Platinum,9/10/2024,36,2593.21,79.09,161,Clothing & Apparel,Tablet,Debit Card,Social Media,9,4,4,5,1,0
C00006,UAE,34,Male,Platinum,4/17/2024,20,1639.15,79.99,4,Office Supplies,Tablet,UPI / Digital Wallet,Organic Search,3,4.3,2,7,1,0
C00007,Canada,25,Male,Silver,9/3/2025,5,200.79,44.67,108,Clothing & Apparel,Desktop,UPI / Digital Wallet,Email Campaign,1,3.9,0,7,1,0
C00008,Singapore,33,Female,Silver,8/9/2025,32,947.14,33.12,122,Sports & Outdoors,Mobile,PayPal,Referral,3,4.5,4,0,0,0
C00009,United States,47,Male,Free,3/18/2026,49,4320.4,88.62,4,Clothing & Apparel,Mobile,Credit Card,Organic Search,16,3.9,4,4,1,0
C00010,United States,18,Male,Free,9/16/2025,4,111.38,24.98,82,Beauty & Personal Care,Mobile,Credit Card,Social Media,1,3.7,0,4,1,0
C00011,United States,64,Female,Silver,10/21/2025,27,253.72,9.18,54,Home & Kitchen,Mobile,UPI / Digital Wallet,Organic Search,10,4.3,3,1,1,0
C00012,United Kingdom,40,Other,Free,11/18/2022,7,941.66,155.85,24,Books,Mobile,Debit Card,Paid Ad,1,4.9,0,12,0,0
C00013,United Kingdom,42,Male,Platinum,1/31/2026,8,342.45,45.35,58,Electronics,Mobile,Debit Card,Direct,2,4.4,0,0,1,0
C00014,Netherlands,40,Female,Silver,8/25/2025,31,3404.13,107.74,9,Beauty & Personal Care,Mobile,Credit Card,Email Campaign,3,4.8,0,0,1,0
C00015,Brazil,52,Male,Silver,12/1/2022,18,2901.68,144.49,40,Health & Wellness,Mobile,Bank Transfer,Organic Search,1,4.2,0,0,1,0
C00016,United States,33,Male,Free,11/24/2024,11,327.64,27.92,36,Health & Wellness,Mobile,Debit Card,Organic Search,2,4.1,0,11,1,0
C00017,United States,29,Female,Free,5/25/2023,11,733.7,72.22,32,Travel & Luggage,Desktop,UPI / Digital Wallet,Email Campaign,1,4.6,1,4,0,0
C00018,France,36,Male,Gold,12/1/2021,48,2040.03,41.18,93,Office Supplies,Desktop,Credit Card,Organic Search,6,4.6,0,8,1,0
C00019,United States,34,Male,Gold,4/3/2021,2,142.28,76.73,0,Home & Kitchen,Mobile,Debit Card,Paid Ad,0,4.3,0,3,1,0
C00020,Singapore,18,Male,Free,5/20/2016,33,3655.72,96.96,1,Beauty & Personal Care,Desktop,UPI / Digital Wallet,Social Media,3,4.6,2,8,1,1
C00021,United Kingdom,29,Male,Free,7/30/2025,8,176.93,23.77,92,Clothing & Apparel,Desktop,Bank Transfer,Email Campaign,2,4.7,0,1,1,0
C00022,Mexico,22,Female,Free,8/16/2024,48,833.16,20.02,24,Travel & Luggage,Desktop,PayPal,Paid Ad,14,3.9,6,8,0,0
C00023,United Kingdom,47,Female,Platinum,1/21/2025,43,4004.31,102.24,2,Food & Grocery,Desktop,Debit Card,Paid Ad,11,4.1,3,2,1,0
C00024,Japan,47,Male,Platinum,11/8/2024,5,954.36,166.04,45,Electronics,Mobile,PayPal,Social Media,0,4.2,0,1,1,0
C00025,United States,37,Female,Free,7/4/2024,14,1298.41,81.8,50,Electronics,Desktop,Credit Card,Email Campaign,4,4.6,0,3,0,0
C00026,Brazil,50,Female,Free,2/16/2023,16,677.67,40.03,36,Clothing & Apparel,Mobile,Credit Card,Direct,4,4.4,0,12,0,1
C00027,India,30,Male,Free,1/22/2026,5,417.42,97.94,2,Beauty & Personal Care,Desktop,PayPal,Organic Search,1,4.7,0,2,1,0
C00028,Japan,37,Female,Free,12/20/2025,1,126.93,130.83,28,Sports & Outdoors,Mobile,UPI / Digital Wallet,Organic Search,0,4.2,0,2,1,0
C00029,France,18,Female,Gold,1/11/2022,13,981.01,70.6,31,Electronics,Mobile,Credit Card,Email Campaign,4,3.7,0,0,1,0
C00030,Netherlands,40,Male,Silver,8/1/2024,12,4801.36,355.76,22,Books,Mobile,Credit Card,Social Media,2,4.8,0,5,1,0
C00031,Canada,33,Male,Free,10/23/2023,2,132.01,57.84,39,Home & Kitchen,Desktop,Credit Card,Email Campaign,0,3.6,0,4,1,0
C00032,United States,18,Female,Silver,12/8/2023,11,1431.44,129.02,26,Jewelry & Accessories,Tablet,PayPal,Organic Search,1,4.3,0,4,1,0
C00033,United Kingdom,38,Female,Free,4/11/2025,2,170.56,76.22,141,Electronics,Mobile,Credit Card,Social Media,0,3.7,0,3,1,0
C00034,Canada,36,Male,Silver,7/18/2025,10,428.48,40.62,21,Clothing & Apparel,Desktop,UPI / Digital Wallet,Social Media,2,4.6,1,1,1,0
C00035,United States,34,Female,Silver,9/17/2023,15,477.75,31.33,90,Toys & Games,Desktop,PayPal,Email Campaign,2,3.4,1,14,1,0
C00036,Brazil,24,Male,Silver,3/2/2026,5,698.38,123.63,54,Home & Kitchen,Mobile,Credit Card,Social Media,1,3.8,0,6,0,0
C00037,India,48,Male,Platinum,12/15/2024,8,1005.04,146.36,4,Beauty & Personal Care,Desktop,Debit Card,Email Campaign,1,4.5,0,18,1,0
C00038,United States,34,Male,Free,2/28/2026,22,1107.07,58.01,79,Beauty & Personal Care,Mobile,PayPal,Social Media,8,4.7,2,1,0,0
C00039,Canada,55,Male,Free,10/4/2025,16,2269.28,124.82,23,Clothing & Apparel,Mobile,Credit Card,Direct,5,4.6,2,4,1,0
C00040,India,32,Male,Free,8/15/2025,28,2841.93,113.93,121,Home & Kitchen,Tablet,PayPal,Paid Ad,5,4.7,2,8,0,0
C00041,Brazil,41,Female,Free,3/4/2025,25,1245.31,50.63,105,Clothing & Apparel,Desktop,Credit Card,Social Media,7,4.9,2,17,1,0
C00042,India,40,Female,Free,4/26/2022,4,253.36,74.17,32,Jewelry & Accessories,Mobile,Credit Card,Social Media,0,3.7,0,6,1,0
C00043,United Kingdom,32,Female,Free,6/15/2025,2,283.73,126.66,8,Sports & Outdoors,Mobile,Bank Transfer,Email Campaign,0,2.8,0,0,0,0
C00044,United States,56,Male,Free,3/23/2025,18,1184.28,57.63,154,Food & Grocery,Desktop,PayPal,Social Media,2,2.8,0,1,0,0
C00045,South Korea,25,Female,Free,5/23/2024,25,4860.47,202.18,24,Home & Kitchen,Mobile,Credit Card,Social Media,9,4.4,1,3,1,0
C00046,Japan,53,Female,Platinum,8/3/2022,1,414.12,472.59,63,Books,Desktop,Debit Card,Email Campaign,0,4.5,0,6,0,0
C00047,United States,36,Female,Silver,1/30/2024,60,3223.01,62.09,85,Books,Mobile,Cryptocurrency,Email Campaign,23,3.2,1,3,1,0
C00048,Netherlands,48,Female,Free,12/10/2019,14,4159.74,287.88,25,Home & Kitchen,Mobile,Credit Card,Paid Ad,0,3.5,1,9,1,0
C00049,Canada,32,Male,Free,1/27/2025,44,2982.35,76.35,50,Electronics,Mobile,Credit Card,Direct,5,4.4,4,10,1,0
C00050,Canada,46,Male,Free,6/30/2022,47,1253.78,25.41,56,Electronics,Desktop,PayPal,Social Media,17,4.6,6,2,1,0
C00051,United Kingdom,18,Male,Free,8/30/2024,12,3850.34,334.98,210,Travel & Luggage,Tablet,Debit Card,Social Media,1,3.2,0,4,0,1
C00052,Germany,20,Male,Silver,4/30/2025,15,1060.97,81.51,4,Food & Grocery,Desktop,Credit Card,Paid Ad,2,3.5,0,0,1,0
C00053,Brazil,24,Female,Free,12/4/2021,21,5401.99,224.1,73,Pet Supplies,Desktop,Credit Card,Organic Search,5,3.6,1,2,1,0
C00054,Japan,24,Female,Gold,2/25/2026,14,3678.83,308.69,409,Books,Mobile,Credit Card,Direct,3,3.9,1,5,1,0
C00055,Mexico,18,Female,Free,3/18/2022,9,983.09,124.07,46,Beauty & Personal Care,Mobile,Credit Card,Paid Ad,1,4.3,0,8,1,0
C00056,Germany,27,Male,Free,5/22/2025,22,1571.63,72.69,40,Electronics,Tablet,Debit Card,Email Campaign,5,4.7,0,8,1,0
C00057,United States,43,Female,Free,10/24/2024,6,393.57,59.43,4,Books,Mobile,Debit Card,Email Campaign,0,4.4,0,0,0,0
C00058,Poland,57,Male,Silver,1/14/2026,11,1893.43,161.39,18,Clothing & Apparel,Mobile,Buy Now Pay Later,Email Campaign,3,4.7,1,12,1,0
C00059,United States,42,Male,Free,3/21/2026,58,39377.86,746.33,78,Books,Mobile,Credit Card,Direct,11,4.6,2,2,0,1
C00060,Australia,28,Male,Free,2/14/2025,13,547.19,49.39,111,Home & Kitchen,Mobile,PayPal,Email Campaign,4,4.8,1,8,1,0
C00061,Germany,38,Female,Free,11/29/2025,6,273.95,44.32,42,Electronics,Mobile,Credit Card,Social Media,2,4.6,0,6,0,0
C00062,Germany,37,Male,Gold,2/3/2026,3,159.85,58.76,0,Books,Mobile,Credit Card,Organic Search,0,3.6,0,6,1,0
C00063,India,29,Male,Free,3/17/2026,17,1260.84,70.83,5,Food & Grocery,Tablet,Credit Card,Organic Search,5,3.5,2,5,1,0
C00064,United States,54,Male,Free,3/17/2023,17,805.2,41.56,201,Health & Wellness,Mobile,Bank Transfer,Email Campaign,5,4.9,1,9,0,0
C00065,Brazil,32,Male,Free,3/10/2025,7,247.71,33.51,66,Electronics,Desktop,Credit Card,Paid Ad,2,4.4,1,10,1,0
C00066,United Kingdom,48,Male,Silver,3/5/2026,2,77.86,39.67,3,Sports & Outdoors,Mobile,PayPal,Organic Search,0,4.2,0,4,1,0
C00067,United States,43,Female,Silver,8/18/2025,1,115.9,134.77,3,Office Supplies,Desktop,Buy Now Pay Later,Email Campaign,0,4.3,0,2,1,1
C00068,Germany,26,Male,Silver,10/21/2025,2,130.28,59.17,143,Books,Mobile,Credit Card,Email Campaign,0,4.3,0,0,0,0
C00069,Poland,24,Male,Gold,1/3/2025,31,1488.43,53.41,106,Books,Mobile,Credit Card,Social Media,6,4.6,1,2,1,0
C00070,United States,54,Male,Silver,11/22/2024,8,320,43.06,22,Pet Supplies,Mobile,UPI / Digital Wallet,Email Campaign,1,3.5,0,7,0,0
C00071,United States,18,Male,Free,11/29/2024,10,457.24,45.18,22,Clothing & Apparel,Mobile,Credit Card,Paid Ad,3,4.7,0,0,1,0
C00072,Singapore,32,Female,Free,5/25/2025,19,213.44,11.05,2,Food & Grocery,Mobile,PayPal,Organic Search,5,4.4,2,8,0,0
C00073,India,28,Female,Free,9/10/2024,51,9464.37,189.45,134,Clothing & Apparel,Mobile,Buy Now Pay Later,Direct,15,4.1,0,0,1,1
C00074,UAE,24,Female,Silver,3/19/2026,40,5413.15,137.48,13,Food & Grocery,Desktop,UPI / Digital Wallet,Paid Ad,5,4,5,0,0,0
C00075,South Africa,30,Female,Free,2/4/2024,6,240.98,42.7,40,Automotive,Mobile,Credit Card,Email Campaign,1,4.5,0,0,0,0
C00076,India,18,Male,Free,4/4/2023,14,1342.04,83.44,77,Clothing & Apparel,Mobile,Debit Card,Paid Ad,4,4.5,0,3,0,0
C00077,India,38,Male,Free,11/23/2022,12,5661.94,453.76,40,Electronics,Desktop,Debit Card,Referral,3,3.6,1,6,0,0
C00078,Australia,30,Female,Free,2/14/2026,66,5642.19,100.38,127,Pet Supplies,Mobile,PayPal,Paid Ad,9,3.9,3,5,1,0
C00079,Japan,27,Male,Platinum,12/27/2025,19,4010.12,211.07,20,Home & Kitchen,Tablet,Debit Card,Social Media,4,2.6,1,0,1,0
C00080,Germany,43,Female,Gold,2/28/2021,28,2007.54,77.85,46,Toys & Games,Desktop,Credit Card,Paid Ad,5,4.5,1,4,1,0
C00081,United States,37,Female,Free,2/5/2022,12,3227.66,253.99,96,Beauty & Personal Care,Mobile,Credit Card,Social Media,2,3.6,1,1,1,1
C00082,Singapore,25,Male,Free,2/8/2025,8,1928.78,235.38,99,Sports & Outdoors,Mobile,Buy Now Pay Later,Email Campaign,0,4.4,0,2,0,0
C00083,Canada,56,Female,Silver,11/11/2022,11,1318.05,140.18,27,Clothing & Apparel,Desktop,PayPal,Direct,3,3.4,0,0,1,0
C00084,Brazil,30,Other,Free,10/4/2025,29,4289.42,130.78,143,Beauty & Personal Care,Tablet,Debit Card,Paid Ad,11,4.6,1,21,0,0
C00085,United States,33,Male,Free,5/11/2025,62,4792.34,68.26,16,Sports & Outdoors,Desktop,Debit Card,Paid Ad,16,4.5,4,2,1,0
C00086,Netherlands,18,Female,Silver,3/17/2026,12,164.64,14.44,8,Pet Supplies,Mobile,Credit Card,Paid Ad,3,4.5,0,2,0,0
C00087,Poland,29,Male,Gold,5/4/2025,17,4449.34,242.01,45,Electronics,Mobile,PayPal,Organic Search,2,4.1,1,11,1,0
C00088,France,50,Male,Free,5/18/2025,4,173.32,39.55,143,Clothing & Apparel,Tablet,Debit Card,Referral,0,4.9,0,1,1,0
C00089,United Kingdom,39,Male,Silver,12/29/2024,31,1453.35,52.71,15,Clothing & Apparel,Tablet,Debit Card,Paid Ad,9,4.1,3,2,1,0
C00090,United States,32,Male,Free,12/7/2024,15,2869.73,182.89,83,Home & Kitchen,Mobile,Credit Card,Email Campaign,3,4,0,3,1,0
C00091,Singapore,24,Male,Free,12/1/2024,35,3731.26,95.32,39,Travel & Luggage,Desktop,UPI / Digital Wallet,Organic Search,7,4.7,0,0,1,0
C00092,India,28,Male,Free,1/26/2026,15,696.36,51.69,12,Beauty & Personal Care,Tablet,Credit Card,Organic Search,0,4.4,1,3,1,0
C00093,Singapore,36,Male,Free,7/4/2024,2,82.39,44.47,31,Travel & Luggage,Tablet,Credit Card,Paid Ad,0,4.2,0,1,0,0
C00094,United States,49,Male,Free,5/15/2016,39,2717.38,66.79,45,Food & Grocery,Desktop,Credit Card,Email Campaign,12,3.7,0,9,0,0
C00095,United Kingdom,24,Male,Silver,9/1/2022,42,1637.41,43.67,17,Beauty & Personal Care,Mobile,Credit Card,Social Media,3,3.9,4,0,0,0
C00096,United States,35,Male,Gold,4/14/2025,7,1676.89,254.5,15,Electronics,Desktop,Credit Card,Organic Search,0,2.9,0,4,1,0
C00097,Turkey,20,Male,Gold,3/1/2026,2,460.3,204.38,13,Travel & Luggage,Mobile,Credit Card,Organic Search,0,3.6,0,0,1,0
C00098,Brazil,43,Female,Free,11/25/2025,36,1705.52,54,44,Home & Kitchen,Mobile,PayPal,Paid Ad,4,4.9,1,0,0,0
C00099,Germany,56,Female,Free,8/26/2025,13,1370.45,98.24,38,Electronics,Desktop,Credit Card,Direct,3,4.5,0,0,0,0
C00100,Japan,51,Male,Free,12/7/2025,8,1012.16,123.13,19,Electronics,Desktop,UPI / Digital Wallet,Organic Search,1,3.8,0,2,0,0
C00101,France,36,Male,Free,3/19/2026,7,816.53,116.86,111,Electronics,Desktop,Buy Now Pay Later,Email Campaign,2,4.9,0,0,0,0
C00102,Japan,50,Male,Free,11/29/2024,41,3856.68,83.13,189,Home & Kitchen,Mobile,PayPal,Organic Search,15,4.5,0,10,1,1
C00103,France,42,Female,Free,3/7/2026,1,37.52,42,20,Jewelry & Accessories,Desktop,PayPal,Direct,0,4,0,0,0,0
C00104,India,37,Male,Free,9/1/2025,12,2786.04,215.38,29,Books,Desktop,UPI / Digital Wallet,Organic Search,2,4.5,0,0,1,0
C00105,United States,33,Male,Gold,1/28/2026,12,929,86.72,10,Electronics,Mobile,Credit Card,Social Media,1,4.8,0,3,0,0
C00106,United Kingdom,39,Other,Platinum,2/25/2024,14,811.73,52.5,54,Food & Grocery,Mobile,Credit Card,Organic Search,5,4.7,0,1,0,0
C00107,India,55,Male,Free,3/4/2026,9,186.65,18.4,31,Automotive,Desktop,UPI / Digital Wallet,Paid Ad,0,4,0,4,0,0
C00108,Canada,40,Male,Silver,9/16/2025,15,373.47,24.3,76,Health & Wellness,Desktop,Debit Card,Organic Search,0,3.9,2,8,1,0
C00109,United States,37,Female,Free,3/20/2026,33,1300.52,40.86,81,Electronics,Mobile,PayPal,Organic Search,12,3.1,3,6,0,0
C00110,South Africa,43,Female,Free,3/29/2024,27,1460.98,49.89,18,Electronics,Desktop,Credit Card,Paid Ad,2,4.9,3,1,0,0
C00111,Germany,29,Female,Gold,12/31/2025,37,4169.45,105.3,15,Clothing & Apparel,Mobile,PayPal,Referral,9,4.3,3,11,1,0
C00112,Netherlands,45,Male,Platinum,3/10/2026,16,2326.85,131.74,30,Sports & Outdoors,Mobile,Credit Card,Email Campaign,4,4.1,0,0,0,0
C00113,France,34,Male,Free,8/17/2024,10,577.28,65.66,15,Food & Grocery,Mobile,UPI / Digital Wallet,Organic Search,2,3.5,1,14,1,0
C00114,United States,62,Female,Silver,10/21/2023,16,1890.39,119.69,23,Electronics,Desktop,PayPal,Referral,1,3.8,0,5,0,0
C00115,Spain,25,Female,Free,3/3/2025,6,258.09,42.09,12,Beauty & Personal Care,Tablet,Bank Transfer,Email Campaign,0,4.6,0,3,1,0
C00116,Canada,25,Male,Free,7/14/2022,14,2846.68,195.4,39,Beauty & Personal Care,Mobile,Debit Card,Referral,4,3.8,1,25,0,0
C00117,Japan,44,Female,Free,5/20/2019,42,6455.78,178.6,102,Clothing & Apparel,Mobile,Credit Card,Paid Ad,7,4.7,2,2,0,0
C00118,Germany,56,Female,Free,1/19/2024,17,2601.22,146,13,Travel & Luggage,Mobile,Debit Card,Email Campaign,2,3.2,0,5,1,0
C00119,India,28,Male,Silver,9/28/2023,11,869.11,76.28,25,Beauty & Personal Care,Mobile,PayPal,Email Campaign,3,4.6,0,4,1,0
C00120,Germany,33,Male,Free,3/6/2024,50,2032.31,44.28,40,Health & Wellness,Tablet,UPI / Digital Wallet,Social Media,10,3.6,6,3,0,0
C00121,Italy,45,Other,Gold,1/23/2022,10,382.25,36.1,29,Food & Grocery,Desktop,UPI / Digital Wallet,Social Media,1,4.5,0,4,1,0
C00122,India,38,Female,Free,11/1/2024,15,1875.16,130.03,2,Electronics,Mobile,Credit Card,Paid Ad,2,4,1,4,1,0
C00123,Mexico,32,Male,Silver,10/8/2021,8,721.89,85.14,51,Food & Grocery,Desktop,Credit Card,Social Media,1,4.5,0,12,1,0
C00124,United Kingdom,48,Male,Free,11/8/2025,30,3159.53,122.96,35,Health & Wellness,Mobile,Credit Card,Referral,10,3.6,2,6,1,1
C00125,United States,27,Male,Silver,5/12/2024,43,5669.89,115.18,29,Toys & Games,Desktop,Credit Card,Social Media,11,4.1,3,7,1,0
C00126,Brazil,34,Male,Gold,3/9/2025,76,8822.63,123.64,63,Books,Mobile,Debit Card,Email Campaign,13,3.8,5,2,0,0
C00127,United Kingdom,37,Female,Free,8/27/2024,4,520.09,130.07,8,Sports & Outdoors,Tablet,Bank Transfer,Organic Search,0,4.1,0,5,1,0
C00128,United States,74,Male,Silver,1/7/2022,11,483.87,38.74,5,Electronics,Desktop,UPI / Digital Wallet,Paid Ad,1,4.7,1,1,1,0
C00129,Germany,26,Female,Free,12/17/2025,39,694.63,16.91,41,Toys & Games,Mobile,Debit Card,Paid Ad,4,4.6,2,3,0,0
C00130,Brazil,26,Male,Free,1/1/2026,10,678.54,76.44,28,Electronics,Mobile,Credit Card,Direct,1,3.7,0,6,0,0
C00131,United States,44,Male,Free,7/5/2021,12,1427.33,116.66,63,Home & Kitchen,Mobile,Debit Card,Social Media,2,4.5,1,5,1,1
C00132,South Africa,36,Male,Free,9/18/2025,2,38.33,19.8,15,Electronics,Tablet,Debit Card,Organic Search,0,4.5,0,6,1,1
C00133,United Kingdom,28,Female,Platinum,4/10/2023,6,345.7,59.37,34,Home & Kitchen,Tablet,Buy Now Pay Later,Social Media,0,4,0,3,1,0
C00134,Spain,35,Male,Free,9/28/2024,1,54.57,60.2,62,Sports & Outdoors,Mobile,Buy Now Pay Later,Organic Search,0,4.7,0,4,1,0
C00135,Canada,44,Male,Gold,8/22/2024,16,527.49,38.37,74,Electronics,Mobile,Credit Card,Organic Search,5,4.2,2,1,0,0
C00136,Australia,49,Male,Silver,4/2/2025,21,617.56,34.42,221,Home & Kitchen,Mobile,Credit Card,Direct,6,4.1,2,0,1,1
C00137,United States,47,Female,Free,5/23/2025,18,1108.79,68.25,18,Food & Grocery,Desktop,Credit Card,Direct,3,4.4,0,7,1,1
C00138,United States,18,Female,Gold,9/20/2024,6,930.46,161.77,16,Sports & Outdoors,Tablet,Debit Card,Social Media,1,4.1,0,6,1,0
C00139,Canada,32,Male,Free,9/16/2023,11,949,85.31,36,Electronics,Mobile,Credit Card,Organic Search,1,3.3,0,6,1,0
C00140,United States,32,Male,Free,4/30/2022,14,1381.13,107.62,168,Books,Mobile,UPI / Digital Wallet,Email Campaign,3,3.7,1,10,1,0
C00141,Canada,51,Male,Free,7/7/2025,37,3673.39,92.14,40,Electronics,Desktop,Credit Card,Social Media,3,4.2,1,3,1,0
C00142,United Kingdom,37,Male,Silver,11/29/2025,17,3393.8,184.11,1,Clothing & Apparel,Desktop,Credit Card,Email Campaign,5,4.9,2,3,0,0
C00143,Germany,44,Male,Free,6/4/2023,2,209.56,112.16,16,Health & Wellness,Desktop,PayPal,Direct,0,3.9,0,5,1,1
C00144,United States,18,Female,Platinum,3/6/2025,5,644.63,133.94,71,Food & Grocery,Desktop,Debit Card,Email Campaign,1,4.3,0,5,0,0
C00145,France,29,Male,Free,12/18/2023,10,150.86,13.95,19,Pet Supplies,Tablet,Credit Card,Organic Search,0,4.5,0,1,1,0
C00146,United States,43,Female,Free,9/24/2025,10,1210.93,116.81,1,Clothing & Apparel,Desktop,Credit Card,Organic Search,3,3.8,1,4,1,0
C00147,United States,42,Female,Silver,4/28/2021,35,13804.4,460.3,86,Books,Desktop,PayPal,Organic Search,8,4.2,4,7,0,0
C00148,South Korea,18,Female,Free,9/25/2024,7,802.58,133.93,27,Health & Wellness,Mobile,Debit Card,Direct,1,4.2,0,4,0,0
C00149,Germany,28,Female,Free,11/7/2022,13,404.06,34.73,153,Books,Mobile,PayPal,Email Campaign,2,4,0,1,1,0
C00150,Brazil,44,Female,Free,3/8/2026,4,230.79,55.77,10,Electronics,Mobile,Credit Card,Paid Ad,0,3.4,0,4,0,0
C00151,South Korea,31,Female,Silver,9/29/2024,15,2047.93,132.81,17,Clothing & Apparel,Mobile,PayPal,Paid Ad,3,3.4,1,8,1,0
C00152,United States,18,Male,Free,5/10/2024,9,433.21,50.59,41,Travel & Luggage,Desktop,Debit Card,Direct,2,4.5,0,4,1,0
C00153,United States,36,Male,Free,9/26/2020,28,3688.72,141.12,148,Food & Grocery,Mobile,Bank Transfer,Paid Ad,7,4.7,1,1,1,0
C00154,United States,34,Male,Free,2/10/2023,24,1943.13,92.81,23,Jewelry & Accessories,Desktop,Debit Card,Email Campaign,5,4.2,3,14,1,0
C00155,Germany,40,Male,Free,4/22/2022,5,489.49,101.33,44,Electronics,Mobile,PayPal,Paid Ad,1,3.8,0,7,0,0
C00156,United Kingdom,18,Male,Free,1/6/2023,1,100.16,114.47,39,Electronics,Desktop,Debit Card,Paid Ad,0,4.1,0,10,0,0
C00157,France,24,Male,Gold,2/21/2026,34,5805.03,151.44,53,Beauty & Personal Care,Mobile,Buy Now Pay Later,Direct,4,4.2,1,18,0,0
C00158,Italy,19,Male,Gold,7/11/2025,21,844,41.36,14,Home & Kitchen,Tablet,Debit Card,Paid Ad,2,3.7,1,3,1,0
C00159,United Kingdom,21,Female,Silver,8/6/2024,9,390.17,43.47,213,Home & Kitchen,Desktop,Credit Card,Social Media,0,3.4,0,2,1,0
C00160,United Kingdom,39,Female,Free,9/16/2025,10,478.08,43.87,41,Clothing & Apparel,Desktop,UPI / Digital Wallet,Paid Ad,1,3,0,10,0,0
C00161,Sweden,61,Male,Free,3/11/2021,11,275.08,25.76,57,Beauty & Personal Care,Tablet,PayPal,Social Media,2,4.2,1,20,1,0
C00162,United Kingdom,28,Male,Gold,9/19/2025,2,255.61,121.1,4,Automotive,Tablet,Credit Card,Email Campaign,0,3.5,0,7,0,0
C00163,United States,40,Male,Free,3/21/2021,10,738.93,85.91,246,Sports & Outdoors,Desktop,UPI / Digital Wallet,Email Campaign,1,4.3,1,1,0,1
C00164,India,27,Male,Gold,1/13/2026,1,100.78,107.08,26,Beauty & Personal Care,Mobile,Credit Card,Organic Search,0,4.4,0,4,0,0
C00165,Japan,29,Female,Silver,7/31/2022,43,5624.95,129.84,29,Electronics,Mobile,Credit Card,Organic Search,13,4.2,0,0,1,0
C00166,India,53,Female,Gold,9/27/2025,8,1094.93,138.82,38,Electronics,Desktop,Credit Card,Organic Search,3,4.3,0,9,0,0
C00167,India,38,Female,Silver,8/29/2025,7,270.65,38.8,37,Electronics,Mobile,Bank Transfer,Organic Search,0,4.3,0,2,1,0
C00168,India,26,Female,Free,1/12/2025,46,6452.08,148.8,26,Electronics,Mobile,Buy Now Pay Later,Organic Search,10,4,6,1,1,0
C00169,India,34,Male,Free,6/11/2024,7,220.7,27.63,47,Electronics,Tablet,Credit Card,Email Campaign,2,4.6,0,0,1,0
C00170,India,41,Male,Silver,5/24/2023,19,1523.22,90.82,120,Beauty & Personal Care,Mobile,Credit Card,Paid Ad,7,4.7,1,4,1,0
C00171,Brazil,28,Other,Gold,10/12/2025,8,553.75,78.75,105,Health & Wellness,Tablet,Debit Card,Email Campaign,2,3.9,0,3,1,0
C00172,United States,36,Female,Silver,1/26/2025,5,265.62,57.22,100,Jewelry & Accessories,Desktop,Credit Card,Social Media,0,3.9,0,2,1,0
C00173,Germany,46,Male,Free,4/21/2023,64,14180.27,200.53,30,Food & Grocery,Mobile,Debit Card,Email Campaign,11,2.4,3,8,1,0
C00174,United States,36,Male,Free,5/23/2025,34,2196.64,65.86,21,Clothing & Apparel,Tablet,Buy Now Pay Later,Paid Ad,12,4.1,2,6,1,0
C00175,United States,43,Male,Free,10/7/2022,10,2638.55,254.6,52,Clothing & Apparel,Mobile,PayPal,Paid Ad,1,4.6,0,6,1,0
C00176,United States,31,Female,Silver,4/22/2023,1,29.63,30.28,94,Food & Grocery,Mobile,Credit Card,Referral,0,3.3,0,7,0,0
C00177,United Kingdom,24,Female,Free,4/18/2023,17,1671.8,99.61,90,Electronics,Desktop,Credit Card,Referral,5,4.7,1,5,1,0
C00178,Australia,34,Male,Free,3/1/2026,25,2617.39,103.34,27,Books,Desktop,Credit Card,Social Media,1,4.6,1,6,0,0
C00179,France,56,Male,Free,5/29/2025,2,152.47,77.95,79,Pet Supplies,Tablet,UPI / Digital Wallet,Social Media,0,3.9,0,0,1,1
C00180,Poland,42,Female,Free,7/16/2023,38,3138.46,76.33,9,Home & Kitchen,Tablet,Debit Card,Social Media,10,4.4,0,4,0,0
C00181,Germany,18,Male,Free,9/19/2024,3,277.53,102.6,60,Electronics,Mobile,Debit Card,Paid Ad,0,4.1,0,5,1,0
C00182,United Kingdom,43,Male,Silver,2/16/2025,25,3509.04,139.41,7,Toys & Games,Desktop,PayPal,Email Campaign,5,4.8,0,2,0,0
C00183,United States,42,Female,Free,4/10/2025,35,1060.74,34.97,97,Clothing & Apparel,Desktop,Credit Card,Direct,6,3.1,4,1,1,0
C00184,Germany,28,Female,Gold,8/21/2024,7,271.61,35.91,25,Clothing & Apparel,Mobile,UPI / Digital Wallet,Social Media,1,3.9,0,4,1,0
C00185,Australia,35,Male,Free,1/4/2026,11,5311.5,440.49,16,Books,Mobile,Credit Card,Organic Search,1,4.4,1,3,0,0
C00186,India,39,Female,Gold,10/16/2023,10,579.12,66.78,5,Office Supplies,Mobile,Bank Transfer,Paid Ad,3,4.5,0,5,0,0
C00187,United Kingdom,27,Female,Free,10/20/2024,3,71.59,25.25,1,Health & Wellness,Tablet,Credit Card,Social Media,1,4.7,0,0,1,0
C00188,Japan,47,Male,Free,6/10/2025,3,809.76,270.54,158,Beauty & Personal Care,Mobile,Credit Card,Paid Ad,0,4.6,0,6,1,0
C00189,United States,23,Male,Platinum,2/22/2026,39,7181.8,166.66,41,Toys & Games,Tablet,Credit Card,Direct,14,4.6,3,0,0,0
C00190,Australia,22,Female,Free,3/8/2026,12,664.36,52.67,27,Sports & Outdoors,Mobile,Credit Card,Organic Search,2,4,1,15,0,0
C00191,United States,54,Female,Free,11/25/2019,2,90.42,46.21,43,Home & Kitchen,Tablet,Credit Card,Organic Search,0,4.7,0,0,1,1
C00192,United States,24,Female,Free,2/25/2026,9,1199.02,132.24,119,Electronics,Mobile,PayPal,Paid Ad,2,2.9,0,0,0,0
C00193,Singapore,29,Male,Free,11/2/2024,41,1195.85,26.96,10,Electronics,Desktop,UPI / Digital Wallet,Social Media,4,3.2,0,9,0,0
C00194,India,22,Female,Platinum,12/7/2024,10,583.65,52.75,1,Clothing & Apparel,Tablet,Debit Card,Organic Search,0,4.4,0,6,1,0
C00195,United States,42,Female,Free,12/20/2025,10,1851.84,197.86,78,Home & Kitchen,Desktop,Credit Card,Email Campaign,1,4.6,0,8,1,0
C00196,South Africa,53,Female,Free,7/7/2025,36,1555.99,44.68,2,Health & Wellness,Mobile,Credit Card,Email Campaign,6,4.2,0,7,0,0
C00197,Poland,49,Female,Free,5/14/2025,16,1250.27,74.79,173,Clothing & Apparel,Mobile,Buy Now Pay Later,Social Media,6,4.4,0,0,1,0
C00198,United States,36,Male,Free,12/13/2020,18,821.87,53.02,71,Clothing & Apparel,Desktop,Bank Transfer,Organic Search,1,4.4,0,2,0,0
C00199,Singapore,54,Male,Gold,7/11/2023,6,482.86,85.91,8,Health & Wellness,Mobile,UPI / Digital Wallet,Organic Search,0,3.6,0,4,1,0
C00200,United States,33,Female,Gold,10/8/2022,6,472.98,70.68,17,Electronics,Mobile,Bank Transfer,Social Media,1,3.6,0,2,1,1
C00201,Germany,50,Female,Free,3/4/2024,2,340.2,148.39,13,Electronics,Desktop,PayPal,Organic Search,0,4.3,0,1,1,0
C00202,United States,50,Female,Silver,2/28/2025,6,132.21,20.18,18,Clothing & Apparel,Mobile,Credit Card,Organic Search,1,4.7,0,5,1,0
C00203,Australia,25,Female,Silver,1/6/2025,42,1790.06,38.95,44,Home & Kitchen,Tablet,Credit Card,Paid Ad,9,3.6,4,1,1,0
C00204,Netherlands,18,Female,Free,11/6/2020,5,876.47,169.9,56,Electronics,Mobile,Credit Card,Direct,0,4.4,0,11,0,0
C00205,United Kingdom,18,Female,Free,6/5/2023,14,1595.82,119.99,48,Home & Kitchen,Mobile,Credit Card,Organic Search,1,4.4,0,3,1,0
C00206,Netherlands,43,Male,Free,9/21/2021,1,131.82,145.54,53,Sports & Outdoors,Desktop,PayPal,Email Campaign,0,4.5,0,3,0,0
C00207,South Korea,28,Female,Free,1/7/2022,1,120.91,121.88,18,Clothing & Apparel,Desktop,Bank Transfer,Organic Search,0,4.7,0,12,1,0
C00208,United States,35,Male,Free,12/11/2025,28,1602.94,62.12,1,Beauty & Personal Care,Desktop,PayPal,Organic Search,8,4.5,2,4,0,0
C00209,Brazil,38,Female,Free,1/3/2026,16,838.18,50.36,22,Home & Kitchen,Tablet,Bank Transfer,Email Campaign,4,3.5,1,6,1,0
C00210,France,18,Female,Free,9/4/2024,20,3006,141,2,Electronics,Mobile,Credit Card,Social Media,3,4.2,0,1,1,0
C00211,Brazil,18,Female,Free,3/19/2025,11,839.31,71.5,5,Books,Desktop,Bank Transfer,Organic Search,2,3,0,8,0,0
C00212,Sweden,41,Male,Free,10/12/2024,44,3038.01,68.44,37,Clothing & Apparel,Mobile,Credit Card,Email Campaign,17,4.3,1,10,1,0
C00213,United States,36,Female,Gold,2/3/2024,36,4167.29,105.58,8,Clothing & Apparel,Mobile,Credit Card,Direct,1,4.1,4,0,1,0
C00214,United States,18,Female,Free,10/31/2024,12,72.39,5.81,32,Clothing & Apparel,Desktop,Credit Card,Referral,3,4.8,1,1,1,0
C00215,United States,42,Male,Free,12/3/2024,22,3447.09,183.15,70,Clothing & Apparel,Mobile,Debit Card,Direct,1,4.6,1,4,1,0
C00216,Canada,35,Female,Platinum,7/21/2025,7,214.64,28.1,208,Health & Wellness,Mobile,Credit Card,Social Media,0,3.2,0,26,0,1
C00217,Netherlands,55,Female,Free,4/24/2023,4,103.63,23.19,128,Books,Desktop,Credit Card,Email Campaign,1,4.2,0,3,1,0
C00218,United Kingdom,23,Female,Silver,3/2/2026,11,533.99,44.22,86,Pet Supplies,Mobile,Credit Card,Social Media,1,4.5,0,2,1,0
C00219,France,55,Male,Free,3/19/2026,13,915.77,66.75,79,Electronics,Mobile,PayPal,Social Media,1,3.8,1,4,1,0
C00220,Mexico,48,Female,Free,12/7/2024,2,150.69,80.28,39,Office Supplies,Desktop,Credit Card,Email Campaign,0,3.3,0,10,0,1
C00221,Italy,53,Male,Gold,2/19/2026,2,485.8,277.24,184,Sports & Outdoors,Tablet,Debit Card,Social Media,0,3,0,0,1,1
C00222,United States,60,Female,Platinum,3/11/2023,7,208.68,30.29,28,Food & Grocery,Mobile,Debit Card,Organic Search,2,4.1,0,9,1,0
C00223,India,40,Female,Free,3/8/2026,7,1703.28,221.22,74,Electronics,Desktop,PayPal,Social Media,0,4.4,0,20,1,0
C00224,India,48,Female,Free,12/17/2025,8,577.78,82.71,79,Electronics,Mobile,Credit Card,Direct,2,3,0,4,0,0
C00225,United States,40,Male,Free,9/25/2024,3,496.93,158.42,42,Electronics,Desktop,PayPal,Organic Search,0,4.3,0,1,1,0
C00226,United States,27,Other,Free,6/27/2023,1,99.91,91.09,16,Clothing & Apparel,Desktop,Buy Now Pay Later,Social Media,0,3.6,0,8,1,0
C00227,India,22,Female,Silver,12/6/2024,24,1227.45,49.67,13,Electronics,Mobile,PayPal,Social Media,1,4.1,1,1,1,0
C00228,Poland,23,Male,Silver,2/27/2026,11,765.96,62.37,10,Books,Desktop,UPI / Digital Wallet,Paid Ad,1,3.8,1,0,1,0
C00229,South Africa,34,Female,Silver,10/16/2024,27,2403.08,92.13,26,Automotive,Tablet,UPI / Digital Wallet,Organic Search,6,3.9,1,0,1,0
C00230,Italy,58,Female,Silver,6/13/2025,4,26.53,6.92,94,Health & Wellness,Desktop,Debit Card,Social Media,1,3.8,0,0,1,0
C00231,United Kingdom,39,Male,Gold,10/8/2025,3,198.45,63.69,18,Clothing & Apparel,Mobile,Debit Card,Organic Search,0,4.1,0,6,1,0
C00232,Mexico,40,Male,Free,12/30/2025,10,873.47,91.57,5,Electronics,Mobile,PayPal,Social Media,2,3.9,0,5,1,0
C00233,France,63,Male,Gold,1/29/2025,45,6187.73,149.51,81,Electronics,Mobile,PayPal,Paid Ad,6,4.2,4,1,0,0
C00234,India,57,Male,Gold,2/21/2026,24,1978.44,96.24,88,Sports & Outdoors,Mobile,Credit Card,Email Campaign,4,4.3,3,21,1,1
C00235,United States,46,Male,Gold,10/18/2025,6,148.34,23.41,27,Electronics,Desktop,Credit Card,Paid Ad,0,4.7,0,5,1,0
C00236,France,36,Female,Free,2/19/2025,7,329.53,42.71,21,Books,Desktop,Credit Card,Direct,0,2.8,0,4,1,0
C00237,Germany,41,Other,Free,7/24/2022,12,580.45,43.42,22,Home & Kitchen,Mobile,PayPal,Organic Search,2,3.7,1,0,0,0
C00238,United Kingdom,50,Female,Free,2/22/2025,9,529.66,65.58,20,Food & Grocery,Mobile,Debit Card,Organic Search,2,3.9,0,1,0,0
C00239,United Kingdom,18,Male,Free,5/15/2022,14,1421.61,104.02,25,Food & Grocery,Tablet,Cryptocurrency,Organic Search,3,4.3,1,2,1,0
C00240,United States,33,Male,Free,1/25/2025,18,1619.2,95.5,94,Electronics,Mobile,Bank Transfer,Social Media,4,4.4,1,6,1,0
C00241,France,29,Other,Platinum,12/22/2024,1,98.87,114.89,56,Beauty & Personal Care,Mobile,UPI / Digital Wallet,Social Media,0,3.6,0,3,1,0
C00242,Mexico,47,Male,Platinum,8/19/2025,2,318.35,151.98,14,Travel & Luggage,Desktop,Debit Card,Organic Search,0,3.8,0,0,1,0
C00243,South Korea,65,Male,Silver,11/5/2025,13,644.41,55.45,239,Electronics,Mobile,Debit Card,Social Media,2,4.7,1,0,1,0
C00244,Germany,45,Female,Silver,7/26/2025,14,1916.6,127.23,174,Clothing & Apparel,Mobile,Credit Card,Organic Search,5,4.7,1,0,1,0
C00245,United States,45,Female,Free,12/31/2025,7,1261.32,158.31,76,Books,Mobile,UPI / Digital Wallet,Paid Ad,0,4.1,0,1,0,0
C00246,Canada,18,Male,Silver,4/3/2024,4,101.12,27.26,46,Office Supplies,Mobile,Credit Card,Paid Ad,0,3.6,0,0,1,0
C00247,France,46,Male,Free,9/30/2023,5,75,13.61,23,Clothing & Apparel,Mobile,UPI / Digital Wallet,Organic Search,1,4.8,0,6,0,0
C00248,Spain,38,Other,Free,9/13/2024,14,1130.23,79.13,5,Electronics,Mobile,UPI / Digital Wallet,Direct,0,3.2,0,2,0,0
C00249,United States,50,Female,Gold,2/17/2026,2,348.36,170.62,91,Food & Grocery,Mobile,Credit Card,Organic Search,0,4.3,0,0,0,0
C00250,UAE,46,Male,Gold,3/29/2026,17,1296.33,81.97,21,Home & Kitchen,Tablet,Credit Card,Organic Search,5,4.9,0,3,1,0
C00251,United States,52,Female,Silver,9/10/2025,33,1042.99,35.46,124,Books,Mobile,Credit Card,Email Campaign,7,4.4,0,1,1,0
C00252,India,23,Male,Free,1/18/2024,30,1972.94,64.58,45,Toys & Games,Mobile,PayPal,Direct,8,4.2,1,14,1,0
C00253,United States,28,Female,Silver,10/14/2024,2,257.05,126.45,29,Toys & Games,Mobile,Debit Card,Social Media,0,3.4,0,4,0,0
C00254,India,66,Female,Silver,2/5/2024,11,533.29,47.15,3,Pet Supplies,Tablet,Credit Card,Email Campaign,0,3.8,0,0,1,0
C00255,United States,35,Male,Gold,9/29/2025,30,3624.58,113.9,51,Beauty & Personal Care,Mobile,Buy Now Pay Later,Paid Ad,1,3.7,2,0,1,0
C00256,India,33,Female,Free,1/12/2025,5,203.25,35.9,5,Food & Grocery,Desktop,Debit Card,Organic Search,0,4.9,0,5,0,0
C00257,United Kingdom,42,Male,Gold,1/4/2026,11,1185.89,109,53,Home & Kitchen,Desktop,PayPal,Direct,1,4,1,2,1,0
C00258,India,22,Female,Free,3/20/2026,7,355.73,59.33,42,Sports & Outdoors,Mobile,Debit Card,Organic Search,1,4.4,0,1,0,0
C00259,India,18,Male,Free,2/4/2024,2,255.19,129.61,3,Electronics,Mobile,Bank Transfer,Organic Search,0,4.5,0,1,1,0
C00260,United Kingdom,36,Female,Free,4/11/2023,20,2328.97,120.7,5,Home & Kitchen,Desktop,Credit Card,Paid Ad,7,3.3,1,2,0,0
C00261,France,35,Female,Free,7/27/2023,2,161.88,78.79,33,Beauty & Personal Care,Tablet,PayPal,Organic Search,0,3.8,0,0,1,0
C00262,United States,47,Female,Free,3/14/2023,3,52.9,20.27,15,Travel & Luggage,Desktop,Debit Card,Email Campaign,1,4.7,0,17,1,0
C00263,Germany,25,Female,Silver,7/2/2023,71,25995.03,413.57,181,Travel & Luggage,Desktop,Debit Card,Organic Search,15,3.7,4,6,1,0
C00264,India,18,Female,Free,11/15/2025,21,1650.96,87.81,50,Home & Kitchen,Mobile,Credit Card,Organic Search,2,4.6,2,8,1,0
C00265,Mexico,18,Male,Gold,3/25/2025,36,1882.69,58.22,388,Home & Kitchen,Tablet,PayPal,Paid Ad,12,4.4,5,0,1,0
C00266,United States,34,Female,Silver,6/1/2025,74,16178.31,240.83,24,Electronics,Desktop,Credit Card,Social Media,21,3.9,8,3,1,0
C00267,United States,41,Female,Gold,2/24/2026,10,549.73,61.05,7,Books,Mobile,Debit Card,Direct,3,4.2,1,0,1,0
C00268,Australia,34,Male,Free,1/10/2026,8,393.8,46.95,246,Clothing & Apparel,Mobile,Credit Card,Social Media,0,4.4,0,0,1,0
C00269,Italy,18,Male,Free,12/1/2025,4,689.13,157.53,36,Books,Mobile,Debit Card,Email Campaign,1,4,0,5,0,1
C00270,Australia,37,Male,Free,2/17/2024,21,2221.82,92.26,51,Food & Grocery,Mobile,Credit Card,Email Campaign,5,4.8,1,1,0,0
C00271,India,35,Female,Free,11/19/2025,55,1486.79,28.3,5,Sports & Outdoors,Desktop,Debit Card,Organic Search,11,4.5,6,5,1,0
C00272,India,43,Female,Free,1/25/2026,14,570.98,43.85,89,Clothing & Apparel,Mobile,Bank Transfer,Referral,3,3.8,0,4,1,0
C00273,South Africa,40,Female,Free,8/1/2024,23,2060.31,84.58,167,Food & Grocery,Mobile,Debit Card,Organic Search,7,3.8,3,10,0,0
C00274,UAE,24,Male,Free,6/4/2022,1,44.15,50.19,30,Books,Tablet,Credit Card,Organic Search,0,3.8,0,0,0,0
C00275,United States,29,Male,Silver,4/21/2024,26,990.16,42.42,21,Sports & Outdoors,Desktop,PayPal,Direct,9,4.1,0,8,1,0
C00276,India,25,Female,Silver,9/29/2024,37,2708.3,75.73,16,Electronics,Tablet,Credit Card,Paid Ad,10,4.5,3,2,0,0
C00277,United States,34,Male,Silver,11/13/2025,10,1517.08,138.08,69,Sports & Outdoors,Desktop,Debit Card,Social Media,1,4,0,0,1,0
C00278,Australia,37,Female,Platinum,9/15/2025,15,758.79,53.63,0,Beauty & Personal Care,Desktop,Credit Card,Email Campaign,5,4,1,1,1,0
C00279,India,32,Female,Silver,2/9/2026,22,2759.43,109.9,44,Electronics,Desktop,PayPal,Organic Search,6,4.8,1,2,1,0
C00280,United Kingdom,34,Female,Free,5/12/2024,30,4717.38,157.32,73,Toys & Games,Tablet,Credit Card,Email Campaign,7,4,3,2,0,0
C00281,Australia,32,Female,Free,12/6/2025,14,632.08,46.32,14,Electronics,Mobile,PayPal,Email Campaign,3,4.4,0,5,0,0
C00282,United States,26,Female,Free,1/21/2022,16,490.88,28.85,36,Sports & Outdoors,Desktop,Credit Card,Social Media,2,4.8,0,0,0,0
C00283,India,37,Male,Platinum,11/24/2024,16,1161.71,82.48,45,Home & Kitchen,Mobile,Credit Card,Social Media,3,4,1,6,1,0
C00284,France,39,Male,Silver,8/4/2024,31,1121.48,33,25,Electronics,Mobile,Bank Transfer,Social Media,2,3.4,1,12,0,0
C00285,United Kingdom,20,Female,Free,8/20/2025,32,3832.38,128.67,2,Beauty & Personal Care,Mobile,PayPal,Organic Search,3,3.9,1,5,1,0
C00286,Canada,37,Male,Silver,9/4/2025,31,3658.91,137.04,111,Toys & Games,Desktop,Credit Card,Social Media,7,3.9,2,2,1,0
C00287,Brazil,45,Female,Gold,12/24/2025,13,1102.43,78.82,75,Clothing & Apparel,Mobile,Credit Card,Social Media,2,4.3,1,6,1,0
C00288,United States,42,Female,Gold,3/27/2026,13,1238.32,85.22,94,Sports & Outdoors,Mobile,Credit Card,Social Media,1,4.4,1,11,1,0
C00289,United Kingdom,43,Female,Free,7/6/2025,8,867.24,99.66,25,Home & Kitchen,Tablet,Debit Card,Direct,0,4.3,1,10,0,0
C00290,Italy,25,Female,Silver,10/19/2025,37,7135.54,205.38,6,Travel & Luggage,Mobile,Credit Card,Social Media,2,3.8,2,14,0,0
C00291,United States,35,Female,Silver,5/5/2025,28,855.7,30.61,140,Beauty & Personal Care,Mobile,Buy Now Pay Later,Email Campaign,2,4.5,1,1,1,0
C00292,Germany,43,Female,Free,7/12/2025,16,814.22,53.13,4,Electronics,Desktop,Credit Card,Direct,5,4.5,1,7,1,0
C00293,South Africa,28,Male,Gold,6/5/2025,16,989.76,62.7,137,Home & Kitchen,Mobile,Credit Card,Direct,3,4.8,0,3,1,0
C00294,United States,44,Female,Gold,1/4/2025,10,398.61,45.56,29,Toys & Games,Desktop,Debit Card,Email Campaign,2,4.3,0,3,1,0
C00295,Australia,34,Male,Free,9/7/2023,1,52,49.93,116,Beauty & Personal Care,Desktop,Credit Card,Email Campaign,0,4.9,0,6,1,0
C00296,Singapore,28,Female,Free,10/22/2025,43,2271.69,53.8,42,Toys & Games,Desktop,Credit Card,Organic Search,4,4.3,6,7,0,0
C00297,Canada,26,Female,Free,7/10/2024,20,1698.65,81.21,69,Clothing & Apparel,Mobile,Debit Card,Social Media,3,4.3,0,2,0,0
C00298,South Korea,49,Male,Gold,11/3/2025,7,442.45,57.8,15,Beauty & Personal Care,Desktop,Buy Now Pay Later,Social Media,1,4.7,0,11,1,0
C00299,United States,47,Female,Free,3/30/2026,3,184.88,66.28,11,Books,Mobile,PayPal,Social Media,1,3.8,0,0,1,1
C00300,UAE,40,Female,Free,11/9/2021,50,4903,85.96,53,Pet Supplies,Desktop,UPI / Digital Wallet,Paid Ad,10,4.2,4,8,1,0
C00301,United States,53,Female,Free,4/26/2025,2,41.66,24.16,36,Clothing & Apparel,Desktop,Credit Card,Email Campaign,0,3.7,0,0,1,1
C00302,Mexico,36,Female,Silver,7/4/2022,15,1904.69,139.81,76,Food & Grocery,Mobile,UPI / Digital Wallet,Email Campaign,1,4,2,6,0,0
C00303,United States,33,Male,Silver,7/27/2025,26,1895.43,77.66,131,Beauty & Personal Care,Desktop,PayPal,Social Media,5,3.6,2,14,1,0
C00304,United Kingdom,34,Female,Free,1/8/2026,23,1115.53,43.12,97,Clothing & Apparel,Desktop,Credit Card,Email Campaign,4,4.8,0,3,1,1
C00305,United States,47,Male,Free,12/21/2021,12,275.95,23.67,44,Toys & Games,Mobile,UPI / Digital Wallet,Direct,1,3.7,1,1,1,0
C00306,France,42,Male,Free,3/18/2025,3,324.15,105.59,16,Sports & Outdoors,Mobile,Debit Card,Organic Search,0,3.1,0,5,1,0
C00307,United States,42,Male,Silver,9/22/2022,12,545.62,47.39,3,Sports & Outdoors,Mobile,Buy Now Pay Later,Referral,2,4.4,0,1,1,0
C00308,Italy,41,Male,Free,3/1/2022,20,805.45,36.43,136,Clothing & Apparel,Mobile,PayPal,Organic Search,6,4.1,1,0,0,0
C00309,United States,36,Male,Free,6/9/2024,18,3659.94,191.33,39,Electronics,Mobile,Credit Card,Email Campaign,7,4.1,0,0,1,0
C00310,Poland,19,Male,Free,3/25/2026,3,200.05,65.33,163,Beauty & Personal Care,Desktop,UPI / Digital Wallet,Paid Ad,0,3.4,0,5,1,0
C00311,India,40,Male,Free,7/7/2025,9,1048.67,105.87,132,Beauty & Personal Care,Desktop,Credit Card,Social Media,1,4.4,0,0,1,0
C00312,United States,18,Male,Silver,11/19/2024,11,685.35,64.21,48,Electronics,Mobile,Credit Card,Email Campaign,2,4.7,0,3,0,0
C00313,India,31,Male,Free,2/28/2023,7,333.31,49.66,211,Toys & Games,Tablet,PayPal,Paid Ad,2,4.5,0,0,0,1
C00314,United States,41,Male,Silver,5/26/2025,12,2389.59,208.93,15,Sports & Outdoors,Desktop,PayPal,Organic Search,3,4.6,0,6,0,0
C00315,United Kingdom,20,Male,Free,1/8/2026,21,482.2,24.12,16,Office Supplies,Desktop,Bank Transfer,Referral,7,4.9,1,0,0,0
C00316,United States,42,Male,Gold,3/25/2026,35,4135.4,109.87,2,Home & Kitchen,Mobile,PayPal,Email Campaign,3,4.3,3,2,0,0
C00317,Canada,18,Female,Silver,9/15/2025,6,566.14,105.85,121,Clothing & Apparel,Mobile,Credit Card,Email Campaign,1,2.5,0,6,0,0
C00318,Canada,31,Female,Free,12/15/2024,10,647.72,69.99,35,Beauty & Personal Care,Mobile,UPI / Digital Wallet,Direct,3,4.2,0,1,0,0
C00319,France,35,Male,Gold,3/31/2025,60,10480.11,162.56,13,Clothing & Apparel,Mobile,PayPal,Organic Search,9,3.2,3,7,1,0
C00320,United States,37,Female,Silver,3/8/2026,21,2363.86,126.74,47,Books,Mobile,Credit Card,Email Campaign,4,3.7,1,3,1,0
C00321,Canada,34,Male,Platinum,3/3/2026,11,2258.41,213.96,48,Beauty & Personal Care,Desktop,PayPal,Organic Search,4,4.3,0,12,1,0
C00322,France,35,Male,Free,2/25/2025,7,863.14,144.41,48,Electronics,Tablet,Debit Card,Referral,2,4.7,0,15,1,0
C00323,Germany,27,Female,Platinum,9/24/2021,34,5283.79,163.72,76,Pet Supplies,Tablet,Credit Card,Email Campaign,11,4.3,3,1,1,0
C00324,United Kingdom,29,Female,Free,9/23/2025,14,1175.83,82.33,106,Electronics,Desktop,Credit Card,Organic Search,2,3,1,19,0,0
C00325,United States,44,Male,Silver,5/21/2024,18,715.18,44.63,17,Health & Wellness,Tablet,Debit Card,Organic Search,1,4.9,0,2,1,0
C00326,United Kingdom,45,Female,Free,1/16/2025,2,106.5,59.22,7,Sports & Outdoors,Tablet,Credit Card,Paid Ad,0,4.9,0,14,0,0
C00327,United Kingdom,47,Female,Gold,6/27/2023,1,56.01,49.57,40,Sports & Outdoors,Mobile,Debit Card,Organic Search,0,4.1,0,5,1,0
C00328,United Kingdom,28,Female,Free,12/13/2018,64,3910.86,58.34,289,Books,Tablet,Buy Now Pay Later,Social Media,17,3.1,1,2,0,1
C00329,United States,48,Male,Free,12/26/2024,2,190.61,85.11,152,Home & Kitchen,Tablet,PayPal,Email Campaign,0,4,0,3,0,0
C00330,India,24,Female,Gold,8/16/2022,7,520.77,77.34,90,Sports & Outdoors,Mobile,Debit Card,Email Campaign,0,3,0,6,0,0
C00331,Australia,45,Male,Free,5/30/2025,14,336.94,24.59,11,Books,Desktop,Debit Card,Email Campaign,1,4.5,1,1,0,0
C00332,Germany,29,Male,Silver,6/9/2024,11,1838.46,183.28,76,Home & Kitchen,Mobile,Debit Card,Organic Search,3,3.4,0,4,1,0
C00333,Turkey,26,Male,Gold,6/5/2025,2,315.98,180.96,47,Books,Mobile,Debit Card,Organic Search,0,4.9,0,2,1,1
C00334,United Kingdom,49,Male,Free,9/24/2025,13,3335.8,250.68,31,Beauty & Personal Care,Mobile,Credit Card,Referral,5,2.7,1,4,0,0
C00335,United States,33,Female,Free,2/2/2023,2,374.42,177.35,129,Electronics,Mobile,Credit Card,Social Media,0,4,0,5,1,0
C00336,France,46,Female,Free,11/18/2020,30,1209.08,40.87,115,Home & Kitchen,Mobile,Credit Card,Social Media,11,4.1,1,13,1,0
C00337,United States,22,Other,Silver,1/3/2021,17,1931.34,123.57,94,Electronics,Mobile,Credit Card,Email Campaign,4,3.2,1,14,1,0
C00338,Germany,64,Female,Silver,6/10/2023,11,1772.21,170.6,50,Home & Kitchen,Desktop,Credit Card,Email Campaign,4,3.4,0,1,1,1
C00339,India,47,Female,Free,4/15/2025,2,475.64,208.73,46,Beauty & Personal Care,Desktop,PayPal,Organic Search,0,3.9,0,23,0,0
C00340,Germany,27,Male,Free,7/21/2023,4,447.74,116.05,100,Food & Grocery,Desktop,Credit Card,Social Media,0,3.1,0,25,0,0
C00341,India,23,Female,Free,2/9/2025,44,5196.42,109.12,33,Clothing & Apparel,Tablet,Credit Card,Social Media,5,4.5,4,0,0,0
C00342,Australia,37,Female,Free,7/10/2021,5,880.36,198.39,30,Pet Supplies,Desktop,Debit Card,Paid Ad,0,4.4,0,3,1,0
C00343,Mexico,32,Female,Free,5/22/2020,37,1828.17,46.6,62,Clothing & Apparel,Tablet,Credit Card,Organic Search,5,4.3,4,3,0,0
C00344,United States,54,Male,Free,1/13/2023,7,192.29,26.07,126,Electronics,Desktop,UPI / Digital Wallet,Email Campaign,2,4.2,0,3,1,0
C00345,United States,63,Female,Free,1/18/2026,14,1346.34,100.2,29,Clothing & Apparel,Desktop,Debit Card,Paid Ad,0,4.6,1,2,1,0
C00346,Sweden,49,Male,Free,1/29/2018,6,345.9,60.21,76,Beauty & Personal Care,Mobile,Buy Now Pay Later,Paid Ad,1,4.7,0,7,1,0
C00347,Germany,44,Male,Free,5/31/2025,30,1996.09,65.09,19,Jewelry & Accessories,Mobile,Debit Card,Social Media,10,3.6,2,10,1,0
C00348,United States,28,Female,Free,7/14/2025,34,2524.33,83.93,19,Beauty & Personal Care,Tablet,PayPal,Email Campaign,7,4.5,5,3,0,0
C00349,Australia,32,Male,Silver,5/30/2025,14,455.84,34.41,8,Clothing & Apparel,Mobile,Debit Card,Social Media,5,4.5,2,1,0,0
C00350,United States,30,Male,Silver,6/22/2025,7,403.88,56.24,49,Automotive,Tablet,UPI / Digital Wallet,Email Campaign,0,4.6,0,5,1,0
C00351,United States,53,Female,Gold,7/26/2024,29,1474.68,51.66,122,Pet Supplies,Mobile,Cryptocurrency,Social Media,8,4.4,1,1,0,0
C00352,United States,47,Male,Free,11/17/2023,75,3030.96,43.1,10,Home & Kitchen,Desktop,Debit Card,Organic Search,16,3.7,10,5,1,0
C00353,United States,42,Male,Free,3/1/2026,31,968.57,29.25,7,Toys & Games,Desktop,Debit Card,Social Media,8,3.9,0,1,0,0
C00354,United States,43,Male,Silver,12/8/2025,19,1468.88,72.46,58,Clothing & Apparel,Mobile,UPI / Digital Wallet,Referral,4,4.9,0,0,0,0
C00355,India,47,Other,Free,7/6/2025,14,1431.17,95.87,55,Clothing & Apparel,Mobile,Bank Transfer,Organic Search,2,4,0,2,1,0
C00356,United States,43,Female,Free,10/16/2024,9,531.76,65.69,25,Electronics,Mobile,UPI / Digital Wallet,Direct,2,4.8,0,6,1,0
C00357,Japan,35,Female,Gold,2/14/2026,11,308.52,28.39,4,Clothing & Apparel,Mobile,PayPal,Paid Ad,3,4.1,0,4,0,0
C00358,Canada,36,Male,Free,1/3/2025,15,64.24,5,59,Home & Kitchen,Mobile,Credit Card,Social Media,1,4.7,0,0,1,0
C00359,Netherlands,25,Male,Free,4/8/2012,4,335.25,77.19,8,Pet Supplies,Mobile,PayPal,Organic Search,0,3.8,0,5,1,0
C00360,United States,33,Male,Free,5/16/2025,2,47.2,23.12,105,Health & Wellness,Desktop,Debit Card,Referral,0,3.7,0,0,0,1
C00361,United States,53,Male,Free,2/17/2026,16,866.33,59.08,139,Clothing & Apparel,Mobile,Credit Card,Social Media,6,4,1,6,1,0
C00362,Australia,41,Male,Free,7/11/2025,42,1854.89,43.51,66,Automotive,Tablet,Bank Transfer,Social Media,12,3.3,1,5,0,0
C00363,Brazil,18,Male,Platinum,5/27/2021,19,1698.17,101.96,8,Clothing & Apparel,Mobile,UPI / Digital Wallet,Email Campaign,3,4.6,1,6,1,0
C00364,United Kingdom,35,Male,Silver,2/9/2026,4,140.96,39.05,4,Beauty & Personal Care,Mobile,Buy Now Pay Later,Email Campaign,0,4.3,0,1,1,0
C00365,Italy,44,Male,Free,5/6/2025,2,129.4,67.2,14,Home & Kitchen,Tablet,Debit Card,Organic Search,0,3.7,0,8,1,0
C00366,United States,36,Male,Free,10/30/2025,18,3721.29,184.22,2,Pet Supplies,Mobile,Debit Card,Organic Search,2,4.4,2,3,1,0
C00367,Singapore,37,Female,Free,3/8/2025,34,1696.33,54.44,9,Books,Desktop,Credit Card,Paid Ad,4,4.5,3,3,1,0
C00368,United States,37,Female,Platinum,2/13/2026,43,5190,110.21,8,Automotive,Mobile,Credit Card,Email Campaign,13,3.8,1,0,0,0
C00369,Canada,43,Female,Free,3/29/2026,2,560.77,245.48,110,Toys & Games,Mobile,Debit Card,Social Media,0,4.8,0,4,0,0
C00370,United States,37,Male,Free,9/12/2024,2,275.59,124.36,58,Clothing & Apparel,Desktop,Credit Card,Paid Ad,0,4.1,0,1,0,1
C00371,United States,60,Male,Free,4/2/2025,2,275.77,154.12,20,Sports & Outdoors,Desktop,Credit Card,Organic Search,0,3.7,0,2,0,0
C00372,United States,18,Female,Free,4/10/2025,11,411.01,32.9,27,Toys & Games,Mobile,Bank Transfer,Organic Search,3,3,1,3,1,0
C00373,India,33,Female,Gold,4/3/2023,3,503.57,176.17,67,Toys & Games,Mobile,Debit Card,Paid Ad,0,4.1,0,0,1,0
C00374,United States,56,Female,Platinum,8/14/2025,13,2847.83,205.89,8,Home & Kitchen,Mobile,Bank Transfer,Paid Ad,0,4.4,1,14,1,0
C00375,Italy,34,Male,Free,8/2/2023,1,46.69,45.75,27,Automotive,Mobile,Debit Card,Organic Search,0,4.6,0,0,1,0
C00376,United States,37,Female,Silver,11/29/2025,16,2937.32,197.57,35,Travel & Luggage,Mobile,UPI / Digital Wallet,Email Campaign,3,4.3,0,0,1,0
C00377,Mexico,25,Male,Free,3/24/2025,26,1242.04,53.22,105,Clothing & Apparel,Desktop,PayPal,Email Campaign,6,4.2,0,22,1,0
C00378,Netherlands,36,Male,Silver,2/20/2023,4,590.66,169.48,0,Clothing & Apparel,Desktop,Debit Card,Organic Search,0,4.4,0,0,0,0
C00379,Canada,38,Male,Free,3/26/2025,4,83.43,23.44,15,Books,Desktop,Credit Card,Direct,1,3.7,0,1,0,0
C00380,Mexico,50,Male,Free,4/21/2022,2,196.9,87.36,60,Electronics,Mobile,Credit Card,Organic Search,0,2.1,0,0,1,0
C00381,India,38,Female,Free,1/26/2026,17,1567.82,91.8,12,Electronics,Tablet,Debit Card,Paid Ad,3,4.1,0,1,1,0
C00382,Brazil,31,Female,Silver,10/3/2025,7,604.4,88.34,25,Beauty & Personal Care,Mobile,Credit Card,Email Campaign,0,3.3,0,20,0,0
C00383,United States,40,Male,Free,8/23/2024,3,187.59,67.03,12,Toys & Games,Desktop,PayPal,Direct,0,4.3,0,11,1,0
C00384,United Kingdom,25,Female,Gold,1/5/2026,7,624.91,90.08,67,Clothing & Apparel,Mobile,UPI / Digital Wallet,Paid Ad,0,3.9,0,0,1,0
C00385,South Korea,27,Female,Free,9/16/2025,17,1500.41,91.65,86,Automotive,Tablet,Debit Card,Email Campaign,3,4.5,2,0,0,0
C00386,United States,28,Male,Free,9/10/2025,16,802.03,47.44,37,Clothing & Apparel,Mobile,Debit Card,Social Media,3,4.3,2,3,1,0
C00387,South Korea,50,Male,Free,1/7/2026,1,54.19,60.12,42,Electronics,Desktop,Credit Card,Organic Search,0,4.8,0,3,0,0
C00388,United States,39,Female,Gold,11/19/2025,12,1273.88,108.9,26,Home & Kitchen,Desktop,Credit Card,Social Media,1,3.3,1,0,1,0
C00389,Germany,28,Male,Free,3/25/2026,28,2345.12,80.32,61,Jewelry & Accessories,Desktop,Debit Card,Email Campaign,8,3.4,2,1,1,0
C00390,India,22,Female,Gold,3/4/2024,5,383.08,68.16,6,Clothing & Apparel,Desktop,PayPal,Paid Ad,1,4.5,0,20,0,0
C00391,United States,42,Male,Free,3/31/2025,33,2101.97,59.36,37,Books,Desktop,PayPal,Organic Search,2,3.6,1,0,1,0
C00392,United States,50,Male,Free,8/21/2025,9,1295.26,126.55,12,Home & Kitchen,Mobile,Debit Card,Email Campaign,3,4.1,0,4,1,0
C00393,United Kingdom,24,Male,Free,5/17/2024,9,413.48,41.8,244,Beauty & Personal Care,Mobile,Credit Card,Organic Search,2,4.7,0,8,1,0
C00394,United Kingdom,26,Male,Gold,8/24/2025,18,662.76,41.89,7,Electronics,Mobile,Credit Card,Organic Search,4,4.5,2,15,0,0
C00395,United States,43,Male,Free,10/8/2025,6,173.77,26.57,26,Jewelry & Accessories,Mobile,UPI / Digital Wallet,Organic Search,2,4.3,0,3,1,0
C00396,Germany,21,Male,Free,6/3/2023,39,1920.19,50.13,96,Sports & Outdoors,Desktop,Credit Card,Organic Search,8,2.9,2,0,0,0
C00397,India,61,Female,Free,1/17/2026,41,6162.5,166.09,71,Home & Kitchen,Tablet,UPI / Digital Wallet,Email Campaign,2,4.3,1,6,0,0
C00398,Australia,39,Male,Gold,3/22/2026,3,342.55,103.52,25,Health & Wellness,Desktop,Credit Card,Paid Ad,0,4.7,0,0,1,0
C00399,India,35,Male,Free,12/19/2022,27,860.05,30.22,25,Sports & Outdoors,Tablet,Credit Card,Direct,7,3.1,1,1,1,0
C00400,United States,35,Male,Gold,7/14/2024,4,521.46,127.37,122,Home & Kitchen,Mobile,Credit Card,Organic Search,0,4.2,0,4,1,1
C00401,Poland,30,Male,Silver,9/4/2016,1,96.16,88.24,114,Clothing & Apparel,Desktop,Credit Card,Social Media,0,4.3,0,9,1,0
C00402,India,22,Female,Gold,3/20/2023,23,1423.67,71.26,167,Office Supplies,Mobile,Credit Card,Organic Search,8,3.4,0,5,1,0
C00403,Canada,44,Male,Free,9/22/2025,2,43.39,23.15,60,Electronics,Tablet,Credit Card,Email Campaign,0,4.6,0,13,1,0
C00404,Canada,43,Female,Silver,6/29/2024,25,2328.84,103.34,22,Home & Kitchen,Desktop,Credit Card,Direct,9,4.1,2,3,0,0
C00405,United States,51,Female,Platinum,2/6/2026,10,2426.81,245.75,23,Books,Mobile,Cryptocurrency,Paid Ad,2,4.7,1,0,1,0
C00406,Canada,25,Female,Free,3/1/2026,2,113.66,61.07,203,Electronics,Desktop,Credit Card,Direct,0,4,0,4,1,1
C00407,United States,30,Male,Gold,10/18/2024,18,392.03,25.16,109,Beauty & Personal Care,Desktop,Cryptocurrency,Organic Search,3,4.2,2,4,0,0
C00408,United Kingdom,37,Female,Silver,11/4/2025,2,208.37,106.88,45,Pet Supplies,Mobile,PayPal,Social Media,0,4.3,0,3,0,0
C00409,United States,18,Male,Free,12/4/2021,22,1165.29,49.68,15,Clothing & Apparel,Desktop,PayPal,Paid Ad,5,3.7,1,0,0,0
C00410,Germany,36,Male,Silver,8/22/2025,18,2491.81,125.23,21,Electronics,Mobile,Credit Card,Email Campaign,3,3.9,1,1,0,0
C00411,Canada,20,Female,Gold,8/24/2021,37,1528.6,42.75,54,Food & Grocery,Mobile,Credit Card,Paid Ad,2,4.5,5,4,1,0
C00412,United States,44,Female,Free,6/23/2024,11,319.59,28.41,52,Electronics,Desktop,Debit Card,Email Campaign,2,4.2,0,11,0,0
C00413,Turkey,20,Male,Free,7/28/2025,9,901.61,101.21,15,Books,Desktop,Debit Card,Email Campaign,2,4.4,0,0,0,0
C00414,Netherlands,22,Female,Free,10/2/2024,2,68.82,36.9,64,Electronics,Mobile,PayPal,Organic Search,0,4.3,0,4,1,0
C00415,United States,34,Female,Silver,1/13/2026,17,2588.02,140.66,74,Electronics,Tablet,Debit Card,Organic Search,5,3.2,0,3,0,0
C00416,Australia,55,Male,Free,7/19/2021,2,55.17,27.59,91,Beauty & Personal Care,Mobile,UPI / Digital Wallet,Paid Ad,0,3.5,0,2,1,1
C00417,Mexico,24,Male,Silver,12/13/2024,4,265.29,58.22,144,Electronics,Mobile,Cryptocurrency,Social Media,0,4.3,0,12,0,0
C00418,India,45,Female,Free,12/1/2025,8,1023.91,149.05,21,Electronics,Mobile,PayPal,Paid Ad,2,4.4,1,17,1,0
C00419,Mexico,41,Female,Silver,8/2/2025,48,4620.51,91.62,230,Electronics,Mobile,Credit Card,Direct,13,3.8,3,15,1,0
C00420,United States,42,Male,Silver,11/17/2025,29,2361.13,74.27,7,Jewelry & Accessories,Mobile,PayPal,Referral,5,4.4,4,1,1,0
C00421,Spain,24,Female,Free,3/28/2024,10,1757.33,175.03,5,Clothing & Apparel,Mobile,Debit Card,Direct,3,4,0,2,1,0
C00422,United States,26,Male,Free,10/17/2025,4,71.85,18.41,43,Electronics,Tablet,Credit Card,Organic Search,0,4.4,0,0,0,0
C00423,United States,43,Male,Gold,12/23/2025,1,172.6,182.53,51,Books,Mobile,Credit Card,Organic Search,0,4.7,0,0,1,0
C00424,Netherlands,34,Other,Gold,9/23/2024,27,2857.97,102.78,241,Clothing & Apparel,Desktop,UPI / Digital Wallet,Email Campaign,1,2.7,1,2,1,0
C00425,United Kingdom,58,Female,Silver,11/3/2025,13,1245.43,110.19,14,Home & Kitchen,Tablet,Credit Card,Paid Ad,4,4.6,0,1,1,0
C00426,United States,44,Female,Silver,12/4/2025,20,921.91,53.7,0,Food & Grocery,Desktop,Credit Card,Social Media,7,4.3,0,5,0,0
C00427,United States,30,Male,Gold,12/6/2025,29,3285.24,112.1,8,Home & Kitchen,Mobile,Debit Card,Paid Ad,7,3.8,1,5,1,0
C00428,United Kingdom,41,Female,Free,9/28/2019,59,2954.14,57.32,76,Toys & Games,Mobile,UPI / Digital Wallet,Paid Ad,19,4.3,8,0,1,0
C00429,United States,42,Female,Free,8/3/2023,3,150.27,58.68,426,Electronics,Mobile,UPI / Digital Wallet,Direct,0,4.5,0,2,1,1
C00430,South Korea,36,Male,Free,4/8/2024,5,414.19,78.25,61,Home & Kitchen,Desktop,UPI / Digital Wallet,Referral,0,3.9,0,20,1,0
C00431,Germany,33,Male,Free,6/11/2023,23,941.64,36.07,7,Electronics,Mobile,Debit Card,Organic Search,6,4.7,0,5,1,0
C00432,United States,57,Male,Free,9/24/2024,5,490.81,107.33,14,Toys & Games,Mobile,Credit Card,Social Media,0,4.8,0,2,0,0
C00433,Germany,29,Female,Free,7/6/2023,3,284.55,85.66,120,Food & Grocery,Desktop,UPI / Digital Wallet,Social Media,0,4.7,0,7,1,0
C00434,Canada,23,Male,Free,4/22/2023,25,1188.41,48.68,5,Clothing & Apparel,Mobile,Debit Card,Referral,8,3.5,2,5,1,0
C00435,United States,24,Female,Free,8/5/2023,10,244.97,25.18,63,Pet Supplies,Mobile,Cryptocurrency,Social Media,1,3.3,1,6,1,0
C00436,Sweden,43,Female,Silver,6/24/2025,7,458.55,59.31,79,Electronics,Mobile,Credit Card,Organic Search,0,4.5,0,3,1,0
C00437,Italy,41,Female,Free,3/3/2026,30,3266.36,95.14,1,Health & Wellness,Mobile,PayPal,Social Media,2,4.4,4,9,1,0
C00438,France,29,Female,Free,3/5/2023,11,400.32,39.12,37,Books,Mobile,Credit Card,Social Media,2,4.3,0,4,1,0
C00439,United States,28,Female,Gold,6/2/2025,8,973.15,121.15,107,Sports & Outdoors,Mobile,Debit Card,Organic Search,1,4.1,0,0,1,0
C00440,South Korea,70,Female,Silver,5/29/2021,11,2337.86,226.79,6,Travel & Luggage,Mobile,PayPal,Organic Search,1,4.5,0,4,0,0
C00441,United States,33,Male,Free,3/12/2026,7,451.99,63.04,24,Sports & Outdoors,Mobile,Bank Transfer,Direct,2,4.1,0,0,1,0
C00442,India,20,Male,Platinum,9/24/2025,8,3496.25,395.29,14,Food & Grocery,Desktop,PayPal,Email Campaign,1,3.7,0,3,1,0
C00443,United States,35,Male,Free,4/25/2021,16,586.5,34.37,12,Health & Wellness,Mobile,PayPal,Organic Search,3,4.5,2,1,0,0
C00444,Netherlands,44,Male,Silver,11/16/2023,24,1020.26,37.42,87,Pet Supplies,Mobile,Credit Card,Email Campaign,7,4.8,1,11,0,0
C00445,France,30,Female,Free,11/18/2025,6,325.85,52.22,66,Clothing & Apparel,Tablet,UPI / Digital Wallet,Email Campaign,0,3.6,0,3,1,0
C00446,Brazil,31,Male,Free,8/14/2025,3,256.99,98.47,147,Sports & Outdoors,Mobile,Credit Card,Social Media,0,4.3,0,7,1,0
C00447,Germany,34,Male,Free,5/7/2024,3,823.72,300.69,166,Beauty & Personal Care,Mobile,PayPal,Social Media,0,4.5,0,6,1,0
C00448,United States,59,Female,Free,1/23/2023,11,922.39,95.2,11,Clothing & Apparel,Desktop,UPI / Digital Wallet,Social Media,1,3.7,0,0,1,0
C00449,United Kingdom,39,Female,Free,12/22/2025,3,252.81,97.75,29,Health & Wellness,Desktop,PayPal,Social Media,1,4.5,0,6,1,0
C00450,Canada,47,Other,Free,4/13/2024,18,2232.39,110.96,14,Home & Kitchen,Mobile,Credit Card,Email Campaign,1,4.2,0,7,0,0
C00451,France,46,Male,Free,7/12/2022,35,468.75,12.33,6,Home & Kitchen,Desktop,Debit Card,Social Media,13,4.3,4,25,1,0
C00452,Australia,18,Male,Free,8/26/2024,4,1111.33,295.54,59,Jewelry & Accessories,Tablet,Credit Card,Referral,1,4,0,7,0,0
C00453,United States,30,Female,Gold,3/29/2022,4,691.53,184.53,55,Electronics,Mobile,Credit Card,Organic Search,1,4.4,0,11,1,0
C00454,South Korea,24,Male,Free,2/3/2021,29,3431.04,118.1,11,Clothing & Apparel,Mobile,PayPal,Direct,2,4.1,2,11,1,1
C00455,Mexico,18,Female,Silver,7/21/2022,17,404.46,26.51,21,Health & Wellness,Tablet,Credit Card,Social Media,5,4.8,2,5,0,0
C00456,United States,19,Female,Free,4/9/2023,6,561.79,97.52,68,Clothing & Apparel,Desktop,Credit Card,Paid Ad,1,2.4,0,0,0,0
C00457,United States,33,Female,Silver,3/13/2025,7,1024.65,137.06,4,Home & Kitchen,Desktop,Debit Card,Social Media,1,4.3,0,8,0,0
C00458,Canada,58,Male,Free,3/18/2025,11,172.16,18.06,1,Electronics,Mobile,Credit Card,Paid Ad,3,4.3,0,0,1,0
C00459,United States,19,Female,Silver,8/14/2024,39,2075.78,51.21,8,Electronics,Desktop,Debit Card,Organic Search,15,3.8,3,0,0,0
C00460,United Kingdom,51,Female,Free,10/3/2025,9,248.48,30.79,21,Books,Desktop,Credit Card,Organic Search,1,4.2,1,14,1,0
C00461,Australia,45,Male,Platinum,7/4/2025,29,1419.65,57,58,Clothing & Apparel,Mobile,UPI / Digital Wallet,Paid Ad,3,4.7,4,2,0,0
C00462,Mexico,32,Other,Free,4/7/2018,2,64.31,37.28,2,Electronics,Desktop,Credit Card,Organic Search,0,4.7,0,2,0,0
C00463,United States,24,Male,Silver,9/11/2025,10,1056.48,109.57,131,Toys & Games,Mobile,Credit Card,Social Media,3,4,1,5,1,0
C00464,United Kingdom,61,Male,Gold,6/4/2025,11,952.82,93.97,102,Electronics,Mobile,Credit Card,Email Campaign,0,4.7,1,2,1,0
C00465,Germany,18,Male,Free,7/29/2024,2,109.59,57.63,2,Electronics,Mobile,Debit Card,Paid Ad,0,4.4,0,2,1,0
C00466,Brazil,22,Female,Free,3/28/2026,9,198.59,20.88,95,Sports & Outdoors,Desktop,PayPal,Organic Search,3,3.4,0,1,1,0
C00467,United States,43,Female,Free,11/13/2024,12,649.99,47.77,16,Beauty & Personal Care,Desktop,UPI / Digital Wallet,Email Campaign,2,4.1,0,10,0,0
C00468,Japan,26,Female,Free,12/18/2024,20,4170.42,185.08,57,Clothing & Apparel,Mobile,Debit Card,Direct,3,4.1,2,1,1,0
C00469,Mexico,23,Female,Free,6/3/2023,18,906.56,53.63,382,Clothing & Apparel,Desktop,PayPal,Email Campaign,2,4,1,11,1,1
C00470,India,30,Male,Free,8/12/2025,1,85.72,91.81,162,Food & Grocery,Mobile,Debit Card,Organic Search,0,4.3,0,0,0,1
C00471,United Kingdom,32,Male,Free,9/1/2024,14,1150.72,95.33,21,Beauty & Personal Care,Tablet,Credit Card,Organic Search,2,4.1,2,8,1,0
C00472,France,38,Female,Free,2/20/2025,15,234.36,16.25,17,Clothing & Apparel,Mobile,Credit Card,Social Media,3,4,0,2,0,0
C00473,Mexico,26,Male,Gold,6/8/2024,4,361.27,95.87,90,Automotive,Desktop,Credit Card,Organic Search,1,3.6,0,6,1,0
C00474,Brazil,21,Male,Free,2/1/2023,2,84.3,45.59,38,Jewelry & Accessories,Mobile,Credit Card,Direct,0,3.8,0,5,0,1
C00475,United Kingdom,18,Male,Free,8/31/2025,17,594.77,36.44,123,Home & Kitchen,Desktop,Credit Card,Organic Search,5,4.4,1,17,0,0
C00476,Singapore,38,Male,Silver,12/25/2025,32,2347.38,67.76,91,Automotive,Desktop,Credit Card,Social Media,9,3.6,4,17,0,0
C00477,Singapore,46,Male,Free,11/26/2019,12,531.51,46.97,20,Books,Mobile,Credit Card,Organic Search,2,3.9,1,3,0,0
C00478,India,33,Female,Silver,9/8/2023,1,46.15,48.48,11,Electronics,Desktop,PayPal,Organic Search,0,4.6,0,7,1,0
C00479,Mexico,35,Female,Free,1/31/2026,1,124.35,139.82,9,Clothing & Apparel,Mobile,Buy Now Pay Later,Organic Search,0,4.8,0,1,0,0
C00480,South Korea,40,Male,Silver,2/28/2026,30,1832.21,55.75,55,Automotive,Desktop,Credit Card,Organic Search,2,4.3,3,0,1,0
C00481,United States,38,Female,Gold,3/8/2023,39,2250.64,61.95,99,Electronics,Desktop,Credit Card,Paid Ad,10,3.9,1,0,1,0
C00482,UAE,42,Male,Silver,6/7/2024,5,622.61,121.14,132,Beauty & Personal Care,Tablet,Credit Card,Email Campaign,0,2.6,0,10,1,0
C00483,Spain,34,Female,Silver,3/30/2025,15,3377.46,204.22,8,Beauty & Personal Care,Mobile,PayPal,Organic Search,4,4.3,0,3,1,0
C00484,Italy,47,Female,Gold,3/1/2025,25,2108.48,88.25,46,Books,Desktop,Bank Transfer,Paid Ad,4,4.7,2,0,0,0
C00485,Mexico,38,Male,Platinum,4/1/2025,16,3137.09,218.06,20,Books,Mobile,Bank Transfer,Referral,2,4.3,1,10,1,0
C00486,Australia,31,Male,Gold,3/17/2026,22,1865.03,80.27,25,Clothing & Apparel,Mobile,Credit Card,Social Media,8,4.4,0,6,1,0
C00487,United States,23,Female,Gold,3/22/2026,4,265.92,72.69,88,Health & Wellness,Desktop,UPI / Digital Wallet,Email Campaign,0,4.6,0,8,0,0
C00488,United Kingdom,45,Male,Free,6/7/2025,14,2762.38,200.3,23,Clothing & Apparel,Tablet,UPI / Digital Wallet,Organic Search,1,4.4,0,4,1,0
C00489,United States,41,Female,Free,3/24/2023,14,414.37,28.38,98,Toys & Games,Tablet,Credit Card,Direct,3,4.2,1,0,1,1
C00490,United Kingdom,30,Female,Free,11/11/2023,15,1225.07,94.16,113,Toys & Games,Mobile,PayPal,Paid Ad,5,4.5,1,3,0,0
C00491,Germany,31,Male,Free,3/23/2026,2,249.71,119.9,14,Office Supplies,Desktop,UPI / Digital Wallet,Email Campaign,0,4.4,0,0,0,0
C00492,United States,42,Female,Silver,3/23/2025,39,3240.09,74.15,121,Office Supplies,Desktop,Debit Card,Paid Ad,7,3.1,1,2,0,1
C00493,United Kingdom,23,Male,Gold,8/12/2019,28,5307.08,205.97,16,Home & Kitchen,Desktop,Bank Transfer,Direct,5,4.9,0,4,0,0
C00494,United States,39,Male,Platinum,1/27/2024,32,5375.69,147.38,66,Health & Wellness,Desktop,PayPal,Social Media,3,4,1,2,0,0
C00495,Italy,44,Male,Free,5/16/2025,20,789.02,38.23,21,Beauty & Personal Care,Tablet,Debit Card,Organic Search,5,3.6,0,0,1,0
C00496,South Korea,18,Male,Gold,9/23/2023,13,1634.69,134.1,17,Food & Grocery,Tablet,Credit Card,Email Campaign,3,4.6,1,5,1,0
C00497,UAE,37,Male,Silver,5/8/2023,15,1052.5,77.15,20,Health & Wellness,Mobile,PayPal,Organic Search,4,3.9,1,4,0,0
C00498,Germany,45,Male,Free,11/10/2023,6,560.77,99.54,32,Office Supplies,Desktop,PayPal,Social Media,1,4.2,0,2,0,0
C00499,Japan,21,Male,Free,1/24/2025,12,668.9,56.98,64,Home & Kitchen,Desktop,Debit Card,Referral,3,4.2,1,2,1,0
C00500,Japan,45,Male,Free,11/17/2024,5,113.46,25.84,248,Home & Kitchen,Desktop,Debit Card,Referral,1,4.3,0,2,1,1
C00501,Germany,52,Female,Gold,12/12/2021,5,1181.7,235.32,29,Home & Kitchen,Desktop,Debit Card,Organic Search,1,4,0,2,1,0
C00502,United States,27,Female,Free,12/21/2019,10,516.84,57.73,13,Electronics,Mobile,Credit Card,Social Media,3,4.3,0,3,1,0
C00503,United States,33,Female,Gold,6/22/2022,19,2628.29,146.15,3,Jewelry & Accessories,Mobile,UPI / Digital Wallet,Organic Search,1,4.5,0,2,1,0
C00504,India,37,Male,Free,4/16/2025,15,1206.9,90.26,12,Automotive,Mobile,PayPal,Organic Search,1,4.7,0,0,1,0
C00505,Germany,22,Female,Silver,10/19/2025,18,1787.76,110.41,121,Automotive,Mobile,UPI / Digital Wallet,Social Media,1,3.3,1,4,1,0
C00506,United Kingdom,44,Female,Free,1/15/2026,10,359.21,41.16,47,Health & Wellness,Desktop,Credit Card,Direct,3,4,1,1,0,0
C00507,Australia,18,Male,Silver,1/4/2025,12,2465.06,180.48,8,Electronics,Mobile,PayPal,Email Campaign,0,4.6,0,1,1,0
C00508,United States,34,Male,Free,12/23/2025,10,739.25,76.47,55,Electronics,Tablet,Debit Card,Email Campaign,3,3.7,1,1,0,0
C00509,Canada,41,Male,Free,5/26/2025,11,2236.41,193.95,4,Home & Kitchen,Mobile,Credit Card,Direct,1,3.8,0,5,1,0
C00510,Sweden,41,Male,Gold,11/10/2025,3,171.23,59.64,41,Home & Kitchen,Mobile,Credit Card,Email Campaign,0,4.4,0,0,0,0
C00511,Brazil,19,Male,Free,8/29/2024,2,83.13,41.33,11,Health & Wellness,Mobile,Debit Card,Organic Search,0,3.2,0,1,0,0
C00512,Spain,36,Female,Free,12/16/2025,5,412.66,83.98,95,Electronics,Mobile,UPI / Digital Wallet,Social Media,0,4,0,0,1,0
C00513,France,25,Male,Silver,8/23/2020,7,376.95,48.67,11,Home & Kitchen,Mobile,PayPal,Direct,2,4.1,0,1,1,0
C00514,Italy,37,Female,Free,4/18/2025,5,614.72,120.1,5,Sports & Outdoors,Desktop,Credit Card,Direct,1,4.3,0,0,0,0
C00515,Italy,55,Female,Silver,12/8/2024,28,785.68,31,52,Electronics,Desktop,Debit Card,Email Campaign,6,4.2,3,5,1,0
C00516,France,46,Female,Free,10/21/2024,18,371.78,19.33,39,Electronics,Tablet,Debit Card,Organic Search,2,2.9,2,7,1,1
C00517,India,37,Male,Free,1/25/2026,17,2542.25,153.81,13,Toys & Games,Desktop,PayPal,Paid Ad,4,4.4,0,22,1,1
C00518,United Kingdom,32,Male,Free,10/17/2024,27,1066.39,35.8,46,Clothing & Apparel,Mobile,Bank Transfer,Organic Search,7,4,3,0,1,0
C00519,Brazil,40,Male,Free,8/8/2023,18,461.51,23.85,20,Clothing & Apparel,Mobile,Credit Card,Email Campaign,2,2.5,2,0,1,1
C00520,United Kingdom,35,Male,Free,5/1/2023,3,84.3,24.89,0,Electronics,Desktop,Credit Card,Email Campaign,1,4.4,0,5,1,0
C00521,India,26,Other,Silver,10/31/2024,4,198.15,54.11,69,Food & Grocery,Tablet,PayPal,Paid Ad,0,4.5,0,11,0,0
C00522,Brazil,18,Male,Platinum,12/19/2025,7,878.39,114.85,28,Clothing & Apparel,Mobile,UPI / Digital Wallet,Paid Ad,1,4.9,0,1,1,0
C00523,Germany,36,Male,Silver,1/13/2024,11,1246.66,112.64,35,Home & Kitchen,Mobile,Cryptocurrency,Email Campaign,2,4.3,1,3,1,0
C00524,India,39,Female,Free,1/4/2025,11,1102.2,94.73,25,Clothing & Apparel,Mobile,UPI / Digital Wallet,Social Media,1,4.5,0,4,1,0
C00525,United States,51,Male,Platinum,9/21/2025,21,1260.63,61.29,73,Books,Mobile,Credit Card,Referral,4,3.8,2,6,0,0
C00526,Spain,18,Female,Silver,6/2/2024,9,289.14,37.76,144,Toys & Games,Mobile,Credit Card,Organic Search,3,3.3,0,0,0,0
C00527,Japan,25,Male,Silver,10/16/2022,15,999.86,69.36,47,Clothing & Apparel,Mobile,PayPal,Email Campaign,4,4.3,0,0,1,0
C00528,India,37,Female,Free,9/3/2023,13,682.5,53.83,3,Clothing & Apparel,Desktop,Credit Card,Organic Search,4,4.3,0,4,1,0
C00529,Mexico,29,Male,Free,8/27/2025,10,1801.94,199.29,63,Beauty & Personal Care,Mobile,Credit Card,Organic Search,1,4,1,3,0,0
C00530,United States,26,Male,Free,1/26/2026,25,4402,178.63,59,Pet Supplies,Mobile,Credit Card,Direct,9,4,2,4,1,0
C00531,Germany,48,Male,Silver,9/10/2025,6,810.86,121.01,59,Travel & Luggage,Desktop,Buy Now Pay Later,Email Campaign,1,3.5,0,2,1,0
C00532,France,51,Male,Silver,7/24/2025,5,103.34,20.61,37,Automotive,Desktop,Credit Card,Email Campaign,1,4.6,0,1,1,0
C00533,United States,29,Female,Gold,7/30/2022,7,639.63,85.28,11,Home & Kitchen,Mobile,Credit Card,Direct,2,4.2,0,4,1,0
C00534,United States,30,Female,Free,3/31/2023,40,4898.95,113.41,13,Toys & Games,Mobile,PayPal,Organic Search,15,4.1,0,2,0,0
C00535,United States,28,Male,Free,10/7/2024,10,548.05,53.34,85,Electronics,Mobile,Credit Card,Organic Search,3,3.5,0,1,1,0
C00536,Germany,22,Female,Gold,2/14/2026,4,64.19,16.92,135,Travel & Luggage,Tablet,UPI / Digital Wallet,Social Media,1,3.7,0,3,0,0
C00537,South Korea,18,Male,Gold,9/21/2025,20,1066.71,47.48,10,Food & Grocery,Desktop,Credit Card,Organic Search,4,4.7,1,1,1,0
C00538,Germany,31,Female,Free,12/27/2021,19,2088.86,125.88,105,Electronics,Desktop,Credit Card,Email Campaign,2,2.9,0,6,1,0
C00539,Brazil,47,Female,Gold,8/20/2023,9,1387.31,148.84,29,Home & Kitchen,Mobile,Bank Transfer,Social Media,1,4,0,9,0,0
C00540,Mexico,19,Male,Free,2/17/2025,2,68.14,33.37,22,Toys & Games,Mobile,PayPal,Paid Ad,0,4.9,0,14,0,0
C00541,Brazil,31,Male,Gold,8/17/2025,27,2273.69,93.36,67,Sports & Outdoors,Desktop,PayPal,Paid Ad,3,4.3,2,2,0,0
C00542,France,33,Female,Free,7/11/2025,46,1392.52,35.41,96,Home & Kitchen,Mobile,PayPal,Direct,18,4.7,5,5,1,0
C00543,United Kingdom,61,Other,Free,11/16/2022,2,99.19,43.73,222,Electronics,Mobile,PayPal,Social Media,0,4.8,0,9,1,0
C00544,Germany,51,Female,Free,4/12/2022,53,1035.91,17.6,72,Electronics,Desktop,Buy Now Pay Later,Paid Ad,14,3.9,0,9,0,0
C00545,France,36,Male,Free,10/17/2025,13,228.77,20.65,157,Home & Kitchen,Mobile,UPI / Digital Wallet,Organic Search,3,3.9,1,9,0,0
C00546,United Kingdom,32,Male,Platinum,2/16/2024,8,527.22,61.87,11,Clothing & Apparel,Tablet,UPI / Digital Wallet,Email Campaign,2,4.5,0,2,1,1
C00547,United States,33,Female,Free,1/15/2025,19,652.52,39.04,47,Beauty & Personal Care,Mobile,Buy Now Pay Later,Social Media,2,3.7,1,0,1,0
C00548,Turkey,30,Male,Silver,3/22/2026,22,456.19,18.91,40,Jewelry & Accessories,Desktop,Credit Card,Paid Ad,2,4.6,0,2,0,0
C00549,United States,49,Male,Silver,2/10/2026,1,221.23,222.99,290,Health & Wellness,Mobile,Buy Now Pay Later,Organic Search,0,4.2,0,8,0,1
C00550,Japan,45,Male,Gold,5/18/2025,31,11446.58,324.43,160,Food & Grocery,Tablet,Bank Transfer,Direct,3,4.6,1,0,0,0
C00551,Netherlands,18,Male,Free,8/9/2025,4,198.16,50.38,60,Clothing & Apparel,Mobile,Credit Card,Organic Search,1,3.7,0,3,1,0
C00552,United States,50,Male,Free,1/15/2025,8,630.59,71.95,92,Health & Wellness,Mobile,PayPal,Organic Search,0,4.9,0,1,1,0
C00553,South Korea,40,Male,Free,1/15/2025,24,2036.99,79.65,16,Jewelry & Accessories,Mobile,Credit Card,Direct,8,4.2,3,7,0,0
C00554,United States,37,Female,Free,8/23/2022,61,4792.5,74.42,77,Home & Kitchen,Tablet,Debit Card,Organic Search,3,4,7,3,1,0
C00555,United Kingdom,35,Female,Gold,3/4/2023,17,808.61,48.23,10,Home & Kitchen,Desktop,Credit Card,Organic Search,5,3.9,1,0,1,0
C00556,United States,50,Female,Free,5/4/2024,31,2044.47,76.43,10,Books,Mobile,PayPal,Referral,6,4.4,2,2,0,0
C00557,Canada,39,Male,Silver,4/10/2024,37,624.8,18.97,146,Food & Grocery,Mobile,PayPal,Paid Ad,4,3.7,1,3,0,0
C00558,United Kingdom,26,Female,Silver,7/21/2025,11,1364.45,113.28,12,Electronics,Mobile,PayPal,Email Campaign,3,3.9,0,3,0,0
C00559,Australia,49,Male,Free,1/28/2025,21,746.62,37.51,19,Books,Desktop,UPI / Digital Wallet,Paid Ad,6,3.9,2,2,1,0
C00560,France,28,Female,Free,1/7/2026,13,368.67,30.72,5,Toys & Games,Mobile,Bank Transfer,Organic Search,4,4,0,5,1,0
C00561,Spain,24,Female,Free,2/19/2026,6,516.34,90.15,80,Clothing & Apparel,Mobile,Debit Card,Direct,0,4.2,0,7,1,1
C00562,United Kingdom,32,Male,Free,7/19/2021,1,155.26,172.01,3,Clothing & Apparel,Mobile,Credit Card,Social Media,0,4.5,0,0,1,0
C00563,United States,36,Female,Free,6/20/2023,21,887.68,46.96,49,Books,Desktop,Buy Now Pay Later,Organic Search,3,3.2,0,7,0,1
C00564,United Kingdom,18,Female,Free,9/9/2024,4,329.62,75.29,93,Pet Supplies,Tablet,PayPal,Paid Ad,0,4.9,0,6,0,0
C00565,United States,32,Female,Silver,6/2/2025,2,59.09,33.69,67,Toys & Games,Desktop,Credit Card,Organic Search,0,3.8,0,3,0,0
C00566,United States,34,Male,Free,12/20/2019,2,53.95,25.56,74,Books,Mobile,UPI / Digital Wallet,Organic Search,0,3.9,0,4,0,0
C00567,United States,35,Female,Silver,10/30/2024,27,744.13,27.1,95,Electronics,Mobile,Debit Card,Social Media,5,3.5,0,4,0,0
C00568,Japan,50,Female,Free,10/12/2025,47,2076.46,45.51,34,Home & Kitchen,Mobile,PayPal,Social Media,16,4.5,5,0,0,0
C00569,United States,18,Male,Free,5/4/2022,10,1001,90.25,0,Jewelry & Accessories,Desktop,Credit Card,Social Media,1,4.3,1,0,1,0
C00570,South Korea,27,Female,Free,7/30/2024,1,68.34,77.29,108,Office Supplies,Desktop,Buy Now Pay Later,Email Campaign,0,4.8,0,0,1,0
C00571,Germany,23,Male,Silver,5/10/2025,18,575.16,32.2,21,Automotive,Mobile,Bank Transfer,Organic Search,6,4.2,1,8,1,1
C00572,South Korea,31,Female,Free,10/3/2025,9,833.49,91.92,224,Pet Supplies,Tablet,Credit Card,Direct,2,3.5,1,15,1,0
C00573,United States,33,Female,Free,9/23/2024,28,1465.64,50.01,45,Health & Wellness,Mobile,Credit Card,Email Campaign,9,4.1,0,3,1,0
C00574,United States,64,Female,Free,7/10/2025,9,1169.49,149.36,25,Electronics,Desktop,Credit Card,Organic Search,2,4.7,0,1,0,0
C00575,India,41,Female,Free,3/5/2024,8,82.01,10.31,49,Electronics,Desktop,Credit Card,Paid Ad,1,3.8,0,2,0,1
C00576,United States,34,Other,Gold,10/18/2024,6,642.48,104.18,190,Home & Kitchen,Mobile,Debit Card,Email Campaign,0,4.3,0,12,0,1
C00577,France,43,Other,Free,12/22/2025,45,5054.58,124.7,3,Electronics,Mobile,Credit Card,Paid Ad,10,3.8,4,0,0,1
C00578,Canada,43,Other,Free,7/11/2023,7,294.19,37.22,345,Clothing & Apparel,Tablet,Bank Transfer,Organic Search,1,4.7,0,14,0,0
C00579,Germany,44,Male,Free,4/11/2025,10,382.33,42.17,4,Beauty & Personal Care,Mobile,Debit Card,Social Media,1,3.7,0,6,1,0
C00580,United States,30,Female,Gold,11/19/2025,31,914.82,28.72,30,Clothing & Apparel,Mobile,UPI / Digital Wallet,Paid Ad,12,4,3,5,1,0
C00581,United States,18,Male,Free,12/2/2025,3,161.75,48.51,143,Electronics,Tablet,Debit Card,Direct,0,3.7,0,2,1,0
C00582,United Kingdom,54,Female,Free,11/23/2025,33,2000.03,58.25,10,Electronics,Mobile,Credit Card,Paid Ad,10,4.6,2,1,1,0
C00583,United States,48,Female,Free,10/27/2022,36,2252.89,66.27,4,Pet Supplies,Tablet,PayPal,Organic Search,2,2.8,4,6,1,0
C00584,Mexico,24,Female,Free,6/19/2025,8,377.7,50.04,15,Home & Kitchen,Mobile,Debit Card,Paid Ad,2,4.4,0,3,0,0
C00585,United States,31,Male,Free,2/24/2025,9,835.93,99.99,14,Electronics,Desktop,PayPal,Organic Search,1,4.3,1,0,0,0
C00586,India,33,Female,Free,3/27/2026,11,1171.25,116.93,48,Beauty & Personal Care,Mobile,Credit Card,Organic Search,3,4.6,0,0,0,0
C00587,South Africa,26,Male,Silver,11/25/2024,7,787.37,124.39,21,Toys & Games,Mobile,UPI / Digital Wallet,Organic Search,0,3.7,0,3,1,0
C00588,Canada,30,Male,Free,2/9/2026,7,516.24,66.13,8,Electronics,Desktop,Credit Card,Organic Search,1,4.4,0,7,1,0
C00589,Singapore,18,Female,Gold,3/12/2025,9,1647,169.32,28,Jewelry & Accessories,Mobile,Bank Transfer,Social Media,2,4.1,0,3,0,0
C00590,Australia,23,Male,Free,12/24/2023,4,296.21,84.46,83,Food & Grocery,Desktop,Credit Card,Direct,1,3.6,0,2,1,0
C00591,Canada,26,Male,Free,1/14/2026,3,1011.33,300.2,92,Automotive,Desktop,Credit Card,Social Media,0,4.2,0,0,0,0
C00592,Japan,42,Male,Platinum,7/3/2024,9,4559.73,449.37,210,Sports & Outdoors,Desktop,PayPal,Organic Search,1,3.9,1,7,0,0
C00593,Canada,44,Female,Silver,6/19/2025,32,6580.33,190.13,109,Books,Mobile,PayPal,Direct,6,4.6,4,4,0,0
C00594,United Kingdom,37,Female,Free,10/3/2024,28,4680.99,166.43,74,Electronics,Desktop,Debit Card,Organic Search,7,4.4,2,9,1,0
C00595,India,25,Female,Free,9/14/2023,2,255.4,112.2,85,Electronics,Mobile,PayPal,Organic Search,0,4.4,0,4,1,0
C00596,United States,37,Male,Free,10/28/2025,35,2810.18,79.03,0,Clothing & Apparel,Desktop,Credit Card,Social Media,3,4.5,4,4,1,0
C00597,South Korea,18,Male,Free,3/3/2023,58,5717.33,105.49,0,Sports & Outdoors,Desktop,Debit Card,Paid Ad,7,4.2,6,7,1,0
C00598,France,34,Male,Free,2/23/2025,8,658.26,82.1,10,Home & Kitchen,Desktop,Credit Card,Organic Search,1,4.8,0,24,0,0
C00599,India,41,Female,Silver,10/26/2021,64,6874.4,95.42,24,Health & Wellness,Mobile,PayPal,Organic Search,5,3.7,0,2,1,0
C00600,Australia,63,Female,Free,1/28/2026,7,1113.8,160.65,131,Books,Mobile,Credit Card,Direct,2,3.3,0,1,0,0
C00601,Canada,42,Male,Silver,2/22/2026,1,51.46,48.17,17,Office Supplies,Mobile,Debit Card,Social Media,0,4.8,0,7,0,0
C00602,Spain,18,Female,Free,2/22/2024,18,2378.18,154.78,24,Beauty & Personal Care,Mobile,UPI / Digital Wallet,Email Campaign,5,4.3,2,19,1,0
C00603,Brazil,21,Male,Gold,8/26/2025,6,586.6,108.48,36,Books,Mobile,Buy Now Pay Later,Direct,0,4.3,0,8,1,0
C00604,United States,39,Female,Silver,4/26/2024,48,3505.96,67.08,20,Travel & Luggage,Mobile,Buy Now Pay Later,Social Media,12,4.5,0,0,0,0
C00605,France,47,Female,Gold,4/13/2025,28,720.25,25.98,92,Electronics,Mobile,Debit Card,Email Campaign,4,4.7,0,17,1,0
C00606,Canada,30,Female,Free,9/20/2024,12,1429.53,119.51,162,Electronics,Desktop,UPI / Digital Wallet,Organic Search,4,4.6,0,2,1,0
C00607,Canada,27,Female,Free,11/13/2023,67,1226.13,21.21,106,Electronics,Desktop,UPI / Digital Wallet,Social Media,18,4.1,3,0,1,0
C00608,France,27,Male,Gold,5/2/2023,47,8759.82,213.31,45,Home & Kitchen,Desktop,Debit Card,Direct,11,4.3,1,24,1,0
C00609,Mexico,28,Male,Silver,10/18/2023,60,2759.34,42.73,9,Food & Grocery,Mobile,Credit Card,Email Campaign,23,4.8,8,2,1,0
C00610,Mexico,58,Male,Free,4/23/2025,7,631.57,86.55,78,Sports & Outdoors,Desktop,Debit Card,Direct,0,4.6,0,9,1,0
C00611,United States,32,Male,Platinum,3/5/2026,2,107.31,50.64,5,Pet Supplies,Desktop,Credit Card,Organic Search,0,4.7,0,11,1,1
C00612,South Korea,36,Female,Silver,2/5/2026,3,421.71,127.65,8,Beauty & Personal Care,Mobile,Debit Card,Organic Search,1,4.1,0,6,1,0
C00613,United States,49,Female,Gold,4/13/2024,20,1372.66,70.32,33,Food & Grocery,Mobile,Credit Card,Social Media,6,3.2,2,11,1,0
C00614,United States,34,Female,Free,4/23/2019,2,70.38,33.63,10,Electronics,Mobile,PayPal,Organic Search,0,4.5,0,3,0,1
C00615,Australia,24,Female,Free,8/13/2025,4,864.5,214.69,144,Toys & Games,Mobile,Credit Card,Organic Search,1,3.9,0,2,1,0
C00616,Germany,30,Male,Silver,11/15/2025,4,159.99,37.08,15,Books,Mobile,Credit Card,Organic Search,1,4.6,0,2,0,0
C00617,Germany,18,Female,Gold,12/19/2022,30,3807.69,110.65,2,Jewelry & Accessories,Mobile,Debit Card,Email Campaign,9,3.3,2,3,1,0
C00618,United Kingdom,20,Female,Free,5/18/2025,13,5180.82,449.7,143,Sports & Outdoors,Mobile,Debit Card,Social Media,1,3.9,1,8,0,0
C00619,United States,40,Male,Silver,8/30/2025,17,1394.93,76.78,43,Travel & Luggage,Desktop,Debit Card,Organic Search,2,3.7,1,1,0,0
C00620,United Kingdom,37,Female,Free,2/14/2025,24,1483.41,60.12,15,Food & Grocery,Desktop,Credit Card,Direct,7,4.2,0,28,0,0
C00621,United States,35,Female,Gold,12/30/2022,2,120.61,58.05,17,Food & Grocery,Mobile,Credit Card,Paid Ad,0,4.5,0,4,1,0
C00622,Italy,20,Male,Free,3/26/2026,5,1255.06,226.35,0,Books,Desktop,Debit Card,Social Media,1,4.4,0,0,1,0
C00623,Germany,45,Female,Silver,10/24/2025,4,1470.94,327.48,25,Books,Mobile,PayPal,Direct,1,4.3,0,5,1,0
C00624,India,18,Male,Free,11/25/2025,53,5634.33,110.48,38,Food & Grocery,Desktop,PayPal,Paid Ad,10,4.6,1,0,0,0
C00625,France,41,Female,Free,3/19/2026,41,2043.49,49.03,45,Home & Kitchen,Desktop,Debit Card,Email Campaign,11,4.9,4,5,0,0
C00626,United States,62,Female,Free,3/16/2025,2,70.23,36.11,12,Clothing & Apparel,Desktop,Credit Card,Organic Search,0,4.3,0,10,0,0
C00627,India,43,Male,Free,10/26/2024,2,156.94,78.98,15,Electronics,Mobile,Debit Card,Organic Search,0,4.4,0,2,0,0
C00628,United States,43,Male,Platinum,8/16/2025,76,4546.96,66.85,5,Beauty & Personal Care,Desktop,PayPal,Social Media,20,3.8,10,0,0,0
C00629,United States,20,Male,Free,11/13/2025,1,48.06,55.22,14,Clothing & Apparel,Mobile,Credit Card,Paid Ad,0,4.7,0,5,1,1
C00630,Australia,18,Female,Free,11/9/2025,9,358.34,42.89,108,Books,Desktop,PayPal,Social Media,1,4.6,1,3,1,1
C00631,France,27,Female,Silver,10/7/2025,15,1100.79,75.33,69,Sports & Outdoors,Desktop,UPI / Digital Wallet,Paid Ad,4,4.2,2,1,0,0
C00632,India,22,Female,Gold,6/23/2022,27,2383.1,101.48,3,Sports & Outdoors,Desktop,Debit Card,Organic Search,7,4,2,1,1,0
C00633,United Kingdom,29,Female,Free,1/5/2025,10,203.77,23.45,14,Travel & Luggage,Mobile,Debit Card,Organic Search,3,3.8,1,2,1,0
C00634,United Kingdom,18,Male,Free,2/22/2024,6,2471.7,385.03,6,Jewelry & Accessories,Desktop,UPI / Digital Wallet,Organic Search,1,3.4,0,7,0,0
C00635,United States,33,Female,Free,2/11/2022,26,1903.74,68.16,3,Beauty & Personal Care,Mobile,PayPal,Paid Ad,8,4.6,3,9,1,0
C00636,India,29,Male,Gold,2/8/2025,15,1337.57,82.18,12,Health & Wellness,Mobile,Debit Card,Social Media,1,4,0,0,0,0
C00637,Brazil,23,Male,Free,5/7/2023,2,183.7,98.76,145,Sports & Outdoors,Mobile,Debit Card,Direct,0,3.1,0,3,0,0
C00638,United States,33,Male,Free,2/24/2025,40,4939.86,111.49,63,Home & Kitchen,Mobile,Credit Card,Social Media,2,3.9,0,1,0,0
C00639,United Kingdom,50,Male,Gold,7/21/2023,45,4934.89,128.09,106,Clothing & Apparel,Mobile,Buy Now Pay Later,Organic Search,4,3.3,5,4,1,0
C00640,United States,35,Male,Silver,12/11/2024,14,1433.13,98.74,86,Pet Supplies,Desktop,Credit Card,Social Media,2,4.2,1,14,1,0
C00641,Turkey,33,Male,Free,1/16/2025,4,508.96,120.11,106,Electronics,Desktop,Bank Transfer,Referral,1,3.3,0,1,1,0
C00642,India,36,Male,Free,5/16/2021,6,177.9,26.36,15,Books,Desktop,Credit Card,Social Media,1,4,0,4,0,0
C00643,United States,28,Female,Gold,5/29/2025,35,1109.12,29.19,14,Home & Kitchen,Mobile,UPI / Digital Wallet,Email Campaign,9,3.7,3,11,1,0
C00644,India,40,Male,Silver,11/19/2023,5,268.02,49.23,34,Toys & Games,Desktop,Debit Card,Social Media,1,4.2,0,22,1,1
C00645,Spain,18,Male,Free,12/22/2024,33,3875.23,121.65,50,Beauty & Personal Care,Mobile,Credit Card,Referral,3,4.3,1,0,0,1
C00646,Australia,24,Female,Platinum,7/5/2025,43,18326.52,380.44,185,Beauty & Personal Care,Mobile,Credit Card,Social Media,9,4.6,0,2,1,0
C00647,France,31,Female,Free,11/17/2025,15,648.27,47.41,79,Office Supplies,Desktop,UPI / Digital Wallet,Social Media,1,4.6,1,1,0,0
C00648,Germany,49,Female,Gold,9/5/2025,3,323.62,116.59,91,Food & Grocery,Mobile,Debit Card,Email Campaign,0,4.1,0,3,1,0
C00649,France,68,Male,Free,2/9/2024,1,117.04,130.04,59,Health & Wellness,Tablet,Bank Transfer,Social Media,0,4.1,0,7,1,0
C00650,India,46,Female,Free,12/11/2025,34,834.98,21.39,139,Automotive,Mobile,Bank Transfer,Organic Search,10,4.5,1,8,1,0
C00651,Canada,30,Male,Free,5/14/2023,9,330.22,39.69,231,Jewelry & Accessories,Mobile,Credit Card,Email Campaign,0,4.5,0,2,0,0
C00652,India,19,Male,Gold,11/12/2025,26,1082.64,47.21,69,Electronics,Mobile,PayPal,Paid Ad,8,3.7,2,29,1,0
C00653,Australia,34,Female,Free,3/4/2026,10,909.99,92.21,106,Electronics,Mobile,PayPal,Referral,0,4.3,0,8,0,0
C00654,United States,47,Female,Silver,9/25/2025,25,522.56,20.28,126,Beauty & Personal Care,Mobile,Credit Card,Referral,5,4.3,0,5,1,0
C00655,India,21,Male,Gold,10/6/2024,19,1055.71,63.4,3,Travel & Luggage,Mobile,UPI / Digital Wallet,Direct,5,4.9,2,4,1,0
C00656,Australia,34,Female,Free,7/3/2025,21,1894.71,85.59,132,Automotive,Desktop,PayPal,Email Campaign,7,4.3,2,14,1,0
C00657,Netherlands,37,Male,Gold,8/9/2025,3,248.03,80.06,21,Electronics,Desktop,Debit Card,Organic Search,0,3.8,0,6,1,0
C00658,France,54,Male,Gold,3/6/2025,29,5643.05,218.03,50,Food & Grocery,Mobile,PayPal,Organic Search,9,4,0,2,1,0
C00659,Japan,56,Female,Free,10/3/2025,11,187.5,15.02,53,Travel & Luggage,Mobile,PayPal,Organic Search,3,3.9,1,0,1,0
C00660,France,37,Male,Free,12/28/2022,6,406.31,66.14,38,Beauty & Personal Care,Desktop,PayPal,Email Campaign,1,4.4,0,4,1,0
C00661,India,18,Female,Free,8/23/2025,44,2110.46,52.63,12,Electronics,Mobile,PayPal,Social Media,2,4.5,5,0,0,0
C00662,India,40,Female,Silver,10/26/2024,9,989.72,125.37,109,Home & Kitchen,Desktop,PayPal,Paid Ad,2,3.1,0,5,0,0
C00663,United States,38,Male,Free,12/4/2025,33,14931.56,439.01,82,Sports & Outdoors,Mobile,Debit Card,Paid Ad,5,4.3,0,0,1,0
C00664,United States,39,Female,Free,11/19/2020,20,1598.69,85.62,120,Books,Mobile,UPI / Digital Wallet,Organic Search,2,4.4,1,0,1,0
C00665,United States,48,Female,Gold,1/2/2025,22,2878.45,123.11,62,Office Supplies,Mobile,Buy Now Pay Later,Social Media,1,3.9,1,20,1,0
C00666,United States,38,Female,Free,9/7/2022,5,78.35,13.64,104,Beauty & Personal Care,Mobile,Debit Card,Social Media,0,3.5,0,17,0,0
C00667,United States,37,Female,Gold,6/19/2025,13,565.61,45.38,6,Beauty & Personal Care,Desktop,Credit Card,Paid Ad,4,3.8,1,1,1,0
C00668,United States,46,Male,Free,3/4/2023,9,579.49,58.64,65,Jewelry & Accessories,Desktop,Debit Card,Email Campaign,0,3.7,1,8,1,0
C00669,Germany,23,Male,Silver,12/30/2023,8,596.26,69.62,148,Electronics,Mobile,Credit Card,Paid Ad,2,4.5,1,9,0,0
C00670,United States,18,Female,Free,2/1/2026,29,4296.96,148.31,78,Clothing & Apparel,Mobile,Buy Now Pay Later,Paid Ad,7,4.8,3,26,0,0
C00671,Canada,27,Male,Free,2/7/2026,22,1645.95,81.37,33,Electronics,Desktop,PayPal,Organic Search,2,4.4,2,2,1,0
C00672,United States,32,Male,Silver,12/3/2020,6,457.86,77.36,2,Jewelry & Accessories,Tablet,Bank Transfer,Email Campaign,0,4.1,0,11,0,0
C00673,Spain,22,Male,Free,3/31/2025,9,783.57,76.87,43,Sports & Outdoors,Desktop,UPI / Digital Wallet,Email Campaign,1,4.1,0,6,0,0
C00674,India,34,Male,Free,12/8/2024,30,4148.7,150.74,76,Sports & Outdoors,Desktop,Credit Card,Paid Ad,7,4.4,1,1,1,0
C00675,Australia,50,Female,Free,7/20/2025,12,293.13,21.3,47,Home & Kitchen,Mobile,Credit Card,Email Campaign,3,4.4,0,4,0,0
C00676,United States,20,Male,Free,1/20/2026,12,1369.1,103.62,30,Clothing & Apparel,Mobile,Credit Card,Organic Search,3,4.9,0,2,1,0
C00677,India,45,Female,Platinum,1/20/2026,16,1354.85,76.12,58,Clothing & Apparel,Mobile,Credit Card,Email Campaign,3,4.4,2,14,0,0
C00678,UAE,20,Female,Gold,6/18/2024,8,1326.26,185.46,38,Clothing & Apparel,Desktop,Debit Card,Social Media,0,4.3,0,0,1,0
C00679,United States,45,Female,Free,4/15/2025,2,102.42,59.36,11,Electronics,Mobile,Credit Card,Social Media,0,4.4,0,3,0,0
C00680,United States,31,Male,Free,7/7/2025,18,1266.52,79.33,45,Beauty & Personal Care,Desktop,Credit Card,Referral,6,3,1,2,0,0
C00681,Japan,34,Female,Free,12/6/2024,22,1788.62,94.52,89,Sports & Outdoors,Desktop,Buy Now Pay Later,Organic Search,4,4,2,8,1,0
C00682,Japan,51,Female,Free,3/24/2024,5,407.38,89.3,135,Beauty & Personal Care,Mobile,Buy Now Pay Later,Organic Search,1,2.7,0,1,1,0
C00683,India,29,Female,Silver,3/29/2021,3,391.52,124.54,10,Sports & Outdoors,Desktop,PayPal,Social Media,0,4.5,0,0,1,0
C00684,Singapore,37,Female,Free,7/8/2024,8,385.28,53.57,38,Clothing & Apparel,Mobile,Debit Card,Paid Ad,0,3.6,0,6,1,0
C00685,India,19,Male,Gold,3/10/2026,12,3695.3,311.23,47,Clothing & Apparel,Mobile,Debit Card,Referral,1,4.3,1,9,0,0
C00686,United States,54,Female,Gold,12/4/2025,8,365.88,50.91,24,Books,Mobile,Debit Card,Paid Ad,3,4.8,0,8,0,0
C00687,United States,18,Male,Free,11/7/2025,9,748.43,93.18,161,Sports & Outdoors,Mobile,Buy Now Pay Later,Social Media,1,4.2,1,1,0,0
C00688,France,35,Female,Silver,12/8/2024,3,128.96,42.6,41,Health & Wellness,Desktop,PayPal,Direct,0,3.7,0,4,1,0
C00689,United States,43,Other,Free,1/23/2024,24,1407.33,60.57,1,Sports & Outdoors,Mobile,UPI / Digital Wallet,Social Media,3,4.6,1,3,0,0
C00690,Germany,41,Male,Free,9/24/2025,9,397.84,48.15,42,Health & Wellness,Mobile,Debit Card,Social Media,1,2.9,1,2,1,0
C00691,India,40,Female,Free,12/5/2025,6,180.66,26.56,0,Clothing & Apparel,Desktop,UPI / Digital Wallet,Referral,2,3.5,0,4,0,1
C00692,United States,39,Male,Silver,3/19/2026,1,39.06,36.04,233,Jewelry & Accessories,Mobile,Credit Card,Direct,0,4,0,2,0,1
C00693,United States,40,Female,Gold,7/15/2025,22,1293.48,59.41,202,Electronics,Mobile,Credit Card,Social Media,5,4.1,0,2,0,1
C00694,United Kingdom,29,Male,Gold,7/7/2023,27,1876.31,76.53,46,Clothing & Apparel,Tablet,Debit Card,Email Campaign,9,3.6,3,4,0,1
C00695,United States,25,Female,Gold,9/2/2024,9,527.09,53.98,20,Sports & Outdoors,Mobile,Credit Card,Organic Search,1,4.9,0,2,0,0
C00696,United States,43,Female,Free,12/28/2023,23,875.81,35.11,80,Clothing & Apparel,Mobile,Credit Card,Paid Ad,8,4.5,2,9,0,0
C00697,Netherlands,53,Male,Free,1/14/2026,12,658.78,59.26,23,Home & Kitchen,Mobile,PayPal,Social Media,2,4.9,0,6,0,0
C00698,Australia,45,Male,Silver,5/15/2023,10,1116.27,119.25,1,Health & Wellness,Mobile,UPI / Digital Wallet,Paid Ad,2,3.6,0,1,1,0
C00699,United States,26,Female,Free,3/17/2022,1,58.32,65.68,64,Travel & Luggage,Mobile,Credit Card,Email Campaign,0,4,0,0,1,0
C00700,Poland,41,Female,Silver,9/5/2023,28,2564.94,94.84,40,Books,Desktop,Credit Card,Organic Search,10,4.1,1,3,1,0
C00701,United States,31,Female,Gold,10/9/2023,22,1586.89,63.17,14,Electronics,Mobile,Credit Card,Email Campaign,4,3.6,0,2,1,0
C00702,Brazil,62,Male,Gold,1/21/2023,7,396.45,49.49,142,Books,Desktop,Debit Card,Social Media,0,3.5,1,0,1,0
C00703,Brazil,52,Male,Gold,9/23/2022,9,2080.41,219.32,22,Clothing & Apparel,Tablet,PayPal,Direct,1,3.9,1,2,1,0
C00704,Netherlands,21,Female,Free,3/28/2024,18,470.58,24.6,63,Health & Wellness,Mobile,Debit Card,Organic Search,1,4.5,1,7,1,0
C00705,France,41,Male,Silver,7/5/2020,12,1300.53,122.79,47,Electronics,Desktop,PayPal,Email Campaign,1,4.6,1,1,1,0
C00706,United States,33,Male,Gold,2/26/2026,2,298.66,134.19,0,Home & Kitchen,Mobile,Credit Card,Paid Ad,0,3.6,0,2,0,0
C00707,United States,38,Female,Platinum,10/8/2024,22,3682.06,174.72,46,Clothing & Apparel,Desktop,Credit Card,Social Media,5,2.5,2,7,1,0
C00708,United States,44,Male,Free,7/20/2022,8,534.67,75.62,206,Travel & Luggage,Mobile,Credit Card,Social Media,1,4,0,4,1,1
C00709,United States,18,Male,Free,12/12/2024,5,206.69,38.96,100,Office Supplies,Desktop,PayPal,Organic Search,1,4.4,0,3,1,0
C00710,Australia,31,Male,Free,2/7/2024,1,17.8,16.86,107,Food & Grocery,Desktop,Debit Card,Paid Ad,0,3.9,0,2,0,0
C00711,United States,32,Male,Free,10/14/2024,48,10448.07,233.96,0,Home & Kitchen,Mobile,UPI / Digital Wallet,Email Campaign,2,3.9,7,9,0,0
C00712,United States,43,Female,Free,9/15/2025,9,269.4,27.35,79,Automotive,Desktop,Credit Card,Social Media,1,3.3,0,7,1,0
C00713,Mexico,42,Female,Silver,1/7/2026,14,499.61,35.51,30,Sports & Outdoors,Mobile,Cryptocurrency,Paid Ad,1,3.3,1,3,1,0
C00714,United States,56,Female,Silver,5/24/2025,12,265.05,23.57,13,Sports & Outdoors,Mobile,Bank Transfer,Organic Search,1,4.9,1,0,1,0
C00715,France,48,Female,Platinum,3/28/2025,75,19449.63,279.02,4,Food & Grocery,Mobile,Credit Card,Email Campaign,7,4.2,7,8,0,0
C00716,France,48,Female,Free,5/15/2025,68,4839.53,82.47,53,Toys & Games,Desktop,Credit Card,Direct,7,4.3,7,2,1,0
C00717,Turkey,18,Male,Gold,7/22/2023,14,654.03,46.65,288,Clothing & Apparel,Mobile,Credit Card,Direct,2,4.6,1,0,1,1
C00718,India,56,Male,Free,1/19/2025,19,5467.4,309.02,132,Electronics,Tablet,Debit Card,Email Campaign,7,3.6,1,6,1,0
C00719,India,50,Male,Silver,8/3/2023,11,527.7,52.58,16,Home & Kitchen,Mobile,PayPal,Organic Search,3,3.8,0,4,1,0
C00720,United Kingdom,18,Female,Silver,7/24/2025,38,1446.43,34.52,93,Food & Grocery,Mobile,UPI / Digital Wallet,Organic Search,11,4.5,3,6,1,0
C00721,South Korea,36,Male,Free,9/11/2024,4,274.85,80.7,24,Books,Mobile,Debit Card,Email Campaign,1,4.8,0,8,1,1
C00722,United Kingdom,31,Male,Silver,9/14/2024,26,1956.6,77.91,42,Home & Kitchen,Mobile,UPI / Digital Wallet,Direct,9,4.9,0,0,0,0
C00723,Canada,45,Female,Silver,11/20/2025,3,256.76,92.79,77,Electronics,Mobile,Credit Card,Email Campaign,0,4.6,0,10,1,0
C00724,Japan,39,Male,Free,8/26/2024,16,1499.25,88.64,22,Electronics,Desktop,Credit Card,Email Campaign,5,4.8,0,3,1,0
C00725,Canada,27,Other,Free,11/12/2024,3,112.58,43.72,12,Books,Desktop,Debit Card,Paid Ad,1,4.5,0,0,0,0
C00726,United States,50,Male,Free,2/22/2022,2,223.11,101.73,114,Electronics,Mobile,PayPal,Organic Search,0,4.8,0,3,1,1
C00727,Mexico,42,Male,Free,3/20/2025,6,1062.47,205.37,44,Electronics,Desktop,Buy Now Pay Later,Direct,1,4.2,0,1,1,0
C00728,Mexico,18,Female,Gold,2/16/2026,13,291.51,23.2,7,Home & Kitchen,Mobile,Buy Now Pay Later,Organic Search,4,4.3,1,1,1,0
C00729,India,23,Female,Silver,10/20/2024,1,94.18,84.42,12,Office Supplies,Mobile,Credit Card,Referral,0,4.2,0,4,1,0
C00730,United States,44,Male,Gold,4/16/2023,10,510.07,52.96,4,Food & Grocery,Desktop,PayPal,Organic Search,1,4.2,0,19,0,0
C00731,United States,44,Female,Free,11/23/2023,12,1215.89,116.79,121,Pet Supplies,Mobile,PayPal,Organic Search,1,4.9,1,14,1,0
C00732,United States,18,Female,Silver,12/30/2024,7,660.81,100.29,42,Food & Grocery,Desktop,Debit Card,Direct,0,4,0,0,1,0
C00733,United States,37,Male,Free,1/25/2024,13,465.44,31.91,48,Electronics,Mobile,Credit Card,Organic Search,2,2.5,0,3,0,0
C00734,United States,40,Female,Silver,10/24/2025,13,1111.1,90.91,120,Books,Desktop,Credit Card,Referral,2,4.4,1,0,1,0
C00735,France,36,Female,Free,6/11/2025,15,379.16,28.88,135,Health & Wellness,Mobile,Credit Card,Social Media,3,4.5,2,5,1,0
C00736,United States,27,Female,Free,3/19/2026,59,2217.24,41.44,9,Toys & Games,Desktop,PayPal,Social Media,9,4.2,6,3,1,0
C00737,France,40,Male,Free,10/2/2024,1,45.21,52.08,40,Electronics,Mobile,PayPal,Social Media,0,4.6,0,7,1,0
C00738,United States,46,Male,Free,10/27/2025,38,1911.86,52.56,43,Sports & Outdoors,Mobile,Debit Card,Direct,4,3.6,4,0,0,0
C00739,France,52,Male,Free,12/24/2025,14,1384.26,98.67,89,Food & Grocery,Desktop,Credit Card,Organic Search,1,4.5,0,1,0,0
C00740,Italy,40,Male,Gold,10/14/2025,33,2810.48,84.94,38,Toys & Games,Mobile,Credit Card,Email Campaign,12,3.9,4,2,0,0
C00741,France,19,Female,Silver,3/31/2025,4,57.89,15.9,91,Beauty & Personal Care,Desktop,Credit Card,Email Campaign,1,4.8,0,2,1,0
C00742,United Kingdom,39,Male,Free,2/2/2026,5,1357.5,303.78,5,Electronics,Mobile,Cryptocurrency,Email Campaign,1,4.6,0,1,1,0
C00743,United Kingdom,57,Male,Free,7/10/2022,14,1041.28,74.48,31,Electronics,Desktop,Credit Card,Organic Search,0,3.8,0,0,0,0
C00744,Australia,45,Male,Free,6/16/2014,6,308.95,54.22,2,Books,Desktop,Credit Card,Paid Ad,1,4.3,0,0,1,0
C00745,United States,42,Female,Free,5/1/2020,4,167.56,47.02,30,Sports & Outdoors,Mobile,Credit Card,Direct,0,4.4,0,1,0,0
C00746,United States,46,Female,Free,9/30/2022,9,1133.81,134.87,51,Food & Grocery,Mobile,Bank Transfer,Paid Ad,2,4.5,0,10,1,0
C00747,Brazil,27,Female,Gold,1/10/2025,1,46.79,50.24,16,Travel & Luggage,Mobile,Credit Card,Email Campaign,0,4.4,0,1,1,1
C00748,South Korea,36,Male,Free,2/16/2024,41,1441,31.58,14,Home & Kitchen,Tablet,PayPal,Paid Ad,4,3.9,2,1,1,0
C00749,United Kingdom,44,Female,Silver,6/26/2023,16,1934.42,125.63,22,Clothing & Apparel,Mobile,Credit Card,Email Campaign,4,3.6,0,0,0,1
C00750,United States,30,Male,Free,12/24/2022,11,339.85,27.66,71,Home & Kitchen,Mobile,Debit Card,Referral,1,3.8,1,6,0,0
C00751,Sweden,56,Male,Free,5/14/2025,16,2539.38,142.07,39,Clothing & Apparel,Mobile,Credit Card,Social Media,3,3.5,1,1,0,0
C00752,Spain,26,Male,Silver,4/28/2024,8,324.14,37.97,8,Sports & Outdoors,Mobile,UPI / Digital Wallet,Social Media,0,4.4,0,2,1,0
C00753,UAE,34,Female,Free,8/19/2025,15,872.51,67.36,9,Electronics,Desktop,Credit Card,Paid Ad,3,3.4,1,6,0,0
C00754,United States,18,Female,Platinum,12/14/2024,10,438.81,50.48,37,Food & Grocery,Mobile,Debit Card,Email Campaign,2,4.2,0,19,1,0
C00755,United States,54,Female,Silver,11/28/2019,10,176.45,18.48,62,Pet Supplies,Tablet,Debit Card,Email Campaign,1,4.7,1,6,0,0
C00756,India,49,Female,Free,11/1/2025,30,530.48,20.55,91,Jewelry & Accessories,Mobile,Debit Card,Social Media,7,4.8,4,0,1,0
C00757,Spain,46,Male,Silver,2/22/2022,40,3451.35,89.14,7,Clothing & Apparel,Mobile,Debit Card,Organic Search,10,4.9,0,1,0,0
C00758,Germany,35,Female,Free,3/13/2025,19,384.88,21.59,8,Health & Wellness,Tablet,UPI / Digital Wallet,Paid Ad,5,3.7,1,1,0,0
C00759,United States,18,Male,Platinum,1/6/2017,16,2696.1,196.99,14,Electronics,Desktop,Credit Card,Paid Ad,1,4.9,0,2,0,0
C00760,Germany,34,Male,Free,7/11/2023,1,50.74,53.62,4,Toys & Games,Mobile,Credit Card,Organic Search,0,4.3,0,5,0,0
C00761,United Kingdom,40,Female,Free,12/31/2024,28,1735.63,68.32,285,Health & Wellness,Desktop,UPI / Digital Wallet,Email Campaign,8,4.5,0,7,1,1
C00762,United Kingdom,31,Male,Gold,11/24/2020,25,1817.37,84.7,36,Pet Supplies,Desktop,Credit Card,Direct,7,5,0,0,0,0
C00763,United Kingdom,52,Female,Free,1/22/2026,29,2471.12,74.33,12,Jewelry & Accessories,Desktop,Buy Now Pay Later,Organic Search,1,3,0,13,0,0
C00764,United Kingdom,23,Male,Free,9/28/2025,4,304.52,72.68,85,Sports & Outdoors,Tablet,UPI / Digital Wallet,Paid Ad,1,4.8,0,9,1,0
C00765,United States,26,Male,Free,10/11/2024,2,481.63,238.89,5,Books,Desktop,Debit Card,Organic Search,0,4.7,0,3,1,0
C00766,South Korea,38,Female,Gold,3/10/2026,33,1024.97,33.25,34,Toys & Games,Mobile,Credit Card,Social Media,8,4.1,3,14,1,0
C00767,Italy,22,Male,Free,6/13/2023,13,474.72,38.9,104,Clothing & Apparel,Desktop,Credit Card,Email Campaign,2,4.7,0,9,1,0
C00768,United States,35,Female,Gold,3/16/2026,23,2670.2,115.65,4,Clothing & Apparel,Desktop,PayPal,Social Media,4,4.7,2,10,0,0
C00769,Poland,39,Female,Free,4/15/2024,13,938.46,63.23,191,Toys & Games,Desktop,Credit Card,Paid Ad,4,4.5,1,4,0,0
C00770,Germany,18,Female,Free,1/17/2025,8,391.64,50.14,26,Sports & Outdoors,Mobile,Credit Card,Paid Ad,0,4.3,1,0,1,0
C00771,United Kingdom,32,Male,Free,1/15/2025,9,472.04,54.38,34,Electronics,Desktop,PayPal,Email Campaign,2,3.9,0,2,0,1
C00772,France,66,Male,Free,6/28/2024,11,522.58,50.58,1,Beauty & Personal Care,Desktop,PayPal,Referral,2,4.4,1,2,1,0
C00773,United States,28,Male,Silver,1/19/2025,6,520.97,82.19,98,Electronics,Desktop,Buy Now Pay Later,Organic Search,0,4,0,6,1,0
C00774,United States,30,Male,Silver,3/19/2026,9,287.25,29.28,1,Clothing & Apparel,Tablet,Credit Card,Paid Ad,3,3.7,0,0,1,0
C00775,Canada,24,Male,Free,12/26/2021,11,1238.94,102.68,0,Food & Grocery,Desktop,PayPal,Email Campaign,3,4.8,1,0,1,0
C00776,Brazil,18,Male,Free,2/10/2023,16,758.28,52.76,7,Automotive,Mobile,Buy Now Pay Later,Organic Search,3,3.7,1,7,1,0
C00777,United States,41,Female,Gold,10/10/2025,31,3674.43,108.58,10,Books,Mobile,Credit Card,Social Media,11,4.7,0,0,0,0
C00778,United States,23,Female,Platinum,1/13/2025,32,664.51,22.8,50,Clothing & Apparel,Mobile,Credit Card,Organic Search,4,4.2,2,3,1,0
C00779,United States,29,Female,Platinum,8/3/2025,1,198.14,211.24,20,Sports & Outdoors,Desktop,Credit Card,Organic Search,0,4.5,0,9,1,0
C00780,France,18,Male,Silver,3/5/2026,22,1062.61,51.24,1,Electronics,Mobile,Debit Card,Email Campaign,1,3.9,1,5,0,0
C00781,Spain,38,Male,Silver,10/26/2023,18,862.61,44.38,28,Jewelry & Accessories,Desktop,Credit Card,Social Media,5,4,2,1,1,0
C00782,Spain,37,Male,Silver,1/25/2024,1,137.79,161.2,35,Home & Kitchen,Tablet,Credit Card,Email Campaign,0,4,0,3,1,0
C00783,United States,34,Male,Silver,6/2/2025,2,109.08,50.93,16,Automotive,Mobile,Cryptocurrency,Referral,0,4.2,0,0,1,0
C00784,Mexico,52,Female,Platinum,7/31/2025,15,1314.86,91.65,34,Clothing & Apparel,Tablet,Debit Card,Social Media,5,3,1,0,1,1
C00785,Mexico,22,Male,Free,9/1/2025,27,2499.9,103.36,39,Food & Grocery,Desktop,Credit Card,Referral,3,4.8,0,1,0,0
C00786,United States,30,Male,Free,12/10/2025,1,58.82,68.58,19,Home & Kitchen,Mobile,PayPal,Direct,0,3.8,0,28,1,0
C00787,Italy,45,Male,Free,3/19/2026,42,4961.32,117.97,105,Electronics,Mobile,PayPal,Social Media,9,4.6,1,23,1,0
C00788,India,52,Male,Silver,8/30/2024,2,192.11,93.06,48,Jewelry & Accessories,Mobile,Credit Card,Social Media,0,3.7,0,23,1,0
C00789,United Kingdom,29,Male,Free,6/27/2024,9,570.48,56.22,47,Clothing & Apparel,Tablet,Debit Card,Organic Search,2,4,0,6,1,0
C00790,India,37,Female,Free,12/31/2025,29,913.62,33.3,114,Home & Kitchen,Mobile,PayPal,Organic Search,3,3.7,2,1,1,0
C00791,Brazil,19,Male,Gold,5/19/2024,41,10569.33,260.89,79,Jewelry & Accessories,Desktop,PayPal,Referral,6,3.8,3,1,1,0
C00792,Canada,39,Male,Gold,3/14/2026,11,1258.14,111.66,130,Clothing & Apparel,Desktop,PayPal,Organic Search,3,3.6,0,4,0,0
C00793,Germany,45,Male,Free,11/26/2019,6,251.03,44.81,79,Health & Wellness,Mobile,Credit Card,Organic Search,1,4.8,0,8,1,0
C00794,United States,18,Male,Platinum,12/1/2024,51,2978.84,58.45,65,Pet Supplies,Desktop,PayPal,Paid Ad,7,4.4,7,8,0,0
C00795,Brazil,45,Male,Silver,2/25/2025,51,5704.11,127.51,37,Clothing & Apparel,Desktop,Debit Card,Social Media,14,4.6,3,5,1,0
C00796,United States,31,Male,Free,8/12/2025,48,5536.58,105.62,31,Electronics,Mobile,Credit Card,Social Media,18,4.4,3,1,0,0
C00797,Spain,47,Male,Free,1/22/2026,11,459.91,46.6,35,Food & Grocery,Tablet,PayPal,Organic Search,3,3.7,1,4,1,0
C00798,United States,23,Male,Free,7/18/2025,14,845.71,61.55,59,Toys & Games,Mobile,UPI / Digital Wallet,Social Media,4,4.3,0,0,0,0
C00799,France,39,Female,Free,12/18/2018,30,1694.59,52.39,129,Jewelry & Accessories,Desktop,Credit Card,Organic Search,4,4.5,3,0,1,0
C00800,United States,32,Male,Silver,3/16/2023,23,458.49,21.8,39,Food & Grocery,Mobile,Credit Card,Paid Ad,7,4.2,0,16,0,0
C00801,United States,47,Male,Free,1/25/2022,40,3292.97,92.61,227,Beauty & Personal Care,Mobile,Credit Card,Direct,2,4.6,1,7,1,1
C00802,United States,18,Male,Silver,9/4/2025,4,634.57,185.39,125,Books,Mobile,Credit Card,Social Media,1,4.4,0,6,0,0
C00803,Canada,55,Female,Free,2/18/2026,3,258.65,77.28,10,Books,Desktop,Credit Card,Paid Ad,1,4.6,0,5,1,0
C00804,France,26,Male,Silver,3/16/2026,3,277.96,97.54,9,Toys & Games,Tablet,Debit Card,Email Campaign,1,4.2,0,1,0,0
C00805,Japan,38,Female,Free,1/3/2026,22,1502.06,60.72,123,Sports & Outdoors,Desktop,Debit Card,Organic Search,6,4,0,9,1,0
C00806,United States,24,Male,Free,11/10/2023,10,801.13,80.72,24,Toys & Games,Desktop,Debit Card,Direct,1,4.6,0,26,0,0
C00807,United Kingdom,33,Male,Free,11/15/2024,1,41.89,47.08,7,Electronics,Mobile,Credit Card,Email Campaign,0,4.1,0,0,0,0
C00808,United States,54,Female,Platinum,3/18/2024,2,219.67,114.23,27,Electronics,Desktop,UPI / Digital Wallet,Email Campaign,0,4.9,0,7,1,0
C00809,Canada,26,Female,Free,2/12/2026,4,148.78,42.58,73,Electronics,Mobile,PayPal,Direct,0,2.9,0,0,1,0
C00810,India,44,Female,Gold,2/15/2026,7,231.37,29.51,102,Home & Kitchen,Mobile,Credit Card,Paid Ad,1,3.2,0,3,1,0
C00811,Mexico,49,Female,Free,12/5/2025,8,272.85,30.83,27,Sports & Outdoors,Desktop,Credit Card,Organic Search,2,3.4,0,5,0,0
C00812,United Kingdom,70,Female,Gold,12/14/2025,31,3572.47,112.66,82,Electronics,Mobile,Debit Card,Email Campaign,6,3.4,2,7,0,0
C00813,Italy,39,Male,Platinum,9/7/2022,45,12480.93,251.91,61,Electronics,Mobile,PayPal,Paid Ad,6,4.3,0,7,0,1
C00814,India,29,Male,Free,6/2/2025,6,318.36,60.91,20,Beauty & Personal Care,Tablet,Debit Card,Paid Ad,2,3.9,0,1,1,0
C00815,Mexico,35,Female,Free,4/7/2019,14,825.55,57.24,30,Food & Grocery,Mobile,UPI / Digital Wallet,Direct,2,3.7,1,3,0,0
C00816,France,27,Male,Gold,7/13/2025,19,712.2,36.79,13,Electronics,Mobile,UPI / Digital Wallet,Email Campaign,5,4.1,0,2,0,0
C00817,Brazil,53,Female,Free,5/10/2022,30,5235.73,168.2,51,Health & Wellness,Desktop,Buy Now Pay Later,Email Campaign,10,4.5,3,12,1,0
C00818,Japan,34,Male,Silver,6/5/2023,25,3259.76,141.63,24,Beauty & Personal Care,Desktop,Credit Card,Direct,3,4.3,2,8,0,0
C00819,Brazil,18,Male,Silver,1/8/2025,3,293.37,111.79,17,Clothing & Apparel,Tablet,Debit Card,Organic Search,0,2.6,0,2,1,0
C00820,Germany,37,Male,Free,7/17/2023,27,721.96,28.15,20,Sports & Outdoors,Mobile,Credit Card,Organic Search,6,2.7,0,0,0,0
C00821,United States,22,Male,Free,11/11/2023,17,926.11,62.21,25,Clothing & Apparel,Desktop,Credit Card,Organic Search,5,3.9,0,3,1,0
C00822,France,35,Male,Gold,7/17/2025,46,5188.96,131.46,58,Home & Kitchen,Mobile,Credit Card,Organic Search,12,3.2,5,2,0,0
C00823,Brazil,41,Female,Free,7/20/2022,2,123.57,63.7,157,Clothing & Apparel,Mobile,Debit Card,Paid Ad,0,3.6,0,4,1,0
C00824,Canada,51,Female,Gold,11/21/2024,33,3525.83,109.07,40,Electronics,Mobile,UPI / Digital Wallet,Paid Ad,12,4.3,0,13,0,0
C00825,UAE,32,Female,Free,1/9/2022,33,549.66,14.58,216,Beauty & Personal Care,Mobile,PayPal,Social Media,11,3.7,0,3,1,1
C00826,United States,28,Male,Silver,1/15/2026,15,1709.24,103.62,37,Food & Grocery,Tablet,UPI / Digital Wallet,Direct,0,3.1,0,4,1,0
C00827,Singapore,22,Female,Silver,4/24/2025,17,1354.01,72.1,80,Beauty & Personal Care,Mobile,Cryptocurrency,Direct,3,2.9,1,3,1,0
C00828,France,47,Female,Free,4/19/2024,6,396.76,63.7,90,Food & Grocery,Mobile,UPI / Digital Wallet,Referral,0,4.1,0,7,1,1
C00829,Canada,34,Other,Free,6/2/2025,7,235.15,34.57,12,Books,Desktop,Cryptocurrency,Organic Search,2,4.3,0,4,1,0
C00830,United Kingdom,20,Other,Free,7/14/2024,5,247.18,49.06,38,Automotive,Desktop,Credit Card,Organic Search,1,4.2,0,2,1,0
C00831,Germany,70,Female,Free,7/15/2022,8,227.04,25.68,13,Health & Wellness,Desktop,Bank Transfer,Direct,3,4.5,0,3,0,0
C00832,France,44,Male,Platinum,6/26/2023,6,1208.77,223.01,58,Electronics,Desktop,Credit Card,Email Campaign,1,4.4,0,8,1,0
C00833,United States,30,Female,Platinum,9/18/2025,3,1311.6,492.38,21,Books,Mobile,Bank Transfer,Organic Search,0,3.9,0,1,1,0
C00834,United States,36,Male,Free,1/22/2025,14,1855.17,133.28,102,Beauty & Personal Care,Desktop,Debit Card,Direct,2,4.2,2,3,1,1
C00835,Canada,40,Male,Free,5/9/2025,17,1729,107.19,71,Clothing & Apparel,Desktop,Debit Card,Paid Ad,0,3.5,1,11,1,0
C00836,India,25,Female,Free,11/26/2025,10,268.92,24.13,43,Health & Wellness,Desktop,Credit Card,Social Media,3,4.6,0,4,1,0
C00837,United States,31,Female,Silver,5/25/2024,6,1430.56,222.6,7,Books,Mobile,Buy Now Pay Later,Social Media,1,3,0,0,1,0
C00838,Spain,24,Female,Gold,1/6/2024,15,2279.51,158.13,73,Electronics,Mobile,Credit Card,Social Media,3,3,1,7,1,0
C00839,India,29,Female,Free,8/28/2025,29,6589.38,252.37,185,Books,Mobile,PayPal,Social Media,6,4.3,2,0,1,0
C00840,United States,36,Female,Silver,9/4/2024,16,810.07,54.53,114,Electronics,Mobile,Credit Card,Organic Search,2,4.2,0,1,1,0
C00841,Brazil,44,Male,Free,10/27/2025,27,2943.09,128.01,0,Jewelry & Accessories,Desktop,Cryptocurrency,Organic Search,4,3.4,3,2,1,0
C00842,Canada,55,Female,Free,4/6/2023,62,7029.76,115.27,18,Beauty & Personal Care,Desktop,Credit Card,Paid Ad,17,3.1,1,2,1,1
C00843,Canada,39,Female,Free,11/28/2023,13,1199.7,85.93,40,Health & Wellness,Tablet,Credit Card,Email Campaign,1,4.4,0,3,1,0
C00844,France,44,Female,Silver,8/7/2025,4,502.39,120.83,79,Beauty & Personal Care,Desktop,Credit Card,Social Media,1,3.7,0,1,1,0
C00845,Sweden,30,Female,Silver,3/5/2023,1,56.66,54.92,7,Electronics,Desktop,PayPal,Social Media,0,3.3,0,8,0,0
C00846,Australia,28,Male,Free,1/17/2026,17,1764.9,100.47,75,Home & Kitchen,Desktop,Bank Transfer,Social Media,3,4.6,0,3,0,0
C00847,India,18,Female,Silver,12/10/2025,3,65.13,19.63,56,Toys & Games,Mobile,Credit Card,Social Media,0,4.5,0,38,0,0
C00848,Australia,55,Female,Free,6/18/2025,5,280.08,49.56,30,Home & Kitchen,Desktop,PayPal,Social Media,1,4.4,0,7,0,0
C00849,United Kingdom,37,Female,Gold,9/17/2025,10,425.94,46.32,26,Electronics,Desktop,PayPal,Social Media,2,3.6,0,10,1,0
C00850,Germany,40,Male,Free,4/30/2022,3,64.21,24.76,47,Sports & Outdoors,Desktop,Credit Card,Organic Search,0,3.2,0,1,1,0
C00851,India,41,Male,Platinum,6/22/2025,23,5826.14,223.91,83,Sports & Outdoors,Desktop,Credit Card,Organic Search,1,4.3,0,5,1,0
C00852,India,18,Male,Free,5/18/2024,9,1098.08,141.93,30,Clothing & Apparel,Mobile,Debit Card,Paid Ad,1,4.3,0,0,0,0
C00853,United States,18,Female,Free,5/13/2023,16,3028.96,183.95,200,Clothing & Apparel,Mobile,Debit Card,Social Media,5,3.5,2,2,1,1
C00854,United States,33,Male,Free,1/6/2023,20,545.72,32.09,0,Home & Kitchen,Mobile,Credit Card,Email Campaign,5,3.8,0,13,0,0
C00855,France,34,Female,Free,2/24/2022,8,354.47,47.94,27,Clothing & Apparel,Mobile,Bank Transfer,Social Media,0,3.9,0,2,0,0
C00856,United States,26,Male,Free,2/1/2025,30,3072.17,98.84,49,Pet Supplies,Desktop,Buy Now Pay Later,Organic Search,11,4.3,3,5,1,0
C00857,France,46,Female,Free,4/13/2024,26,3937.08,138.87,104,Beauty & Personal Care,Mobile,PayPal,Social Media,8,3.3,2,3,1,0
C00858,Australia,45,Female,Free,11/2/2024,29,1655.99,51.56,86,Clothing & Apparel,Desktop,Debit Card,Organic Search,3,3.6,2,1,1,0
C00859,Brazil,44,Female,Silver,9/26/2023,15,1212.11,91.6,102,Books,Desktop,Credit Card,Direct,3,4,1,13,0,0
C00860,United States,23,Female,Free,1/27/2025,20,1398.08,77.35,35,Home & Kitchen,Mobile,Debit Card,Organic Search,3,3.9,1,13,1,0
C00861,Germany,43,Female,Silver,6/11/2025,23,2121.57,82.66,15,Clothing & Apparel,Mobile,PayPal,Organic Search,7,4,2,16,1,0
C00862,United States,39,Male,Free,8/9/2024,11,1056.05,85.01,3,Sports & Outdoors,Desktop,Debit Card,Paid Ad,3,4,1,1,1,0
C00863,United States,34,Female,Free,1/6/2022,6,332.74,50.87,160,Sports & Outdoors,Mobile,PayPal,Paid Ad,1,4.8,0,11,1,0
C00864,United States,18,Male,Silver,9/21/2025,10,401.28,37.72,88,Home & Kitchen,Mobile,Credit Card,Email Campaign,0,3.9,1,18,1,1
C00865,United States,28,Male,Gold,4/26/2024,8,961.03,117.88,11,Jewelry & Accessories,Desktop,Credit Card,Direct,2,3.3,1,2,1,0
C00866,United States,29,Male,Free,9/9/2025,6,450,71.12,133,Books,Mobile,PayPal,Email Campaign,1,4.7,0,9,1,0
C00867,United States,25,Female,Platinum,7/14/2025,26,1467.45,61.44,86,Automotive,Mobile,UPI / Digital Wallet,Organic Search,2,3.5,3,5,1,1
C00868,Brazil,36,Female,Platinum,7/30/2025,22,1357.87,58.73,12,Beauty & Personal Care,Desktop,Credit Card,Direct,6,4.7,2,2,0,0
C00869,India,42,Female,Free,11/8/2025,2,85.12,44.77,28,Home & Kitchen,Desktop,Credit Card,Organic Search,0,4.5,0,5,1,0
C00870,India,46,Female,Free,11/21/2025,4,124.07,30.77,97,Books,Tablet,Credit Card,Organic Search,1,3.9,0,2,1,0
C00871,United States,38,Female,Free,2/18/2025,5,100.5,21.75,138,Health & Wellness,Desktop,Bank Transfer,Email Campaign,0,3.2,0,1,0,0
C00872,Mexico,37,Female,Platinum,3/9/2024,36,5523.97,145.42,11,Home & Kitchen,Mobile,Credit Card,Paid Ad,5,4.7,4,8,0,0
C00873,United States,18,Male,Platinum,8/19/2025,39,8839.99,240.41,36,Home & Kitchen,Mobile,Debit Card,Direct,6,4,2,2,1,0
C00874,United States,51,Male,Silver,1/10/2025,45,2773.61,67.71,12,Books,Tablet,PayPal,Referral,16,4.6,6,0,0,0
C00875,UAE,25,Female,Gold,2/15/2023,20,1867.16,90.82,119,Sports & Outdoors,Mobile,Debit Card,Direct,7,4.1,2,1,0,0
C00876,Australia,38,Male,Free,9/8/2025,19,501.88,28.53,53,Electronics,Mobile,Credit Card,Organic Search,4,3.4,2,2,1,0
C00877,United Kingdom,38,Male,Free,3/25/2026,1,24.9,26.72,131,Clothing & Apparel,Desktop,Credit Card,Paid Ad,0,3.2,0,1,1,0
C00878,United States,28,Male,Silver,3/19/2026,55,801.77,17.03,26,Office Supplies,Mobile,Debit Card,Organic Search,7,4.1,0,10,1,0
C00879,United States,39,Male,Free,6/25/2023,19,1882.77,97.21,1,Home & Kitchen,Mobile,Debit Card,Organic Search,6,4.1,0,1,1,0
C00880,United States,40,Female,Platinum,2/3/2025,21,6355.75,287.57,19,Clothing & Apparel,Desktop,UPI / Digital Wallet,Paid Ad,5,4.5,0,1,1,0
C00881,United States,18,Female,Gold,7/12/2024,23,551.34,26.69,48,Clothing & Apparel,Mobile,Credit Card,Organic Search,1,4.4,2,4,1,1
C00882,Australia,35,Male,Gold,10/20/2025,20,4139.6,210,17,Pet Supplies,Mobile,PayPal,Referral,5,4.7,0,5,1,0
C00883,United States,54,Female,Free,1/27/2026,8,515.55,67.66,5,Health & Wellness,Desktop,Credit Card,Organic Search,1,4.7,0,6,1,0
C00884,UAE,55,Male,Free,5/5/2025,10,814.26,81.74,36,Clothing & Apparel,Mobile,PayPal,Email Campaign,3,4.5,0,0,1,0
C00885,United States,24,Female,Silver,9/3/2025,9,1385.06,144.85,202,Clothing & Apparel,Desktop,Credit Card,Paid Ad,3,4.4,0,13,0,1
C00886,United Kingdom,20,Male,Free,2/2/2018,1,128.99,116.88,5,Beauty & Personal Care,Desktop,Bank Transfer,Organic Search,0,4.9,0,3,0,0
C00887,Spain,38,Female,Free,1/21/2026,11,668.63,62.94,2,Home & Kitchen,Tablet,Bank Transfer,Email Campaign,1,4,1,1,0,0
C00888,Germany,33,Female,Free,12/3/2022,2,336.17,146.94,27,Food & Grocery,Tablet,Credit Card,Organic Search,0,4.4,0,15,1,0
C00889,Sweden,28,Female,Free,9/21/2025,36,2132.17,60.76,55,Pet Supplies,Mobile,Credit Card,Referral,12,4.7,2,0,1,0
C00890,Canada,18,Male,Free,12/14/2023,4,355.28,78.85,2,Sports & Outdoors,Mobile,Credit Card,Referral,0,4.3,0,3,1,0
C00891,Singapore,37,Female,Silver,2/18/2025,2,58.8,29.07,6,Books,Mobile,PayPal,Paid Ad,0,4.2,0,3,1,1
C00892,United States,28,Female,Free,11/15/2024,1,373,330.55,50,Clothing & Apparel,Mobile,Credit Card,Organic Search,0,3.9,0,0,1,0
C00893,United States,33,Male,Platinum,2/25/2025,36,4213.04,112.98,59,Automotive,Tablet,Credit Card,Direct,1,3.8,2,0,1,0
C00894,Poland,18,Female,Gold,10/4/2025,21,859.26,42.41,5,Clothing & Apparel,Mobile,Bank Transfer,Paid Ad,5,4.2,0,7,0,0
C00895,United States,43,Male,Free,12/15/2025,3,304.47,101.54,51,Pet Supplies,Mobile,Debit Card,Direct,0,4.6,0,3,0,1
C00896,Singapore,51,Female,Silver,3/19/2025,2,38.43,18.14,64,Clothing & Apparel,Desktop,Credit Card,Paid Ad,0,3.4,0,2,1,1
C00897,Brazil,36,Female,Free,8/11/2024,9,704.37,78.86,25,Electronics,Mobile,Debit Card,Organic Search,2,4.8,1,0,1,0
C00898,Australia,30,Male,Free,2/29/2024,42,3763.22,87.19,137,Toys & Games,Mobile,PayPal,Organic Search,4,4.3,1,5,0,0
C00899,United Kingdom,57,Female,Free,7/12/2025,4,484.55,120.34,10,Food & Grocery,Desktop,PayPal,Social Media,1,3.4,0,4,1,0
C00900,Japan,38,Male,Gold,3/7/2023,34,4068.45,109.52,10,Sports & Outdoors,Mobile,PayPal,Email Campaign,10,3.9,2,6,1,0
C00901,United Kingdom,35,Female,Silver,12/14/2024,30,793.78,25.72,7,Electronics,Mobile,PayPal,Organic Search,2,4.4,1,9,0,0
C00902,South Africa,37,Male,Free,3/25/2023,31,3462.19,101.97,82,Clothing & Apparel,Desktop,Credit Card,Organic Search,7,3.7,3,12,1,0
C00903,Australia,27,Male,Free,8/18/2021,9,2524.28,245.94,128,Food & Grocery,Mobile,Bank Transfer,Email Campaign,0,4.4,0,2,1,0
C00904,Canada,63,Female,Silver,3/8/2026,5,261.85,60.95,42,Electronics,Mobile,Debit Card,Email Campaign,0,3.7,0,1,1,0
C00905,Mexico,34,Female,Free,10/25/2023,15,532.06,38.42,157,Electronics,Mobile,Credit Card,Paid Ad,5,4,0,9,1,0
C00906,United States,53,Female,Free,5/9/2025,28,1741.93,56.49,31,Clothing & Apparel,Mobile,Credit Card,Direct,7,4.6,0,4,1,0
C00907,United States,52,Male,Silver,6/25/2022,46,4853.96,117.63,36,Pet Supplies,Mobile,Debit Card,Organic Search,4,4.2,0,0,1,0
C00908,Brazil,51,Male,Gold,5/1/2018,17,1537,88.13,89,Automotive,Desktop,PayPal,Social Media,4,4.3,1,11,0,0
C00909,Germany,22,Male,Platinum,12/17/2023,4,297.47,66.24,7,Sports & Outdoors,Mobile,Cryptocurrency,Referral,1,4.5,0,3,0,0
C00910,France,18,Female,Silver,12/26/2024,11,1600.41,143.52,17,Food & Grocery,Mobile,Credit Card,Social Media,3,4.5,1,0,1,0
C00911,South Korea,28,Male,Gold,12/13/2020,44,12758.8,302.69,13,Toys & Games,Mobile,Credit Card,Social Media,13,3,6,0,0,0
C00912,United Kingdom,29,Female,Gold,7/24/2024,18,3602.94,184.09,159,Pet Supplies,Mobile,PayPal,Email Campaign,4,4.3,0,2,0,0
C00913,Germany,57,Male,Platinum,6/30/2025,12,1972.87,186.64,24,Food & Grocery,Desktop,Credit Card,Paid Ad,3,4.7,1,13,0,0
C00914,Brazil,32,Female,Gold,8/8/2024,40,644.51,18.72,44,Books,Tablet,PayPal,Organic Search,2,4.3,2,5,0,0
C00915,United States,39,Male,Free,7/13/2023,1,62.58,60.21,34,Toys & Games,Mobile,Credit Card,Social Media,0,4.1,0,8,1,0
C00916,Germany,35,Male,Silver,11/6/2024,22,1473.3,64.42,3,Home & Kitchen,Mobile,Credit Card,Social Media,1,4.4,0,2,1,0
C00917,Germany,45,Female,Free,6/6/2025,11,1498.67,145.93,138,Electronics,Desktop,UPI / Digital Wallet,Paid Ad,3,4,0,7,0,0
C00918,Singapore,38,Other,Silver,10/3/2025,10,332.06,33.88,17,Electronics,Mobile,Debit Card,Referral,0,3.8,0,10,0,0
C00919,India,33,Female,Free,11/10/2024,7,335.53,46.96,27,Office Supplies,Desktop,Credit Card,Organic Search,0,3.4,0,22,0,0
C00920,Canada,18,Female,Free,7/3/2020,7,507.65,68.82,224,Beauty & Personal Care,Desktop,Credit Card,Paid Ad,0,4.5,0,4,0,0
C00921,United States,37,Male,Free,8/24/2025,15,1857.07,140.33,89,Electronics,Desktop,Cryptocurrency,Organic Search,4,3.7,0,5,1,0
C00922,United States,40,Female,Gold,9/7/2024,24,476.44,18.07,154,Sports & Outdoors,Desktop,PayPal,Organic Search,5,4.6,1,0,1,0
C00923,United Kingdom,37,Male,Silver,9/8/2025,35,6397.27,171.51,55,Jewelry & Accessories,Tablet,UPI / Digital Wallet,Direct,4,4.2,0,12,1,0
C00924,France,39,Male,Gold,4/25/2024,17,3878.74,224.52,100,Sports & Outdoors,Desktop,PayPal,Paid Ad,5,4.7,2,2,0,0
C00925,Mexico,60,Male,Free,12/9/2025,33,1495.19,46.08,72,Food & Grocery,Desktop,Buy Now Pay Later,Email Campaign,11,3.1,3,7,0,0
C00926,United States,31,Female,Gold,1/28/2025,6,198.49,37.48,111,Clothing & Apparel,Desktop,PayPal,Direct,2,3.9,0,2,0,0
C00927,United States,27,Male,Free,12/2/2023,39,2657.81,71.58,22,Toys & Games,Mobile,PayPal,Organic Search,13,4.6,3,2,1,0
C00928,France,38,Male,Free,12/21/2025,4,304.88,67.43,54,Electronics,Mobile,Credit Card,Referral,0,3.8,0,5,1,0
C00929,Brazil,18,Male,Gold,2/14/2026,5,553.76,100.79,53,Food & Grocery,Mobile,Credit Card,Direct,1,4.3,0,2,0,0
C00930,Turkey,20,Male,Free,6/6/2025,17,312.73,16.78,11,Electronics,Desktop,Credit Card,Organic Search,3,3.9,1,7,0,0
C00931,United Kingdom,30,Male,Free,11/7/2022,33,796.33,23.57,4,Toys & Games,Desktop,Debit Card,Organic Search,11,3.1,1,0,0,0
C00932,Germany,18,Male,Free,5/15/2024,15,849.46,64.13,25,Electronics,Desktop,Buy Now Pay Later,Social Media,2,4.3,0,3,1,0
C00933,United Kingdom,20,Male,Free,2/22/2024,10,1207.44,106.01,95,Home & Kitchen,Mobile,Credit Card,Email Campaign,1,4.8,0,0,0,0
C00934,Germany,53,Female,Free,2/5/2026,4,683.25,154.37,54,Electronics,Desktop,Credit Card,Organic Search,1,4.4,0,2,1,0
C00935,United States,42,Female,Free,4/20/2025,22,1115.5,51.81,8,Beauty & Personal Care,Desktop,PayPal,Organic Search,7,4.5,1,25,0,0
C00936,Italy,41,Male,Free,8/6/2025,6,1210.88,197.79,2,Clothing & Apparel,Mobile,Credit Card,Organic Search,0,4.4,0,6,1,0
C00937,United States,49,Male,Free,5/13/2025,18,672.56,42.77,0,Beauty & Personal Care,Mobile,Credit Card,Email Campaign,6,4.6,1,4,1,0
C00938,India,37,Female,Free,5/27/2025,4,252.51,70.28,53,Electronics,Desktop,Debit Card,Organic Search,1,3.8,0,2,0,0
C00939,India,36,Female,Free,12/20/2025,45,1316.84,34.16,61,Books,Mobile,Debit Card,Organic Search,9,3.9,4,5,1,0
C00940,South Africa,60,Other,Free,7/1/2025,29,3508.46,114.57,32,Clothing & Apparel,Mobile,Credit Card,Social Media,7,4.5,2,1,1,0
C00941,Germany,28,Male,Platinum,1/30/2026,15,3574.52,210.04,16,Food & Grocery,Mobile,Debit Card,Email Campaign,4,4.2,0,3,1,0
C00942,United States,52,Male,Free,9/19/2025,17,1100.38,66.06,7,Beauty & Personal Care,Desktop,Credit Card,Direct,0,4.8,0,1,1,0
C00943,United States,46,Female,Free,7/28/2024,6,259.15,47.98,54,Automotive,Mobile,Credit Card,Email Campaign,0,4.9,0,9,0,0
C00944,United Kingdom,18,Male,Free,8/4/2025,22,487.75,20.15,54,Health & Wellness,Mobile,Credit Card,Organic Search,1,4.4,0,2,0,0
C00945,India,28,Male,Free,11/8/2024,5,305.5,65.2,51,Sports & Outdoors,Mobile,Credit Card,Social Media,1,4.4,0,1,0,0
C00946,Mexico,28,Female,Free,3/31/2026,20,1786.88,83.22,82,Health & Wellness,Mobile,Credit Card,Email Campaign,1,3.5,1,2,0,1
C00947,France,28,Male,Free,9/26/2025,38,5831.59,148.92,23,Food & Grocery,Tablet,Cryptocurrency,Social Media,4,4.7,4,2,1,0
C00948,Canada,29,Female,Free,11/22/2025,33,4860.91,152.47,98,Electronics,Tablet,Bank Transfer,Social Media,11,3.8,3,6,1,1
C00949,India,21,Male,Free,7/31/2024,1,36.07,40.99,162,Home & Kitchen,Desktop,Credit Card,Paid Ad,0,4.5,0,2,1,1
C00950,United States,26,Female,Free,2/6/2026,12,963.15,81.41,12,Electronics,Desktop,Debit Card,Organic Search,1,4.1,1,7,0,0
C00951,Brazil,36,Male,Free,3/28/2026,15,2857.27,208.29,15,Books,Mobile,Credit Card,Direct,5,4.8,0,7,0,0
C00952,Brazil,23,Female,Free,3/11/2025,41,1872.85,51.08,48,Clothing & Apparel,Mobile,Credit Card,Email Campaign,10,4.8,6,7,1,0
C00953,United Kingdom,42,Male,Free,11/2/2023,3,253.62,99.17,86,Clothing & Apparel,Mobile,Buy Now Pay Later,Direct,0,4.7,0,3,0,0
C00954,United States,18,Female,Silver,8/14/2023,2,80,42.37,12,Electronics,Mobile,Debit Card,Social Media,0,4.3,0,1,1,0
C00955,United States,18,Female,Free,5/31/2024,3,142.75,44.36,9,Clothing & Apparel,Desktop,Cryptocurrency,Paid Ad,1,3.8,0,5,0,0
C00956,Brazil,34,Male,Platinum,3/26/2026,14,1753.11,109.04,64,Electronics,Desktop,Credit Card,Paid Ad,4,3.3,1,2,1,0
C00957,Italy,33,Female,Free,8/7/2024,11,1558.68,162.42,74,Home & Kitchen,Mobile,Debit Card,Paid Ad,1,3.8,0,4,0,0
C00958,United States,47,Female,Free,4/1/2026,6,187.48,33.97,62,Electronics,Desktop,Buy Now Pay Later,Paid Ad,1,4.5,0,8,1,0
C00959,Italy,54,Male,Free,8/26/2025,31,1270.76,40.49,56,Clothing & Apparel,Desktop,Debit Card,Paid Ad,8,4.5,1,10,1,0
C00960,United States,36,Female,Silver,6/2/2021,8,901.14,128.26,29,Automotive,Tablet,Debit Card,Direct,2,3.6,0,1,0,0
C00961,India,18,Male,Silver,1/7/2026,5,734.59,144.46,58,Toys & Games,Mobile,Credit Card,Social Media,0,4.2,0,2,0,0
C00962,India,42,Male,Gold,12/12/2023,2,141,70.47,8,Sports & Outdoors,Desktop,UPI / Digital Wallet,Paid Ad,0,4.7,0,2,0,0
C00963,United States,31,Female,Free,8/27/2025,63,4983.45,83.06,21,Books,Desktop,Buy Now Pay Later,Email Campaign,3,4,3,2,1,0
C00964,Brazil,19,Male,Silver,10/6/2025,13,794.7,62,90,Health & Wellness,Mobile,Credit Card,Direct,4,4.3,0,1,1,0
C00965,India,34,Male,Free,2/2/2026,34,4032.3,107.16,9,Electronics,Mobile,UPI / Digital Wallet,Social Media,2,4.2,5,0,1,0
C00966,South Korea,50,Male,Platinum,4/17/2023,19,8272.14,402.74,101,Electronics,Mobile,PayPal,Organic Search,5,3.7,0,0,0,0
C00967,United States,40,Male,Gold,12/6/2021,4,119.99,35.06,5,Automotive,Mobile,Credit Card,Organic Search,0,3.3,0,0,1,0
C00968,UAE,21,Male,Free,7/23/2025,28,1000.21,37.87,35,Clothing & Apparel,Desktop,Credit Card,Paid Ad,8,4.8,0,2,0,0
C00969,Poland,43,Female,Platinum,6/16/2019,46,5264.38,116.43,58,Sports & Outdoors,Mobile,Credit Card,Paid Ad,10,4.1,6,2,1,0
C00970,United States,39,Male,Free,7/27/2025,1,77.7,86.7,122,Office Supplies,Mobile,Debit Card,Email Campaign,0,4.1,0,1,1,0
C00971,United States,51,Female,Silver,2/2/2026,55,2682.18,44.2,1,Health & Wellness,Mobile,Buy Now Pay Later,Social Media,14,4.6,7,9,1,0
C00972,France,34,Male,Silver,1/6/2024,13,508.63,37.6,328,Jewelry & Accessories,Desktop,PayPal,Direct,1,4.8,0,2,1,0
C00973,France,39,Female,Gold,1/3/2026,7,1785.97,227.11,37,Clothing & Apparel,Mobile,Credit Card,Referral,1,4.2,0,0,1,0
C00974,United States,38,Female,Free,8/20/2025,2,168.75,81.05,56,Food & Grocery,Mobile,Cryptocurrency,Paid Ad,0,4.1,0,2,1,1
C00975,United States,31,Male,Gold,12/27/2024,7,718.65,116,40,Beauty & Personal Care,Mobile,UPI / Digital Wallet,Organic Search,1,4.9,0,2,1,0
C00976,United States,33,Female,Free,7/11/2025,5,130.79,25.95,23,Health & Wellness,Mobile,Credit Card,Direct,1,4.9,0,1,1,0
C00977,India,29,Female,Platinum,7/19/2024,24,4092.66,166.23,29,Home & Kitchen,Mobile,Buy Now Pay Later,Paid Ad,8,4.5,2,3,1,0
C00978,United States,32,Male,Free,2/15/2024,14,611.96,40.79,31,Electronics,Tablet,Credit Card,Email Campaign,1,3.2,1,2,0,0
C00979,Japan,38,Female,Free,8/1/2025,51,7391.08,138.22,49,Home & Kitchen,Tablet,Debit Card,Organic Search,9,4.2,6,0,0,0
C00980,United States,30,Male,Free,1/22/2026,5,130.21,25.26,79,Electronics,Mobile,PayPal,Direct,1,4.6,0,2,1,0
C00981,United States,24,Male,Free,7/31/2024,8,896.25,118.83,5,Travel & Luggage,Tablet,Credit Card,Social Media,2,4.1,0,0,0,0
C00982,United States,27,Male,Free,3/23/2025,24,1357.52,56.62,58,Office Supplies,Tablet,Buy Now Pay Later,Organic Search,4,4.2,2,1,0,0
C00983,United States,37,Male,Free,2/13/2019,1,77.45,80.37,48,Jewelry & Accessories,Desktop,Debit Card,Organic Search,0,4.3,0,1,1,0
C00984,India,26,Female,Free,7/15/2024,19,719.42,39.83,46,Electronics,Mobile,Credit Card,Social Media,3,4.9,1,3,0,0
C00985,United States,37,Female,Free,3/5/2025,17,349.13,22.87,55,Beauty & Personal Care,Mobile,Credit Card,Organic Search,2,3.7,1,3,1,0
C00986,Canada,44,Female,Gold,6/4/2023,15,1356.89,81.62,30,Travel & Luggage,Mobile,Credit Card,Organic Search,1,4.2,0,2,0,0
C00987,United Kingdom,24,Male,Free,3/28/2025,46,12901.84,261.53,6,Beauty & Personal Care,Desktop,PayPal,Referral,11,3.7,6,6,1,0
C00988,Germany,35,Male,Gold,10/8/2025,2,352.57,158.15,31,Electronics,Desktop,Credit Card,Social Media,0,3.8,0,5,1,0
C00989,United Kingdom,44,Female,Free,8/11/2023,2,234.57,105.2,54,Sports & Outdoors,Mobile,PayPal,Social Media,0,3.3,0,13,1,1
C00990,United States,18,Male,Free,12/26/2023,36,1240.74,35.69,6,Clothing & Apparel,Tablet,Debit Card,Email Campaign,3,4.5,0,0,0,0
C00991,South Korea,59,Female,Free,11/11/2023,2,193.83,86.9,34,Automotive,Mobile,Buy Now Pay Later,Referral,0,4.8,0,6,1,0
C00992,Mexico,53,Female,Silver,10/30/2022,9,954.08,109.69,29,Sports & Outdoors,Mobile,Credit Card,Organic Search,1,4.3,0,0,1,0
C00993,Japan,46,Female,Free,1/15/2025,26,7524.79,273.5,98,Books,Mobile,Credit Card,Email Campaign,2,4.3,1,6,1,0
C00994,Sweden,18,Female,Gold,8/14/2024,6,617.59,120.01,69,Clothing & Apparel,Mobile,Buy Now Pay Later,Organic Search,0,2.7,0,12,1,0
C00995,United States,18,Male,Free,1/15/2023,15,1237.37,71.98,10,Health & Wellness,Desktop,UPI / Digital Wallet,Email Campaign,5,3.7,1,0,0,0
C00996,United States,22,Female,Free,2/27/2024,3,516.61,151.87,81,Food & Grocery,Tablet,PayPal,Social Media,0,3.9,0,0,1,0
C00997,United States,45,Female,Gold,3/7/2026,2,375.83,218.89,55,Jewelry & Accessories,Desktop,Buy Now Pay Later,Organic Search,0,4.6,0,8,0,1
C00998,India,54,Female,Silver,9/26/2024,3,65.48,22.19,51,Beauty & Personal Care,Mobile,Buy Now Pay Later,Email Campaign,0,3.4,0,1,1,0
C00999,Brazil,53,Female,Free,6/14/2025,56,6742,133.53,24,Electronics,Tablet,PayPal,Paid Ad,12,3.6,7,0,0,0
C01000,France,46,Male,Free,2/25/2023,27,2894.8,103.21,33,Automotive,Desktop,UPI / Digital Wallet,Social Media,8,4.6,1,8,0,0
C01001,United Kingdom,40,Female,Gold,12/3/2024,14,3311.11,255.62,30,Electronics,Mobile,Debit Card,Social Media,3,4.8,1,5,0,0
C01002,Japan,39,Female,Platinum,8/4/2025,3,401.1,122.49,23,Health & Wellness,Mobile,Buy Now Pay Later,Organic Search,0,4.4,0,2,1,0
C01003,India,29,Female,Free,12/9/2025,30,4423.76,138.98,50,Beauty & Personal Care,Desktop,PayPal,Social Media,2,4.9,2,1,1,0
C01004,India,29,Female,Free,2/12/2026,32,503.58,13.78,30,Food & Grocery,Desktop,PayPal,Organic Search,6,3.7,0,7,0,0
C01005,Turkey,18,Female,Silver,12/19/2023,4,768.37,169.1,8,Toys & Games,Mobile,Debit Card,Social Media,1,4.8,0,1,1,0
C01006,Canada,43,Male,Gold,11/24/2024,1,208.91,226.9,47,Food & Grocery,Desktop,PayPal,Paid Ad,0,4.2,0,0,1,1
C01007,India,24,Male,Gold,10/27/2025,26,1016.49,37.54,139,Automotive,Desktop,Debit Card,Social Media,9,4.2,2,1,0,0
C01008,Canada,57,Female,Free,12/2/2024,39,3450.62,81.34,53,Toys & Games,Desktop,Credit Card,Social Media,5,4.6,4,0,0,0
C01009,South Korea,64,Female,Silver,3/19/2022,4,638.24,159.97,55,Sports & Outdoors,Mobile,Debit Card,Email Campaign,0,4.2,0,4,1,0
C01010,Canada,31,Male,Free,12/25/2025,27,4773.16,199.22,69,Beauty & Personal Care,Tablet,Debit Card,Organic Search,10,3.5,0,12,1,0
C01011,India,35,Male,Free,9/29/2024,5,496.73,90.19,4,Electronics,Mobile,Debit Card,Paid Ad,0,3.4,0,0,1,0
C01012,Sweden,34,Male,Free,6/24/2025,21,8179.36,377.2,12,Electronics,Desktop,PayPal,Email Campaign,2,4.7,1,3,0,0
C01013,India,34,Female,Silver,6/30/2018,18,4032.97,198.11,29,Electronics,Mobile,UPI / Digital Wallet,Organic Search,4,4.3,2,0,1,0
C01014,United States,31,Male,Gold,7/15/2022,17,1012.88,67.16,57,Clothing & Apparel,Desktop,Debit Card,Social Media,4,3.7,1,3,0,0
C01015,United Kingdom,27,Male,Free,8/1/2023,25,6450.14,259.36,17,Clothing & Apparel,Desktop,Credit Card,Organic Search,6,4.7,3,4,1,0
C01016,United Kingdom,63,Other,Gold,12/22/2025,2,187.18,83.54,40,Electronics,Mobile,Credit Card,Paid Ad,0,4.8,0,3,0,0
C01017,Germany,30,Male,Free,12/11/2022,52,2839.93,60.33,44,Sports & Outdoors,Desktop,Cryptocurrency,Social Media,17,4.6,4,2,1,0
C01018,Italy,47,Female,Gold,6/6/2024,1,89.66,79.37,237,Jewelry & Accessories,Desktop,PayPal,Email Campaign,0,4.6,0,3,1,0
C01019,United Kingdom,34,Female,Silver,10/1/2018,5,108.47,25.05,16,Clothing & Apparel,Desktop,Cryptocurrency,Email Campaign,0,4.2,0,7,0,0
C01020,United Kingdom,39,Female,Silver,11/30/2025,17,1359.15,77.25,15,Toys & Games,Mobile,PayPal,Social Media,1,4.2,1,2,1,0
C01021,France,24,Male,Free,11/18/2025,12,2801.9,271.33,2,Home & Kitchen,Desktop,Buy Now Pay Later,Organic Search,4,4,0,2,1,0
C01022,Spain,48,Female,Free,5/21/2022,4,529.39,133.1,101,Beauty & Personal Care,Desktop,Credit Card,Direct,1,4.1,0,1,0,0
C01023,United States,35,Female,Silver,7/24/2025,59,1509.01,22.54,7,Food & Grocery,Mobile,Debit Card,Organic Search,16,4.1,7,2,1,0
C01024,India,18,Male,Gold,1/22/2024,4,313.76,81.2,81,Home & Kitchen,Desktop,Credit Card,Social Media,1,4.3,0,4,1,0
C01025,Australia,27,Male,Free,8/26/2024,50,8254.92,193.97,20,Books,Mobile,Credit Card,Organic Search,3,3.4,6,4,0,0
C01026,United States,50,Male,Free,10/21/2025,15,287.39,21.18,110,Sports & Outdoors,Mobile,UPI / Digital Wallet,Referral,3,4.6,0,1,0,0
C01027,Brazil,37,Female,Free,8/1/2025,12,729.38,59.97,77,Books,Mobile,PayPal,Social Media,0,4.4,0,4,1,0
C01028,Singapore,25,Female,Free,3/15/2025,55,5599.31,103.51,318,Home & Kitchen,Tablet,Debit Card,Referral,20,4.4,7,1,0,0
C01029,Australia,23,Female,Platinum,9/14/2025,6,891.49,153.08,162,Books,Mobile,Credit Card,Organic Search,0,4.6,0,1,0,0
C01030,Germany,27,Male,Free,4/27/2025,15,459.23,35.95,124,Books,Mobile,Credit Card,Organic Search,2,4,2,8,1,0
C01031,United States,41,Female,Free,1/11/2024,5,203.45,35.47,63,Clothing & Apparel,Tablet,Cryptocurrency,Organic Search,1,3.9,0,4,1,0
C01032,Singapore,36,Male,Free,11/6/2025,3,744.93,217.31,32,Electronics,Desktop,Credit Card,Email Campaign,0,4.8,0,2,0,0
C01033,Spain,38,Female,Silver,9/17/2024,4,145.44,41.53,51,Clothing & Apparel,Mobile,Credit Card,Email Campaign,0,3,0,0,1,0
C01034,South Korea,40,Male,Free,3/14/2023,15,695.96,46.95,11,Home & Kitchen,Mobile,UPI / Digital Wallet,Social Media,5,3.3,0,3,1,0
C01035,United Kingdom,38,Female,Silver,8/28/2024,13,1132.79,80.23,22,Beauty & Personal Care,Mobile,PayPal,Organic Search,1,4.8,1,1,0,0
C01036,United States,46,Female,Free,3/14/2025,1,51.39,49.74,107,Books,Mobile,Credit Card,Social Media,0,2.2,0,2,0,1
C01037,United States,43,Male,Silver,9/14/2018,19,1601.58,84.68,51,Electronics,Mobile,Debit Card,Email Campaign,1,3.8,1,11,1,0
C01038,Mexico,36,Female,Free,9/12/2024,4,830.08,191.12,22,Jewelry & Accessories,Mobile,Credit Card,Paid Ad,1,3.5,0,0,1,0
C01039,Germany,28,Male,Free,9/1/2024,14,1364.21,108.23,17,Electronics,Mobile,Debit Card,Email Campaign,3,4.2,1,3,1,1
C01040,United Kingdom,36,Male,Free,10/13/2024,6,218.69,33.21,12,Clothing & Apparel,Mobile,PayPal,Paid Ad,0,4.4,0,2,0,0
C01041,United Kingdom,42,Female,Silver,6/24/2025,59,8929.33,138.33,4,Sports & Outdoors,Desktop,Debit Card,Paid Ad,20,4.6,3,6,0,0
C01042,United Kingdom,37,Female,Free,5/9/2022,1,43.07,45.96,90,Food & Grocery,Mobile,UPI / Digital Wallet,Email Campaign,0,3.4,0,5,1,0
C01043,United States,18,Male,Free,6/5/2021,25,880.42,38.84,103,Clothing & Apparel,Mobile,PayPal,Organic Search,7,4.6,3,0,1,0
C01044,United States,35,Female,Free,11/13/2024,3,122.65,43.37,59,Sports & Outdoors,Desktop,Debit Card,Organic Search,0,4.1,0,13,1,0
C01045,Brazil,37,Female,Free,3/28/2023,21,2566.67,124.36,19,Travel & Luggage,Mobile,UPI / Digital Wallet,Social Media,6,3.9,3,0,1,0
C01046,Brazil,50,Male,Free,5/12/2025,5,736.63,162.52,94,Home & Kitchen,Mobile,Credit Card,Email Campaign,0,4.7,0,4,1,0
C01047,India,54,Male,Free,1/27/2024,1,158.59,152.24,0,Home & Kitchen,Mobile,Debit Card,Organic Search,0,3.9,0,10,0,1
C01048,Germany,43,Male,Silver,3/31/2026,20,355.28,20.08,86,Electronics,Desktop,UPI / Digital Wallet,Organic Search,7,3.5,1,2,1,0
C01049,United States,32,Male,Platinum,4/9/2025,13,2239.99,177.91,25,Electronics,Mobile,UPI / Digital Wallet,Email Campaign,3,3.8,1,6,1,0
C01050,United States,44,Male,Gold,6/28/2022,18,1425.41,80.45,26,Clothing & Apparel,Mobile,Bank Transfer,Referral,1,3.6,0,0,1,0
C01051,United States,42,Female,Free,10/9/2025,69,3363.05,42.99,17,Office Supplies,Mobile,Debit Card,Referral,11,4.5,9,4,0,0
C01052,Sweden,37,Male,Gold,7/29/2024,2,19.72,10.56,85,Electronics,Mobile,Debit Card,Social Media,0,4.2,0,2,1,0
C01053,United States,20,Female,Free,11/14/2024,17,1072.96,65.03,19,Beauty & Personal Care,Tablet,PayPal,Organic Search,1,4,1,0,1,0
C01054,South Korea,42,Male,Silver,11/1/2025,1,387.57,374.2,67,Clothing & Apparel,Mobile,UPI / Digital Wallet,Organic Search,0,3.5,0,0,0,0
C01055,Germany,31,Female,Free,6/15/2025,19,609.32,33.81,11,Automotive,Mobile,Credit Card,Organic Search,7,4.6,1,6,1,0
C01056,India,47,Female,Free,3/27/2021,64,3829.75,60.35,25,Beauty & Personal Care,Mobile,PayPal,Social Media,19,4.2,8,3,0,0
C01057,India,27,Male,Free,1/25/2026,35,2373.29,63.71,57,Electronics,Mobile,Credit Card,Organic Search,1,4.6,2,18,1,0
C01058,United Kingdom,29,Other,Gold,8/17/2025,12,2019.28,156.02,5,Health & Wellness,Mobile,Bank Transfer,Paid Ad,0,4.8,0,3,1,0
C01059,United States,38,Female,Free,8/30/2025,46,1813.73,37.04,37,Clothing & Apparel,Tablet,UPI / Digital Wallet,Organic Search,12,2.7,4,0,0,0
C01060,United Kingdom,42,Male,Gold,5/24/2025,1,36.82,34.45,15,Books,Desktop,PayPal,Organic Search,0,4,0,0,1,0
C01061,United States,18,Female,Free,3/12/2026,4,204.07,58.8,141,Clothing & Apparel,Mobile,Credit Card,Organic Search,0,4,0,3,1,0
C01062,India,33,Other,Free,4/14/2024,29,701.89,22.19,70,Toys & Games,Mobile,Buy Now Pay Later,Organic Search,11,4.4,1,5,1,0
C01063,South Africa,29,Female,Free,2/13/2026,48,9326.07,217.72,53,Clothing & Apparel,Mobile,UPI / Digital Wallet,Social Media,7,3.7,4,16,1,0
C01064,United Kingdom,40,Female,Free,9/7/2025,41,2104.56,55.95,12,Clothing & Apparel,Mobile,Credit Card,Paid Ad,5,4.4,0,2,1,0
C01065,India,35,Male,Gold,1/6/2023,25,3772.07,172.19,56,Home & Kitchen,Mobile,Debit Card,Organic Search,1,5,2,6,1,0
C01066,United States,25,Female,Free,12/27/2020,8,1116.93,150.19,1,Food & Grocery,Mobile,Credit Card,Email Campaign,1,3.9,0,6,0,0
C01067,Germany,57,Female,Gold,2/10/2026,19,3939.46,202.34,6,Clothing & Apparel,Mobile,Credit Card,Paid Ad,6,4.7,2,15,1,0
C01068,Netherlands,50,Male,Gold,12/21/2021,8,351.95,49.15,65,Toys & Games,Mobile,Debit Card,Direct,2,4.8,1,1,0,1
C01069,Spain,18,Female,Platinum,3/12/2025,10,766.64,79.58,30,Electronics,Mobile,PayPal,Organic Search,2,4.2,0,0,1,0
C01070,Mexico,35,Female,Free,3/1/2022,4,235.04,52.56,21,Electronics,Mobile,Credit Card,Referral,1,3.5,0,2,1,0
C01071,United States,22,Other,Free,9/22/2025,3,365.43,106.18,91,Clothing & Apparel,Mobile,UPI / Digital Wallet,Paid Ad,1,4.6,0,4,1,1
C01072,United States,52,Male,Platinum,6/18/2024,6,664.04,125.74,8,Health & Wellness,Desktop,PayPal,Email Campaign,0,4.9,0,1,0,0
C01073,France,18,Female,Silver,12/15/2022,16,1220.37,84.47,17,Office Supplies,Mobile,Debit Card,Organic Search,0,4.9,1,8,0,0
C01074,United Kingdom,27,Male,Silver,3/19/2024,13,300.6,23.52,16,Automotive,Tablet,Buy Now Pay Later,Direct,1,4.6,0,0,0,0
C01075,Australia,19,Male,Silver,7/1/2022,12,569.92,54.29,6,Sports & Outdoors,Mobile,Debit Card,Social Media,1,4.9,0,4,0,0
C01076,UAE,41,Male,Free,1/21/2026,8,596.76,65.14,11,Electronics,Mobile,Debit Card,Organic Search,0,3.2,0,1,1,0
C01077,United Kingdom,47,Male,Gold,4/23/2024,5,263.37,58.78,21,Toys & Games,Mobile,PayPal,Social Media,1,3.8,0,6,1,0
C01078,India,32,Female,Platinum,6/3/2023,7,1010.67,132.5,27,Clothing & Apparel,Desktop,Credit Card,Organic Search,0,3.9,0,1,1,0
C01079,France,35,Female,Silver,4/2/2025,3,68.3,21.74,35,Office Supplies,Mobile,PayPal,Social Media,0,4.1,0,12,1,0
C01080,Canada,32,Male,Free,7/2/2025,4,175.35,49.38,72,Electronics,Mobile,Debit Card,Organic Search,1,4.7,0,4,0,0
C01081,United States,26,Male,Silver,9/25/2023,20,3136.35,161.98,16,Toys & Games,Mobile,PayPal,Email Campaign,5,3.4,0,3,0,0
C01082,South Africa,45,Other,Free,9/13/2024,26,1543.26,67.86,101,Books,Mobile,PayPal,Paid Ad,6,2.9,0,0,0,1
C01083,United Kingdom,25,Female,Free,1/11/2023,5,281.43,60.02,105,Home & Kitchen,Mobile,Credit Card,Organic Search,0,4.4,0,2,1,0
C01084,United States,18,Female,Free,3/2/2024,12,2186.86,165.83,19,Toys & Games,Desktop,Debit Card,Organic Search,2,3.4,1,0,1,0
C01085,Japan,22,Male,Free,6/23/2025,20,3014.59,148.75,136,Home & Kitchen,Desktop,Buy Now Pay Later,Referral,5,4.2,1,3,1,0
C01086,United States,35,Female,Free,12/9/2021,3,237.45,70.42,110,Food & Grocery,Desktop,Debit Card,Social Media,0,3.2,0,0,0,0
C01087,India,38,Female,Silver,12/31/2025,11,334.22,35.16,52,Home & Kitchen,Tablet,PayPal,Social Media,3,4.6,1,19,0,0
C01088,Mexico,43,Male,Free,4/30/2025,16,1037.61,72.17,54,Sports & Outdoors,Desktop,Buy Now Pay Later,Organic Search,4,4.3,2,4,1,0
C01089,United States,18,Male,Silver,4/17/2025,2,215.99,97.4,87,Food & Grocery,Tablet,Debit Card,Organic Search,0,4.2,0,6,0,0
C01090,Mexico,18,Female,Gold,12/7/2025,5,394.4,71.57,16,Clothing & Apparel,Mobile,PayPal,Referral,1,4.1,0,0,1,0
C01091,Spain,21,Female,Silver,1/7/2023,5,147.05,31.48,47,Pet Supplies,Desktop,PayPal,Social Media,1,3.5,0,3,0,0
C01092,Netherlands,55,Male,Free,5/1/2023,5,216.3,47.74,3,Travel & Luggage,Mobile,Credit Card,Email Campaign,0,3.5,0,0,1,0
C01093,Spain,47,Female,Silver,3/12/2023,2,21.88,10.76,32,Books,Mobile,PayPal,Social Media,0,4.2,0,0,0,0
C01094,United States,25,Male,Silver,12/9/2025,11,896.95,90.09,36,Books,Desktop,Debit Card,Organic Search,2,3.5,0,2,0,0
C01095,United Kingdom,39,Male,Free,6/8/2023,12,737.42,63.56,12,Toys & Games,Desktop,UPI / Digital Wallet,Organic Search,0,4.6,0,4,1,0
C01096,United Kingdom,33,Female,Silver,2/28/2023,1,167.4,187.29,12,Sports & Outdoors,Desktop,Credit Card,Organic Search,0,4.5,0,0,0,0
C01097,United States,27,Female,Free,3/23/2026,6,228.82,39.44,14,Sports & Outdoors,Mobile,PayPal,Organic Search,0,4.4,0,5,0,0
C01098,United States,44,Male,Free,5/26/2025,27,1321.34,42.7,22,Food & Grocery,Mobile,Debit Card,Email Campaign,2,3.2,0,3,1,0
C01099,Germany,45,Female,Silver,2/20/2024,57,679.04,11.89,60,Beauty & Personal Care,Mobile,UPI / Digital Wallet,Email Campaign,21,4.1,2,7,1,0
C01100,France,23,Male,Free,4/19/2023,22,271.55,12.29,137,Electronics,Desktop,Debit Card,Organic Search,3,4,2,0,1,0
C01101,United Kingdom,38,Male,Silver,8/6/2022,8,322.11,35.4,19,Home & Kitchen,Desktop,PayPal,Social Media,3,4.2,0,5,0,0
C01102,Germany,25,Male,Free,5/29/2025,9,228.81,28.88,27,Jewelry & Accessories,Mobile,Credit Card,Organic Search,1,4.2,0,1,1,0
C01103,Germany,32,Female,Silver,7/25/2025,6,655.56,96.32,15,Health & Wellness,Mobile,PayPal,Paid Ad,1,4.4,0,0,1,0
C01104,United States,46,Female,Gold,12/2/2025,2,172.65,75.37,10,Beauty & Personal Care,Mobile,Credit Card,Social Media,0,4.5,0,1,0,0
C01105,Japan,34,Male,Silver,1/6/2024,4,300.68,65.9,63,Electronics,Mobile,PayPal,Email Campaign,0,4,0,5,0,0
C01106,Singapore,31,Female,Platinum,10/10/2022,8,2136.33,314.11,68,Clothing & Apparel,Mobile,Credit Card,Paid Ad,1,4.8,0,3,1,0
C01107,Australia,57,Male,Silver,8/12/2025,18,1471.64,74.6,70,Clothing & Apparel,Mobile,Credit Card,Organic Search,6,3.7,1,4,0,0
C01108,United States,38,Female,Free,1/12/2026,21,744.68,36.34,37,Books,Desktop,Debit Card,Paid Ad,4,4.3,1,11,1,0
C01109,Canada,27,Male,Free,10/20/2021,1,12.67,13.42,10,Sports & Outdoors,Mobile,PayPal,Email Campaign,0,3.2,0,1,1,1
C01110,South Africa,20,Male,Free,11/20/2025,30,5855.01,205.44,80,Books,Desktop,Debit Card,Organic Search,10,4,2,1,0,0
C01111,United States,45,Other,Free,3/28/2025,14,2794.54,228.02,11,Home & Kitchen,Desktop,Credit Card,Organic Search,1,4.7,1,10,1,0
C01112,South Korea,18,Male,Gold,1/15/2025,16,861.04,49.32,10,Sports & Outdoors,Tablet,UPI / Digital Wallet,Paid Ad,2,3.8,0,8,0,0
C01113,Australia,43,Male,Gold,8/26/2024,3,387,114.37,5,Health & Wellness,Desktop,Credit Card,Social Media,1,3.7,0,6,0,0
C01114,United States,28,Male,Free,9/14/2020,26,2085.27,81.19,24,Electronics,Desktop,UPI / Digital Wallet,Paid Ad,6,4.6,0,6,1,0
C01115,Germany,55,Female,Gold,5/3/2025,10,1678.52,165.87,5,Automotive,Mobile,Credit Card,Organic Search,3,4,0,0,1,1
C01116,United States,33,Female,Silver,2/20/2024,1,37.01,37.92,75,Pet Supplies,Tablet,PayPal,Paid Ad,0,4.2,0,23,0,0
C01117,Brazil,33,Male,Free,5/22/2023,40,1848.27,53.23,47,Jewelry & Accessories,Mobile,Bank Transfer,Social Media,13,4.1,5,2,0,0
C01118,United Kingdom,22,Male,Platinum,5/28/2023,21,721.82,32.15,6,Clothing & Apparel,Desktop,PayPal,Organic Search,3,4,1,5,1,0
C01119,Netherlands,31,Male,Free,1/20/2026,8,570.84,77.28,27,Books,Mobile,Debit Card,Organic Search,2,3.4,0,5,1,0
C01120,Australia,24,Male,Gold,9/2/2025,47,6737.89,124.88,87,Electronics,Desktop,Credit Card,Social Media,4,3.7,5,1,1,0
C01121,United States,18,Male,Free,3/27/2019,7,1490.38,229.32,46,Clothing & Apparel,Desktop,UPI / Digital Wallet,Paid Ad,1,4,0,0,1,0
C01122,United States,45,Male,Free,2/3/2026,30,1147.51,36.72,81,Clothing & Apparel,Desktop,Credit Card,Email Campaign,2,3.6,2,6,0,0
C01123,Japan,48,Male,Free,8/29/2024,27,1636.05,56.39,17,Electronics,Mobile,Credit Card,Organic Search,3,3.4,1,1,1,1
C01124,United States,41,Female,Free,4/11/2025,12,1027.51,75.07,71,Clothing & Apparel,Mobile,Debit Card,Organic Search,2,4.6,0,8,1,0
C01125,Canada,47,Male,Gold,12/18/2024,45,10183.08,251.87,108,Toys & Games,Desktop,UPI / Digital Wallet,Paid Ad,6,4,6,1,1,0
C01126,United States,25,Female,Free,2/28/2025,21,5542.79,256.57,11,Food & Grocery,Tablet,PayPal,Direct,7,4.5,0,0,1,0
C01127,Canada,51,Female,Free,2/8/2021,7,106.77,17.21,72,Clothing & Apparel,Mobile,PayPal,Organic Search,1,4,0,2,0,0
C01128,Germany,40,Male,Free,2/12/2022,1,38.13,38.42,82,Home & Kitchen,Desktop,Buy Now Pay Later,Email Campaign,0,4.4,0,2,1,0
C01129,France,35,Male,Platinum,3/9/2026,22,1110.05,45.17,41,Jewelry & Accessories,Mobile,PayPal,Email Campaign,5,2.6,0,8,1,0
C01130,United States,50,Female,Free,5/10/2023,9,1045.83,118.03,216,Food & Grocery,Mobile,PayPal,Referral,1,4.5,0,4,0,1
C01131,United Kingdom,21,Male,Silver,7/3/2025,3,99.68,37.52,31,Home & Kitchen,Mobile,Credit Card,Social Media,0,3.8,0,10,1,0
C01132,United States,48,Male,Free,3/20/2021,18,1772.61,87.68,125,Toys & Games,Mobile,PayPal,Organic Search,1,4.5,2,2,1,1
C01133,United Kingdom,30,Male,Silver,11/22/2024,1,24.12,25.54,34,Beauty & Personal Care,Desktop,Debit Card,Direct,0,4.5,0,7,0,1
C01134,United Kingdom,19,Female,Free,12/27/2025,8,558.08,77.87,28,Clothing & Apparel,Desktop,Debit Card,Direct,0,3.4,0,3,0,0
C01135,Brazil,48,Male,Silver,8/17/2024,4,608.59,171.1,76,Food & Grocery,Desktop,PayPal,Organic Search,0,3.3,0,0,1,0
C01136,Mexico,46,Female,Free,1/3/2023,25,1263.59,52.51,51,Pet Supplies,Desktop,Credit Card,Referral,7,3.8,1,6,1,0
C01137,France,26,Male,Free,8/15/2025,15,2475.92,185.19,35,Toys & Games,Mobile,Credit Card,Social Media,3,4.3,0,0,0,0
C01138,United States,32,Male,Gold,5/14/2022,8,709.73,85.04,2,Home & Kitchen,Mobile,Bank Transfer,Organic Search,0,3.4,0,9,1,0
C01139,United States,42,Male,Gold,11/5/2024,54,24396.89,433.57,31,Sports & Outdoors,Mobile,Bank Transfer,Direct,10,4.2,1,2,1,0
C01140,Singapore,18,Female,Silver,12/30/2025,63,7212.22,100.96,114,Electronics,Mobile,Credit Card,Email Campaign,8,3,8,0,0,0
C01141,United States,43,Male,Free,10/31/2025,1,68.01,62.43,9,Electronics,Desktop,UPI / Digital Wallet,Organic Search,0,4.6,0,4,0,1
C01142,Germany,44,Female,Free,3/4/2026,29,3670.74,117.78,99,Clothing & Apparel,Tablet,Debit Card,Paid Ad,11,4.7,0,12,0,0
C01143,Spain,34,Male,Platinum,8/29/2025,15,1483.98,108.75,29,Clothing & Apparel,Mobile,Credit Card,Social Media,3,4.1,0,1,1,0
C01144,Germany,27,Female,Silver,12/15/2024,16,1213.28,74.78,55,Beauty & Personal Care,Desktop,Buy Now Pay Later,Organic Search,2,4.1,0,2,1,0
C01145,Australia,39,Other,Gold,9/11/2024,26,2315.91,80.9,4,Beauty & Personal Care,Mobile,PayPal,Organic Search,6,3.9,3,9,1,0
C01146,Brazil,20,Male,Gold,2/11/2023,8,870.99,122.87,39,Beauty & Personal Care,Desktop,PayPal,Social Media,0,4,0,0,0,0
C01147,Germany,18,Female,Free,10/11/2024,5,213.43,39.29,16,Home & Kitchen,Tablet,Debit Card,Organic Search,0,3.8,0,1,1,0
C01148,United States,31,Female,Free,10/12/2025,9,649.98,84.2,3,Home & Kitchen,Tablet,Credit Card,Organic Search,1,3.9,0,5,1,0
C01149,United States,43,Female,Free,5/4/2025,13,1060.26,79.15,75,Food & Grocery,Tablet,UPI / Digital Wallet,Organic Search,2,4,0,0,1,0
C01150,Germany,52,Male,Free,3/30/2026,26,3848.98,152.5,6,Clothing & Apparel,Desktop,Bank Transfer,Organic Search,3,3.9,2,8,1,0
C01151,United States,18,Female,Silver,11/20/2025,8,579.74,79,5,Jewelry & Accessories,Mobile,UPI / Digital Wallet,Direct,2,3.5,1,13,1,0
C01152,United States,18,Female,Free,8/12/2025,51,2782.38,57.87,65,Clothing & Apparel,Desktop,Debit Card,Social Media,6,4.6,0,8,1,1
C01153,United Kingdom,30,Male,Free,6/3/2018,6,592.09,87.43,37,Office Supplies,Tablet,PayPal,Email Campaign,1,3.6,0,6,0,0
C01154,Mexico,25,Female,Free,10/16/2025,2,54.03,29.94,92,Food & Grocery,Desktop,Credit Card,Email Campaign,0,4.6,0,1,1,0
C01155,India,24,Male,Free,9/1/2024,17,550.1,36,94,Health & Wellness,Desktop,Buy Now Pay Later,Direct,3,4.3,2,4,0,0
C01156,Germany,48,Male,Free,5/28/2024,7,281.9,40.1,46,Food & Grocery,Desktop,PayPal,Referral,1,4.1,0,0,1,0
C01157,India,46,Other,Platinum,10/3/2025,24,3856.27,163.58,31,Health & Wellness,Tablet,Buy Now Pay Later,Direct,7,4.2,1,10,0,0
C01158,United States,41,Male,Silver,3/14/2024,32,4092.46,126.62,5,Food & Grocery,Desktop,Bank Transfer,Social Media,1,4.3,1,11,0,0
C01159,Mexico,18,Female,Free,9/5/2022,7,241.96,37.38,82,Electronics,Mobile,Credit Card,Organic Search,2,3.9,0,0,1,0
C01160,United States,22,Other,Silver,10/13/2025,1,71.42,63.17,83,Toys & Games,Desktop,Debit Card,Social Media,0,3,0,7,1,0
C01161,India,39,Female,Free,1/19/2024,27,3926.6,135.67,73,Electronics,Desktop,Buy Now Pay Later,Organic Search,8,3.4,2,4,1,0
C01162,United Kingdom,37,Female,Free,10/8/2025,40,5283.09,136.8,95,Beauty & Personal Care,Mobile,Credit Card,Social Media,2,3.9,4,4,1,0
C01163,France,35,Male,Platinum,2/18/2025,22,5693.63,240.8,44,Health & Wellness,Desktop,Credit Card,Organic Search,1,4.1,0,10,1,1
C01164,United Kingdom,34,Male,Silver,10/25/2023,1,44.68,43.58,43,Sports & Outdoors,Mobile,Buy Now Pay Later,Organic Search,0,4.2,0,2,0,1
C01165,Spain,30,Female,Silver,11/11/2023,8,1474.58,170.47,79,Sports & Outdoors,Mobile,Credit Card,Email Campaign,0,4.8,0,3,1,1
C01166,United States,21,Male,Free,3/28/2025,3,136.75,43.19,60,Sports & Outdoors,Desktop,PayPal,Email Campaign,0,3.5,0,0,1,0
C01167,Japan,35,Male,Free,9/5/2020,25,2992.65,124.86,6,Beauty & Personal Care,Mobile,Debit Card,Direct,8,4.9,1,0,1,0
C01168,United States,28,Female,Free,7/26/2025,30,3645.37,122.95,4,Home & Kitchen,Desktop,Credit Card,Organic Search,2,4,1,5,1,0
C01169,Germany,40,Female,Gold,11/8/2025,18,708.03,43.49,175,Clothing & Apparel,Tablet,Debit Card,Email Campaign,1,4.6,2,10,0,0
C01170,United States,41,Female,Free,2/18/2024,14,926.31,71.92,50,Electronics,Desktop,UPI / Digital Wallet,Email Campaign,2,3.8,1,1,0,0
C01171,United States,35,Male,Free,2/6/2025,10,647.3,69.06,14,Clothing & Apparel,Mobile,Debit Card,Paid Ad,0,3.4,0,6,1,0
C01172,France,29,Female,Free,9/17/2024,31,895.88,27.71,46,Beauty & Personal Care,Mobile,Buy Now Pay Later,Email Campaign,5,4.7,0,3,0,0
C01173,Germany,42,Male,Free,1/10/2026,14,1477.28,107.97,22,Toys & Games,Desktop,Credit Card,Direct,3,4,1,5,0,0
C01174,United States,28,Female,Free,12/26/2025,67,5509.76,74.14,51,Electronics,Mobile,Credit Card,Email Campaign,23,4.1,4,11,0,0
C01175,Canada,19,Female,Silver,1/6/2026,5,87.53,19.68,158,Clothing & Apparel,Mobile,Credit Card,Organic Search,1,3.3,0,6,1,0
C01176,France,56,Other,Free,7/6/2025,7,851.36,136.98,2,Health & Wellness,Mobile,PayPal,Email Campaign,1,4.8,0,4,1,0
C01177,Netherlands,44,Female,Silver,11/14/2024,7,168.42,22.6,65,Electronics,Mobile,Credit Card,Organic Search,1,4.7,0,11,1,0
C01178,United Kingdom,20,Female,Gold,3/30/2025,30,1050.49,31.3,18,Beauty & Personal Care,Tablet,PayPal,Organic Search,1,3.7,4,7,0,0
C01179,Australia,42,Male,Silver,1/3/2026,8,545.1,61.86,23,Clothing & Apparel,Mobile,Buy Now Pay Later,Organic Search,2,4.8,0,0,1,0
C01180,Brazil,18,Male,Silver,6/1/2025,29,6388.78,234.51,9,Sports & Outdoors,Mobile,Credit Card,Paid Ad,9,4.2,0,1,1,1
C01181,India,26,Female,Free,11/13/2025,2,62.89,32.93,4,Sports & Outdoors,Mobile,Credit Card,Social Media,0,4.8,0,6,1,0
C01182,United States,41,Other,Free,9/2/2025,8,761.01,107.92,5,Home & Kitchen,Mobile,Debit Card,Email Campaign,2,4.3,0,6,1,0
C01183,Turkey,29,Male,Silver,1/12/2026,14,1346.39,89.13,73,Sports & Outdoors,Desktop,PayPal,Direct,2,4.4,1,0,0,0
C01184,India,33,Female,Free,2/13/2025,24,1130.84,47.74,11,Toys & Games,Mobile,Debit Card,Paid Ad,6,4.1,0,10,1,0
C01185,Australia,18,Male,Free,1/13/2026,13,379.12,30.7,89,Home & Kitchen,Mobile,Credit Card,Social Media,1,4.1,1,3,1,0
C01186,United Kingdom,30,Male,Silver,3/24/2022,29,1040.15,35.65,65,Pet Supplies,Mobile,Debit Card,Email Campaign,6,3.8,0,6,1,0
C01187,Japan,45,Male,Platinum,3/21/2026,16,5195.95,349.06,35,Electronics,Mobile,PayPal,Organic Search,3,4.9,1,1,1,0
C01188,United Kingdom,55,Male,Platinum,3/9/2026,11,867.1,90.82,42,Health & Wellness,Desktop,PayPal,Social Media,0,4.5,0,1,0,0
C01189,Mexico,39,Male,Free,9/18/2023,32,2123.09,63.86,79,Electronics,Desktop,PayPal,Email Campaign,2,4.6,1,4,0,0
C01190,Australia,31,Male,Silver,1/31/2022,78,8029.13,91.54,11,Jewelry & Accessories,Desktop,Credit Card,Email Campaign,9,4.8,5,2,1,0
C01191,Sweden,37,Female,Free,10/28/2025,18,510.58,25.67,110,Home & Kitchen,Tablet,Credit Card,Social Media,3,4.6,1,6,0,0
C01192,United Kingdom,24,Other,Gold,3/29/2025,8,1041.25,121.12,176,Toys & Games,Desktop,UPI / Digital Wallet,Referral,2,4.3,0,6,0,0
C01193,Italy,20,Male,Silver,12/20/2023,2,264.01,136.09,40,Clothing & Apparel,Mobile,Credit Card,Social Media,0,4.1,0,1,1,0
C01194,France,29,Female,Gold,4/25/2024,11,891.18,73.85,69,Electronics,Mobile,Credit Card,Email Campaign,3,4.1,1,3,1,1
C01195,United States,49,Female,Free,2/17/2026,19,530.2,30.05,121,Books,Mobile,Credit Card,Paid Ad,1,4.7,0,9,0,0
C01196,United Kingdom,29,Female,Gold,12/22/2024,23,2560.42,117,204,Pet Supplies,Mobile,Debit Card,Social Media,8,4.4,2,0,1,0
C01197,Sweden,31,Male,Free,10/17/2024,8,1123.14,135.74,0,Clothing & Apparel,Mobile,PayPal,Paid Ad,2,4.5,0,0,0,0
C01198,Poland,51,Female,Gold,2/22/2023,10,1336.26,125.32,201,Sports & Outdoors,Mobile,Cryptocurrency,Email Campaign,0,2.7,1,5,0,1
C01199,United Kingdom,34,Male,Silver,3/19/2026,12,927.62,72.64,99,Health & Wellness,Desktop,Credit Card,Direct,3,4.4,0,2,0,0
C01200,United States,29,Female,Gold,3/27/2025,40,912.45,21.96,26,Food & Grocery,Desktop,Credit Card,Organic Search,10,4.7,0,10,1,0
C01201,Brazil,53,Female,Silver,1/5/2025,16,916.51,60.16,25,Home & Kitchen,Mobile,Debit Card,Direct,1,3.7,0,7,0,0
C01202,Mexico,32,Female,Free,3/27/2026,1,39.39,45.04,49,Clothing & Apparel,Mobile,Credit Card,Organic Search,0,4.4,0,0,1,0
C01203,Germany,47,Female,Free,6/21/2025,3,142.13,50.17,9,Clothing & Apparel,Mobile,Credit Card,Email Campaign,0,3.6,0,10,0,0
C01204,Japan,37,Male,Gold,5/18/2023,38,7046.39,190.12,50,Jewelry & Accessories,Tablet,Credit Card,Paid Ad,12,4,3,1,1,0
C01205,United States,27,Other,Platinum,10/24/2025,8,531.3,63.32,72,Beauty & Personal Care,Mobile,UPI / Digital Wallet,Organic Search,0,4.8,0,0,1,0
C01206,Germany,41,Male,Free,11/20/2025,17,2774.79,149.09,0,Beauty & Personal Care,Desktop,PayPal,Referral,4,3.5,2,1,1,0
C01207,United States,27,Female,Silver,12/7/2025,3,312.48,95.15,27,Sports & Outdoors,Mobile,Credit Card,Email Campaign,1,4.9,0,6,0,0
C01208,Sweden,42,Male,Silver,6/10/2022,1,75.94,72.79,98,Books,Desktop,Credit Card,Email Campaign,0,4.1,0,5,1,1
C01209,United States,33,Female,Free,8/16/2024,6,674.61,128.6,13,Electronics,Mobile,PayPal,Email Campaign,1,3.3,0,10,1,0
C01210,Singapore,36,Female,Gold,3/15/2026,4,331.45,78.99,29,Food & Grocery,Desktop,Debit Card,Organic Search,0,4.7,0,3,1,1
C01211,Germany,43,Female,Free,3/5/2025,3,143.3,46.13,8,Electronics,Mobile,Debit Card,Email Campaign,0,3.7,0,6,0,0
C01212,Australia,40,Male,Silver,2/11/2026,16,861.63,62.25,63,Home & Kitchen,Tablet,Credit Card,Social Media,1,3.1,1,5,1,0
C01213,United Kingdom,18,Female,Free,10/28/2025,14,693,51.46,13,Home & Kitchen,Tablet,Bank Transfer,Organic Search,4,4.7,2,0,1,0
C01214,United Kingdom,53,Female,Gold,2/27/2025,22,6537.83,264.17,70,Books,Desktop,Credit Card,Email Campaign,7,4.5,0,0,0,0
C01215,United States,38,Male,Free,11/13/2024,35,870.97,27.06,5,Electronics,Desktop,Buy Now Pay Later,Organic Search,11,4.1,3,6,1,0
C01216,Brazil,33,Female,Free,5/15/2025,53,1951.44,35.23,3,Electronics,Mobile,Debit Card,Organic Search,12,3.3,0,0,1,0
C01217,Poland,49,Male,Platinum,2/3/2025,2,285.8,144.65,39,Home & Kitchen,Desktop,UPI / Digital Wallet,Organic Search,0,3.9,0,6,0,0
C01218,Singapore,50,Female,Gold,9/30/2025,15,1851.37,107.81,135,Electronics,Desktop,Debit Card,Email Campaign,1,2.8,0,7,0,0
C01219,United Kingdom,52,Female,Free,2/27/2026,24,1995.33,80.26,76,Books,Desktop,Credit Card,Organic Search,6,4.5,1,1,1,0
C01220,United Kingdom,33,Male,Free,4/1/2025,25,1204.74,42.02,76,Travel & Luggage,Mobile,PayPal,Social Media,6,3.9,1,4,1,0
C01221,United Kingdom,47,Female,Free,2/4/2020,27,640.07,25.28,4,Food & Grocery,Mobile,PayPal,Email Campaign,8,3.5,0,7,1,1
C01222,France,36,Female,Silver,11/24/2025,25,2920.43,119.44,50,Electronics,Mobile,Debit Card,Organic Search,2,4.2,1,16,1,0
C01223,Australia,30,Female,Free,6/19/2022,22,721.96,32.26,67,Clothing & Apparel,Mobile,PayPal,Social Media,5,4,0,19,1,0
C01224,United Kingdom,44,Female,Silver,8/11/2025,30,1553.98,57.75,7,Beauty & Personal Care,Mobile,Buy Now Pay Later,Social Media,2,3.7,3,2,1,0
C01225,United States,30,Female,Free,11/5/2025,8,687.16,98.59,31,Electronics,Mobile,Credit Card,Email Campaign,0,4.1,1,8,1,0
C01226,France,34,Female,Gold,5/3/2025,6,611.88,92.63,42,Books,Mobile,Credit Card,Organic Search,0,3.8,0,1,0,0
C01227,India,18,Female,Free,3/28/2025,7,674.55,100.5,151,Jewelry & Accessories,Mobile,PayPal,Referral,0,4.2,0,0,0,0
C01228,Brazil,43,Female,Free,11/10/2021,6,304.15,57.81,98,Electronics,Mobile,Credit Card,Email Campaign,1,4.7,0,14,0,0
C01229,India,51,Female,Silver,2/16/2025,23,468.59,21.37,13,Toys & Games,Mobile,Buy Now Pay Later,Organic Search,9,4,0,7,1,0
C01230,United States,50,Male,Free,11/3/2024,14,862.64,60.92,18,Home & Kitchen,Mobile,PayPal,Paid Ad,1,4.5,0,3,0,0
C01231,Canada,24,Male,Free,6/22/2025,10,596.88,60.27,50,Sports & Outdoors,Desktop,Credit Card,Social Media,1,4.7,0,4,1,0
C01232,Germany,36,Female,Free,8/10/2025,2,53.14,25.7,232,Beauty & Personal Care,Desktop,PayPal,Organic Search,0,3.6,0,0,1,0
C01233,United States,18,Male,Free,4/7/2025,14,1256.81,92.13,0,Books,Mobile,Credit Card,Organic Search,3,3.1,0,2,1,0
C01234,United States,37,Female,Free,12/27/2025,6,458.4,70.37,69,Automotive,Mobile,Debit Card,Paid Ad,0,4.1,0,3,1,0
C01235,Singapore,45,Male,Silver,6/12/2024,10,300.62,27.83,72,Electronics,Mobile,Buy Now Pay Later,Email Campaign,2,4.9,0,7,0,0
C01236,United States,38,Female,Silver,3/22/2025,24,742.88,30.83,6,Electronics,Desktop,Debit Card,Email Campaign,5,4.6,3,22,1,0
C01237,Canada,18,Female,Gold,10/31/2025,3,161.78,56.48,20,Books,Mobile,PayPal,Direct,1,4.6,0,0,1,0
C01238,UAE,41,Male,Free,6/15/2023,51,2855.51,50.82,53,Food & Grocery,Desktop,Credit Card,Social Media,16,4.2,5,1,0,0
C01239,India,28,Female,Silver,1/15/2026,7,466.38,64.73,44,Sports & Outdoors,Desktop,UPI / Digital Wallet,Paid Ad,2,3.6,0,2,1,0
C01240,Japan,57,Male,Gold,7/5/2025,4,248.1,68.16,90,Beauty & Personal Care,Desktop,Debit Card,Email Campaign,0,4.2,0,6,0,0
C01241,Germany,39,Male,Free,1/11/2022,17,1378.71,75.83,96,Sports & Outdoors,Desktop,Credit Card,Social Media,2,3.6,0,1,0,0
C01242,United States,45,Male,Free,10/7/2018,7,379.02,51.84,32,Clothing & Apparel,Desktop,Credit Card,Organic Search,1,4.3,0,1,0,0
C01243,Germany,28,Male,Free,10/19/2021,5,328.91,77.05,29,Automotive,Desktop,UPI / Digital Wallet,Email Campaign,0,3.9,0,11,1,0
C01244,United Kingdom,36,Male,Gold,4/22/2020,14,533.83,42.12,91,Sports & Outdoors,Mobile,Debit Card,Organic Search,3,4.6,0,3,1,0
C01245,United States,35,Male,Silver,12/25/2025,14,458.69,31.68,36,Electronics,Desktop,Cryptocurrency,Paid Ad,3,4.1,1,3,1,0
C01246,Canada,32,Male,Free,9/30/2021,7,755.15,111.03,7,Toys & Games,Mobile,UPI / Digital Wallet,Organic Search,1,4.7,0,0,1,0
C01247,United States,18,Male,Silver,8/22/2020,5,535.22,97.36,69,Home & Kitchen,Tablet,Debit Card,Email Campaign,1,4.8,0,0,1,0
C01248,United States,37,Male,Free,6/9/2023,25,617.3,27.11,44,Clothing & Apparel,Desktop,Buy Now Pay Later,Social Media,8,4.2,3,4,1,0
C01249,Canada,26,Female,Free,4/11/2024,8,225.5,31.35,32,Electronics,Desktop,Credit Card,Direct,1,4.3,0,1,1,0
C01250,United States,39,Female,Silver,2/9/2024,53,4272.85,76.84,27,Home & Kitchen,Tablet,Credit Card,Organic Search,19,4.7,3,0,0,0
C01251,United Kingdom,48,Male,Platinum,11/21/2025,8,309.22,36.93,18,Sports & Outdoors,Desktop,Credit Card,Organic Search,0,4.9,0,6,1,0
C01252,United States,25,Male,Gold,9/19/2024,4,1175.37,345.6,13,Home & Kitchen,Desktop,Credit Card,Social Media,1,4.3,0,7,1,0
C01253,Germany,47,Male,Free,8/31/2024,7,316.65,52.77,25,Books,Mobile,Debit Card,Direct,0,3.8,0,4,1,1
C01254,Germany,51,Female,Silver,10/19/2025,16,3738.14,205.34,45,Clothing & Apparel,Tablet,Credit Card,Direct,1,4,1,0,0,0
C01255,Germany,30,Male,Silver,4/16/2016,44,2060.7,44.49,115,Toys & Games,Mobile,Debit Card,Email Campaign,10,4.8,1,0,1,0
C01256,United States,48,Female,Silver,2/20/2026,9,1392.73,166.63,2,Travel & Luggage,Desktop,PayPal,Organic Search,2,4.3,0,1,0,0
C01257,Spain,32,Female,Free,1/12/2021,15,439.51,26.99,27,Sports & Outdoors,Mobile,PayPal,Social Media,5,4.1,0,12,1,0
C01258,United States,22,Female,Gold,8/24/2025,4,269.44,63.63,91,Toys & Games,Mobile,Buy Now Pay Later,Organic Search,0,4.1,0,1,0,0
C01259,Singapore,39,Male,Free,6/2/2024,31,1179.14,35.14,37,Office Supplies,Mobile,PayPal,Paid Ad,7,4.4,0,27,0,0
C01260,France,20,Male,Free,7/22/2025,31,1095.23,40.99,136,Food & Grocery,Mobile,Credit Card,Email Campaign,2,4.6,3,2,0,0
C01261,United Kingdom,59,Female,Free,7/16/2023,28,4325.09,150.67,45,Clothing & Apparel,Mobile,UPI / Digital Wallet,Organic Search,2,3.9,1,1,0,0
C01262,Canada,60,Male,Gold,8/19/2021,2,59.95,32.17,153,Electronics,Mobile,UPI / Digital Wallet,Social Media,0,3.7,0,0,1,0
C01263,India,48,Female,Gold,3/26/2023,32,1351.45,42.87,55,Clothing & Apparel,Mobile,PayPal,Social Media,11,4.2,2,4,0,0
C01264,United States,58,Male,Free,3/10/2025,42,1008.68,27.77,101,Books,Desktop,PayPal,Organic Search,7,3.9,2,1,1,0
C01265,United Kingdom,18,Female,Free,8/28/2025,38,3767.37,115.93,58,Office Supplies,Desktop,Debit Card,Direct,5,4.3,3,0,1,0
C01266,Canada,24,Female,Free,9/17/2024,4,384.78,84,16,Clothing & Apparel,Mobile,PayPal,Organic Search,0,3.9,0,2,1,0
C01267,United Kingdom,41,Female,Free,3/16/2026,6,124.52,22.05,28,Clothing & Apparel,Desktop,Credit Card,Paid Ad,0,4.1,0,3,1,0
C01268,United States,36,Female,Free,3/25/2026,8,469.64,59.01,203,Books,Mobile,PayPal,Paid Ad,1,3.8,0,0,1,0
C01269,United Kingdom,28,Female,Free,11/10/2024,1,91.27,92.75,49,Clothing & Apparel,Desktop,Bank Transfer,Direct,0,4.5,0,1,0,0
C01270,Canada,28,Female,Free,4/23/2023,5,684.06,124.78,188,Books,Tablet,Bank Transfer,Email Campaign,0,4.7,0,4,1,0
C01271,United Kingdom,35,Male,Free,6/22/2023,32,1384.59,38.43,216,Books,Tablet,UPI / Digital Wallet,Social Media,12,4.7,2,1,0,0
C01272,United States,27,Female,Free,12/28/2024,38,3480.7,83.11,32,Electronics,Mobile,UPI / Digital Wallet,Organic Search,6,4.3,5,0,1,0
C01273,Germany,21,Male,Silver,2/11/2026,1,62.62,58.02,69,Travel & Luggage,Tablet,Credit Card,Social Media,0,3.9,0,9,0,0
C01274,Brazil,27,Female,Free,3/3/2025,21,777.46,40.9,29,Clothing & Apparel,Mobile,UPI / Digital Wallet,Organic Search,2,3.7,0,1,1,0
C01275,United States,38,Female,Free,6/4/2017,62,2611.71,44.92,192,Toys & Games,Desktop,Debit Card,Organic Search,18,4.3,1,0,0,0
C01276,Netherlands,44,Female,Gold,4/2/2025,10,1928.6,197.29,28,Books,Mobile,Buy Now Pay Later,Social Media,2,4.2,0,6,0,0
C01277,United States,26,Female,Free,3/16/2026,22,772.94,37.47,34,Health & Wellness,Tablet,Credit Card,Organic Search,8,4.4,2,1,1,1
C01278,Germany,39,Male,Free,8/24/2023,15,3238.85,250.61,49,Sports & Outdoors,Mobile,Credit Card,Referral,5,4.3,1,0,1,0
C01279,United States,37,Male,Free,4/27/2024,24,2100.95,80.72,62,Beauty & Personal Care,Mobile,UPI / Digital Wallet,Social Media,4,3.8,1,0,1,0
C01280,Canada,43,Female,Free,10/23/2024,21,625.57,27.84,38,Health & Wellness,Desktop,Bank Transfer,Social Media,3,4,0,7,0,0
C01281,United States,36,Female,Free,1/3/2024,30,2794.47,86.73,20,Toys & Games,Tablet,Debit Card,Email Campaign,7,3.6,0,1,1,0
C01282,Italy,34,Male,Platinum,9/21/2024,35,2323.97,71.82,28,Health & Wellness,Mobile,Credit Card,Direct,3,4.4,5,1,1,0
C01283,India,38,Female,Free,10/7/2023,7,545.59,84.64,141,Electronics,Mobile,Debit Card,Direct,2,3.6,0,9,1,0
C01284,South Africa,24,Female,Silver,3/16/2026,57,2224.48,39.26,49,Clothing & Apparel,Desktop,PayPal,Direct,10,3.7,3,3,1,0
C01285,Turkey,39,Male,Free,3/29/2025,6,527.6,83.65,105,Home & Kitchen,Desktop,Credit Card,Email Campaign,2,4.4,0,5,1,0
C01286,United States,60,Male,Silver,11/21/2025,30,3610.85,106.19,35,Home & Kitchen,Mobile,PayPal,Paid Ad,3,4.4,2,14,1,0
C01287,United States,32,Female,Silver,12/2/2025,26,946.44,42.59,114,Electronics,Desktop,Credit Card,Social Media,2,4.2,2,2,0,0
C01288,Canada,44,Female,Free,3/2/2025,14,1770.43,133.25,8,Sports & Outdoors,Mobile,PayPal,Organic Search,2,4.8,0,2,0,0
C01289,Australia,54,Male,Free,12/1/2025,52,3770.97,74.48,0,Toys & Games,Desktop,PayPal,Organic Search,17,5,7,12,1,0
C01290,United States,32,Male,Free,1/13/2025,50,3402.41,60.24,43,Beauty & Personal Care,Mobile,Credit Card,Social Media,5,3.9,3,4,1,0
C01291,India,18,Male,Free,2/2/2025,77,3720.64,53.14,12,Electronics,Tablet,Debit Card,Social Media,18,4.4,5,2,1,0
C01292,Germany,23,Male,Gold,11/7/2023,6,382.4,66.32,147,Pet Supplies,Mobile,Credit Card,Social Media,2,3.9,0,1,0,0
C01293,Netherlands,24,Female,Gold,2/12/2026,4,445.37,127.36,41,Home & Kitchen,Mobile,PayPal,Email Campaign,0,3,0,2,1,0
C01294,United States,45,Female,Silver,1/11/2023,7,343.13,52.83,2,Books,Mobile,Credit Card,Email Campaign,1,4.2,0,10,1,0
C01295,Mexico,40,Female,Gold,3/24/2026,3,593.61,225.81,131,Books,Desktop,Credit Card,Email Campaign,0,3.9,0,0,0,0
C01296,United States,28,Female,Free,1/14/2026,3,211.05,62.19,48,Electronics,Mobile,Debit Card,Paid Ad,0,4.9,0,2,0,0
C01297,Germany,32,Female,Free,1/6/2025,12,410.94,33.25,9,Electronics,Mobile,Cryptocurrency,Organic Search,1,4.8,0,3,1,0
C01298,United States,33,Male,Silver,11/5/2023,23,677.88,27.26,5,Jewelry & Accessories,Mobile,Credit Card,Email Campaign,6,4.2,0,0,1,0
C01299,India,51,Female,Platinum,11/10/2024,7,1044.48,137.23,193,Clothing & Apparel,Mobile,Credit Card,Paid Ad,0,3.9,0,1,1,1
C01300,South Africa,43,Female,Free,6/24/2024,12,1565.19,127.87,23,Beauty & Personal Care,Desktop,Debit Card,Email Campaign,3,4.2,1,1,0,0
C01301,India,18,Male,Silver,9/26/2025,31,703.06,21.1,30,Health & Wellness,Mobile,Buy Now Pay Later,Social Media,10,4.5,2,12,1,0
C01302,UAE,54,Female,Free,1/31/2026,38,1552,43.85,108,Food & Grocery,Mobile,PayPal,Organic Search,7,3.9,5,10,1,0
C01303,United States,20,Male,Silver,8/16/2024,11,395.7,38.81,121,Beauty & Personal Care,Mobile,PayPal,Email Campaign,2,3.2,0,8,1,0
C01304,Singapore,22,Female,Free,12/12/2025,9,306.36,39.01,8,Electronics,Tablet,UPI / Digital Wallet,Referral,2,4.6,0,1,1,0
C01305,UAE,34,Male,Free,12/3/2025,7,351.9,51.91,12,Beauty & Personal Care,Desktop,Buy Now Pay Later,Direct,2,4,0,11,1,0
C01306,United States,28,Female,Gold,1/15/2026,9,1282.75,125.91,37,Electronics,Mobile,PayPal,Social Media,0,4.5,0,1,0,0
C01307,United States,42,Male,Free,1/24/2023,2,87.14,40.53,29,Health & Wellness,Desktop,PayPal,Email Campaign,0,3.5,0,2,0,0
C01308,Australia,46,Female,Free,10/19/2025,20,783.64,39.51,38,Toys & Games,Mobile,Credit Card,Paid Ad,2,3.7,1,12,0,0
C01309,Mexico,51,Male,Free,12/28/2018,13,1289.77,93.26,56,Clothing & Apparel,Mobile,UPI / Digital Wallet,Referral,2,3.3,1,12,0,0
C01310,France,24,Female,Gold,2/17/2026,5,714.6,137.12,2,Beauty & Personal Care,Mobile,Debit Card,Paid Ad,1,4,0,5,1,1
C01311,United States,46,Female,Gold,7/2/2025,18,1232.79,66.93,146,Sports & Outdoors,Desktop,Credit Card,Direct,1,3.5,1,0,1,0
C01312,Germany,38,Female,Silver,11/26/2025,6,223.78,39.66,16,Home & Kitchen,Mobile,Credit Card,Email Campaign,1,3.1,0,0,1,0
C01313,Australia,26,Male,Silver,6/8/2024,4,143.69,41.08,114,Electronics,Desktop,Buy Now Pay Later,Social Media,1,4.7,0,5,1,0
C01314,India,33,Female,Free,9/18/2025,34,3643.28,117.5,32,Clothing & Apparel,Mobile,UPI / Digital Wallet,Social Media,8,3.7,2,1,0,0
C01315,United States,39,Male,Silver,8/28/2025,20,1080.14,50.45,92,Electronics,Mobile,Credit Card,Social Media,7,4.5,0,1,1,0
C01316,Germany,19,Male,Gold,8/1/2025,25,7527.24,320.6,108,Jewelry & Accessories,Desktop,UPI / Digital Wallet,Paid Ad,4,4.3,2,6,0,0
C01317,UAE,46,Female,Free,9/19/2022,16,486.37,28.71,80,Home & Kitchen,Desktop,PayPal,Email Campaign,2,4,1,0,1,0
C01318,France,25,Male,Free,2/24/2023,4,777.6,228.08,32,Home & Kitchen,Mobile,Buy Now Pay Later,Organic Search,1,3.7,0,2,0,1
C01319,Turkey,43,Male,Free,2/3/2026,36,2525.44,76.32,52,Sports & Outdoors,Mobile,PayPal,Social Media,13,4.3,2,4,1,0
C01320,United States,46,Male,Platinum,1/22/2026,8,2239.58,279.37,1,Clothing & Apparel,Desktop,Credit Card,Paid Ad,2,3.2,0,1,1,0
C01321,United Kingdom,25,Female,Gold,9/1/2024,2,113.28,65.28,154,Health & Wellness,Mobile,Credit Card,Paid Ad,0,2.1,0,6,1,0
C01322,France,20,Other,Free,10/15/2024,1,114.18,104.25,0,Home & Kitchen,Mobile,PayPal,Email Campaign,0,4.7,0,14,1,1
C01323,United States,19,Male,Silver,10/21/2025,43,1480.62,35.91,20,Automotive,Mobile,Debit Card,Referral,10,4,3,4,1,0
C01324,Italy,44,Male,Free,11/12/2025,2,370.81,166.46,49,Books,Tablet,Debit Card,Email Campaign,0,4.5,0,7,0,0
C01325,United States,18,Male,Free,5/22/2025,21,1621.63,73.39,111,Sports & Outdoors,Mobile,Credit Card,Organic Search,3,3.4,1,11,1,0
C01326,Poland,24,Female,Gold,3/10/2024,1,129.44,116.57,84,Clothing & Apparel,Mobile,Credit Card,Social Media,0,4.6,0,7,0,0
C01327,United States,25,Female,Free,7/5/2022,21,1701.11,71.89,26,Pet Supplies,Desktop,Credit Card,Paid Ad,1,4.8,0,6,1,0
C01328,Japan,53,Female,Free,12/31/2024,40,3543.83,85.97,194,Electronics,Tablet,Credit Card,Organic Search,3,3.2,1,1,0,0
C01329,United States,29,Female,Free,8/22/2023,27,1942.75,67.57,4,Books,Desktop,Credit Card,Direct,3,3.9,3,9,1,0
C01330,South Africa,40,Male,Free,9/11/2025,5,191.18,35.52,23,Clothing & Apparel,Mobile,Credit Card,Email Campaign,1,4.6,0,1,1,0
C01331,India,44,Male,Free,3/26/2021,5,515.14,103.74,217,Electronics,Desktop,Debit Card,Social Media,1,2.8,0,5,1,1
C01332,South Africa,46,Female,Free,7/7/2025,8,480.45,57.21,14,Clothing & Apparel,Mobile,Credit Card,Paid Ad,2,4.5,0,3,1,0
C01333,Germany,47,Female,Free,3/14/2021,33,980.01,30.55,53,Clothing & Apparel,Tablet,UPI / Digital Wallet,Organic Search,9,4,2,0,0,0
C01334,Mexico,37,Male,Gold,11/9/2025,2,164.11,81.16,18,Clothing & Apparel,Mobile,Credit Card,Social Media,0,3.4,0,0,0,0
C01335,United States,19,Female,Free,2/24/2025,65,11356.66,172.24,5,Food & Grocery,Mobile,Credit Card,Email Campaign,13,3.7,1,7,0,0
C01336,India,40,Male,Gold,8/3/2025,3,185.7,56.79,3,Home & Kitchen,Desktop,Credit Card,Social Media,1,3.9,0,3,1,0
C01337,India,33,Female,Free,6/24/2022,1,196.22,212.01,175,Clothing & Apparel,Mobile,Credit Card,Social Media,0,4.2,0,11,1,0
C01338,United States,41,Female,Free,4/24/2025,64,2381.56,34.63,95,Electronics,Tablet,Credit Card,Organic Search,14,3.9,2,17,1,0
C01339,Canada,21,Female,Free,1/18/2022,7,619.01,78.48,201,Books,Mobile,PayPal,Paid Ad,1,4.6,0,5,0,1
C01340,Germany,18,Male,Free,8/29/2025,10,686.83,68.26,12,Toys & Games,Mobile,PayPal,Social Media,3,4.3,0,0,1,0
C01341,United Kingdom,24,Male,Free,5/23/2025,10,1178.33,137.71,6,Food & Grocery,Desktop,Debit Card,Referral,2,3.4,0,2,1,0
C01342,Spain,49,Other,Silver,12/8/2022,1,128.99,144.18,135,Electronics,Desktop,Debit Card,Referral,0,3,0,1,0,0
C01343,Germany,27,Male,Gold,11/29/2025,34,3080.48,95.7,33,Electronics,Desktop,PayPal,Organic Search,9,4.4,1,2,1,0
C01344,United States,29,Male,Free,6/10/2025,2,114.37,50.9,37,Health & Wellness,Desktop,UPI / Digital Wallet,Social Media,0,2.2,0,7,1,0
C01345,India,29,Male,Free,12/8/2022,23,915.09,36.4,235,Beauty & Personal Care,Tablet,Bank Transfer,Organic Search,6,2.6,3,4,1,1
C01346,United States,23,Female,Gold,2/19/2022,3,547.19,160.36,12,Travel & Luggage,Desktop,Debit Card,Paid Ad,0,3.4,0,3,1,0
C01347,South Africa,38,Female,Silver,11/10/2025,16,609.8,43.23,4,Health & Wellness,Mobile,Debit Card,Organic Search,2,4.7,1,1,0,0
C01348,France,18,Male,Silver,3/7/2025,17,1464.91,82.17,25,Travel & Luggage,Desktop,UPI / Digital Wallet,Email Campaign,1,3.2,1,4,1,0
C01349,Poland,18,Female,Free,10/13/2025,4,166.45,38.63,9,Automotive,Mobile,Credit Card,Social Media,0,3.3,0,1,1,0
C01350,France,53,Male,Silver,2/11/2026,32,2814.25,91.13,111,Health & Wellness,Mobile,Buy Now Pay Later,Organic Search,4,3.5,4,6,0,0
C01351,Canada,37,Male,Free,8/18/2022,2,409.28,212.15,16,Office Supplies,Mobile,PayPal,Paid Ad,0,4,0,2,1,0
C01352,Sweden,46,Male,Free,4/20/2023,38,1349.89,32.48,30,Books,Mobile,PayPal,Email Campaign,2,4.8,4,8,1,0
C01353,India,25,Male,Free,9/15/2022,19,176.58,9.64,120,Toys & Games,Mobile,UPI / Digital Wallet,Social Media,2,4.3,1,2,1,0
C01354,Germany,38,Male,Free,7/18/2025,8,100.05,13.33,14,Food & Grocery,Tablet,PayPal,Email Campaign,2,4.3,0,4,0,0
C01355,United States,30,Female,Silver,3/18/2026,9,701.79,70.7,14,Home & Kitchen,Mobile,Credit Card,Referral,0,4.3,1,2,1,0
C01356,Sweden,48,Female,Free,1/27/2026,9,1333.42,161.61,150,Pet Supplies,Desktop,UPI / Digital Wallet,Social Media,2,4.6,0,9,0,1
C01357,United States,18,Male,Silver,11/23/2024,11,633.33,50.37,46,Pet Supplies,Tablet,Credit Card,Email Campaign,1,3.1,0,5,1,0
C01358,Japan,48,Male,Gold,11/5/2023,12,200.61,16.11,59,Clothing & Apparel,Mobile,Credit Card,Social Media,2,4,0,6,1,0
C01359,Netherlands,35,Female,Gold,4/12/2025,3,235.28,70.36,98,Health & Wellness,Desktop,UPI / Digital Wallet,Direct,0,2.7,0,15,0,0
C01360,United States,51,Female,Free,10/28/2024,8,916.86,117.65,47,Home & Kitchen,Mobile,Credit Card,Email Campaign,1,4.4,0,8,1,0
C01361,India,25,Other,Free,3/18/2025,16,1378.49,79.42,36,Health & Wellness,Mobile,Credit Card,Social Media,4,3.5,0,1,1,0
C01362,United States,42,Male,Free,4/2/2025,22,839.12,44.51,129,Beauty & Personal Care,Desktop,Buy Now Pay Later,Paid Ad,4,4.1,0,4,1,0
C01363,Netherlands,51,Female,Free,8/30/2025,26,3136.5,113.09,132,Electronics,Mobile,Credit Card,Organic Search,5,4.9,2,4,1,0
C01364,India,21,Male,Free,1/25/2019,9,1352.41,170.26,14,Office Supplies,Mobile,PayPal,Social Media,1,4.8,0,3,0,0
C01365,South Korea,30,Male,Free,8/29/2025,60,1004.73,19.3,13,Home & Kitchen,Desktop,Credit Card,Social Media,8,4.6,4,11,1,0
C01366,India,25,Male,Silver,4/3/2024,36,876.94,24.64,11,Electronics,Desktop,Credit Card,Organic Search,4,4.4,5,26,1,0
C01367,United States,55,Female,Free,4/17/2025,1,59.11,60.62,4,Home & Kitchen,Mobile,PayPal,Email Campaign,0,3.6,0,3,1,0
C01368,Canada,36,Male,Free,6/8/2023,5,290.76,62.94,34,Clothing & Apparel,Mobile,PayPal,Referral,1,4.5,0,1,1,0
C01369,India,37,Female,Free,3/15/2025,11,90.81,8.17,6,Electronics,Mobile,Credit Card,Organic Search,2,4.6,0,7,1,0
C01370,United States,25,Male,Platinum,12/22/2024,5,296.5,61.91,198,Toys & Games,Mobile,Credit Card,Organic Search,1,4.9,0,2,1,1
C01371,United States,38,Female,Silver,6/6/2025,29,1196.2,41.92,176,Automotive,Mobile,Debit Card,Organic Search,3,4.8,1,0,0,0
C01372,Germany,39,Female,Free,1/27/2026,19,3108.08,153.82,11,Electronics,Tablet,Debit Card,Email Campaign,5,3.7,0,6,1,0
C01373,United States,24,Male,Free,11/9/2023,55,3661.18,63.11,42,Home & Kitchen,Mobile,Credit Card,Social Media,17,4,6,5,0,0
C01374,United Kingdom,45,Male,Free,6/18/2025,37,902.77,22.74,47,Toys & Games,Mobile,UPI / Digital Wallet,Social Media,4,3.9,0,0,1,1
C01375,Germany,61,Male,Gold,3/7/2026,5,836.1,180.16,150,Beauty & Personal Care,Desktop,Credit Card,Email Campaign,1,4.1,0,7,0,0
C01376,Netherlands,41,Female,Free,2/25/2026,17,1465.9,92.38,25,Jewelry & Accessories,Mobile,Credit Card,Paid Ad,1,4.8,0,4,0,0
C01377,Spain,26,Male,Free,9/28/2025,10,1256.24,140.46,38,Automotive,Tablet,PayPal,Paid Ad,1,4.6,1,0,0,0
C01378,Japan,51,Female,Free,3/20/2025,17,825.46,55.67,5,Travel & Luggage,Desktop,PayPal,Paid Ad,5,4.5,1,10,0,0
C01379,France,24,Male,Free,3/15/2025,5,380.96,70.63,2,Electronics,Mobile,Credit Card,Direct,0,4.8,0,1,0,0
C01380,India,23,Male,Free,2/12/2022,17,1152.37,63.59,11,Beauty & Personal Care,Mobile,Credit Card,Social Media,3,4.8,0,5,0,0
C01381,Turkey,28,Female,Free,1/6/2025,4,1779.56,386.96,13,Electronics,Mobile,PayPal,Paid Ad,1,3.7,0,4,1,0
C01382,United Kingdom,39,Female,Gold,10/30/2025,5,1028.93,192.72,75,Home & Kitchen,Tablet,PayPal,Organic Search,0,4.1,0,11,1,0
C01383,United States,40,Male,Platinum,1/14/2026,18,2025.94,114.03,128,Office Supplies,Tablet,Credit Card,Referral,6,4.5,2,2,0,0
C01384,United States,54,Male,Free,6/16/2024,27,516.29,16.63,37,Electronics,Tablet,Bank Transfer,Paid Ad,10,4.1,0,3,0,0
C01385,United States,59,Female,Free,3/12/2021,12,457.63,34.5,4,Electronics,Desktop,Debit Card,Organic Search,2,4,0,10,1,0
C01386,United States,33,Male,Free,11/29/2025,2,378.7,167.54,85,Sports & Outdoors,Tablet,PayPal,Paid Ad,0,4.7,0,2,1,1
C01387,South Korea,30,Male,Free,12/8/2024,25,2578.83,93.83,19,Beauty & Personal Care,Mobile,Cryptocurrency,Social Media,4,3.3,2,5,1,0
C01388,Japan,63,Female,Free,11/21/2021,1,101.34,104.98,6,Home & Kitchen,Desktop,Debit Card,Paid Ad,0,4.7,0,0,0,1
C01389,UAE,38,Male,Silver,2/27/2025,15,387.08,28.07,3,Beauty & Personal Care,Mobile,Debit Card,Organic Search,5,3.5,1,3,0,0
C01390,Australia,53,Female,Free,6/9/2025,8,772.54,101.85,122,Electronics,Mobile,Credit Card,Email Campaign,1,3.8,0,3,0,0
C01391,Italy,21,Female,Free,8/19/2024,22,2217.49,90.7,37,Books,Desktop,Credit Card,Organic Search,4,4.4,2,6,1,0
C01392,Netherlands,22,Female,Gold,1/16/2023,11,694.77,67.36,11,Home & Kitchen,Mobile,PayPal,Organic Search,1,4.8,0,0,1,0
C01393,United States,27,Female,Free,3/27/2025,50,4939.17,94.59,36,Books,Mobile,Debit Card,Referral,5,4,7,0,0,0
C01394,Germany,27,Female,Free,7/11/2025,9,462.53,48.06,3,Travel & Luggage,Mobile,Credit Card,Paid Ad,1,3.9,0,6,1,0
C01395,United States,39,Male,Silver,10/13/2025,15,405.56,26.62,6,Jewelry & Accessories,Mobile,Credit Card,Social Media,5,4,1,0,1,0
C01396,United States,54,Male,Gold,2/22/2026,7,642.8,94.46,19,Travel & Luggage,Mobile,Credit Card,Paid Ad,1,4.6,0,1,1,0
C01397,UAE,45,Female,Free,8/2/2023,38,11446.99,281.12,57,Electronics,Mobile,Credit Card,Social Media,3,3.1,2,1,0,0
C01398,Canada,50,Female,Free,12/4/2025,33,2450.52,73.29,24,Books,Tablet,Debit Card,Referral,2,3.2,1,4,1,1
C01399,United States,20,Male,Gold,3/1/2026,40,5492.05,126.43,15,Sports & Outdoors,Desktop,Debit Card,Organic Search,8,4.3,1,8,0,0
C01400,United States,42,Female,Free,12/29/2022,22,232.51,11.72,85,Health & Wellness,Desktop,Credit Card,Social Media,7,4.1,1,14,0,0
C01401,France,30,Female,Gold,7/31/2025,30,1025.87,37.5,22,Books,Mobile,Buy Now Pay Later,Organic Search,8,4.1,3,1,0,0
C01402,Singapore,48,Male,Silver,3/1/2026,53,2731.49,49.26,28,Books,Desktop,Debit Card,Paid Ad,18,4.6,5,1,0,0
C01403,United States,56,Male,Free,7/24/2025,4,281.65,63.68,32,Jewelry & Accessories,Mobile,Credit Card,Organic Search,0,3,0,4,1,0
C01404,India,43,Male,Platinum,3/18/2025,7,1071.16,149.48,99,Clothing & Apparel,Tablet,PayPal,Organic Search,0,4.3,0,13,1,0
C01405,Netherlands,34,Female,Gold,1/28/2026,11,447.05,39.43,96,Pet Supplies,Tablet,Debit Card,Paid Ad,3,4.1,1,1,1,0
C01406,Canada,44,Male,Free,7/23/2021,6,927.7,137.03,28,Electronics,Mobile,UPI / Digital Wallet,Direct,1,4.2,0,1,0,0
C01407,South Africa,54,Female,Silver,7/5/2024,22,1534.87,80.33,49,Beauty & Personal Care,Desktop,Buy Now Pay Later,Referral,2,4.5,1,2,1,0
C01408,France,33,Female,Free,6/16/2022,6,333.3,61.29,29,Clothing & Apparel,Mobile,Credit Card,Organic Search,0,3.8,0,6,0,0
C01409,Australia,44,Female,Free,9/30/2020,32,2338.89,73.32,17,Electronics,Mobile,Credit Card,Direct,6,4.3,3,5,0,0
C01410,India,42,Female,Platinum,8/29/2020,17,7377.4,454.4,38,Jewelry & Accessories,Mobile,Credit Card,Paid Ad,6,4.4,1,1,1,0
C01411,India,43,Male,Free,7/28/2024,5,481.3,99.55,81,Jewelry & Accessories,Desktop,Debit Card,Organic Search,0,3.7,0,8,1,0
C01412,United States,37,Female,Free,10/27/2025,29,1286.2,51.17,135,Toys & Games,Mobile,Credit Card,Direct,2,4.7,1,3,1,0
C01413,United Kingdom,50,Male,Free,2/18/2024,8,209.63,26.05,90,Books,Desktop,Credit Card,Organic Search,2,4.8,0,0,1,0
C01414,Germany,36,Male,Silver,6/22/2023,2,30.33,16.07,249,Travel & Luggage,Tablet,UPI / Digital Wallet,Direct,0,3.8,0,6,0,1
C01415,Japan,52,Female,Silver,7/15/2025,10,432.73,47.76,166,Books,Tablet,Credit Card,Social Media,3,3.7,0,15,1,0
C01416,United States,29,Male,Silver,9/7/2025,27,3401.23,125.15,5,Pet Supplies,Desktop,Credit Card,Organic Search,10,3.4,1,0,0,0
C01417,Mexico,39,Male,Gold,4/6/2023,9,1625.49,175.32,86,Clothing & Apparel,Mobile,Cryptocurrency,Direct,2,3.9,0,3,0,0
C01418,United Kingdom,36,Female,Free,6/28/2024,17,1236.71,85.56,108,Electronics,Mobile,Credit Card,Paid Ad,1,4.7,2,0,1,0
C01419,Japan,41,Female,Gold,7/30/2025,11,830.36,69.83,11,Home & Kitchen,Mobile,Debit Card,Email Campaign,3,4.2,1,13,1,0
C01420,United States,54,Female,Free,5/21/2019,27,1420.86,58.92,12,Health & Wellness,Mobile,Debit Card,Social Media,2,2.9,3,6,0,0
C01421,United States,18,Male,Platinum,9/4/2025,7,1278.44,206.6,21,Electronics,Mobile,Debit Card,Referral,1,4.1,0,1,0,0
C01422,Canada,18,Male,Silver,10/4/2025,62,5285,86.86,69,Beauty & Personal Care,Desktop,Credit Card,Organic Search,21,3.9,5,0,1,0
C01423,United States,47,Other,Platinum,8/27/2022,2,132.19,75.74,0,Food & Grocery,Desktop,UPI / Digital Wallet,Organic Search,0,4.3,0,9,1,0
C01424,Canada,35,Female,Silver,7/5/2024,58,3259.87,52.99,19,Sports & Outdoors,Tablet,PayPal,Organic Search,11,4.3,5,4,1,1
C01425,Brazil,20,Female,Gold,9/25/2024,8,1039.48,132.17,3,Sports & Outdoors,Desktop,Bank Transfer,Email Campaign,0,4.2,0,2,1,0
C01426,United Kingdom,24,Male,Free,3/21/2026,4,826.61,180.38,46,Electronics,Desktop,Debit Card,Paid Ad,1,4.3,0,3,1,0
C01427,South Africa,26,Female,Gold,3/22/2026,42,2752.52,76.04,17,Jewelry & Accessories,Mobile,Debit Card,Paid Ad,10,4.8,5,2,0,1
C01428,Germany,48,Female,Free,10/27/2025,2,110.53,62.12,31,Toys & Games,Mobile,Credit Card,Email Campaign,0,2.9,0,8,0,0
C01429,UAE,39,Male,Gold,4/14/2023,15,1011.75,61.23,50,Clothing & Apparel,Mobile,UPI / Digital Wallet,Email Campaign,1,4.4,1,5,0,0
C01430,United States,32,Female,Free,11/22/2025,3,207.93,71.16,28,Health & Wellness,Tablet,PayPal,Email Campaign,0,3.6,0,1,0,0
C01431,Germany,34,Female,Free,7/25/2025,7,832.41,111.1,10,Pet Supplies,Tablet,Credit Card,Email Campaign,2,4.5,0,0,0,0
C01432,France,34,Female,Gold,11/3/2024,9,338.2,41.91,62,Home & Kitchen,Mobile,Credit Card,Email Campaign,0,3.4,0,0,0,0
C01433,Netherlands,31,Other,Silver,4/15/2025,3,691.55,252.13,109,Health & Wellness,Tablet,Debit Card,Paid Ad,0,4.4,0,0,0,0
C01434,United Kingdom,43,Male,Free,9/14/2024,21,2633.73,147.03,22,Home & Kitchen,Desktop,PayPal,Email Campaign,5,4.2,1,0,1,0
C01435,South Korea,39,Male,Free,12/14/2025,10,481.26,52.47,74,Beauty & Personal Care,Mobile,Credit Card,Referral,2,4.3,1,1,1,0
C01436,Germany,39,Male,Silver,6/13/2023,9,334.68,38.55,10,Jewelry & Accessories,Desktop,Credit Card,Paid Ad,0,3.6,0,0,0,0
C01437,India,29,Male,Silver,3/12/2024,11,1358.28,112.17,14,Electronics,Mobile,Debit Card,Organic Search,3,4.4,1,3,0,0
C01438,UAE,45,Female,Silver,3/28/2024,10,965.17,98.84,28,Beauty & Personal Care,Desktop,UPI / Digital Wallet,Email Campaign,0,3.7,0,2,1,0
C01439,Germany,54,Female,Free,6/21/2024,17,1241.14,85.18,64,Food & Grocery,Desktop,UPI / Digital Wallet,Social Media,4,4.6,0,2,0,0
C01440,United States,41,Female,Free,2/3/2026,5,338.58,66.82,3,Toys & Games,Mobile,UPI / Digital Wallet,Email Campaign,0,4.9,0,1,1,1
C01441,United Kingdom,41,Female,Free,7/20/2025,12,554.26,45.56,23,Electronics,Desktop,Buy Now Pay Later,Paid Ad,2,3.8,1,2,0,0
C01442,Germany,42,Female,Silver,8/3/2025,20,3351.3,165.16,72,Electronics,Desktop,Debit Card,Paid Ad,6,3.9,0,12,0,0
C01443,United States,56,Male,Free,7/5/2025,18,490.4,24.86,170,Office Supplies,Desktop,Cryptocurrency,Paid Ad,1,4.1,1,1,0,0
C01444,India,51,Male,Free,12/31/2023,2,166.68,76.79,1,Toys & Games,Mobile,Credit Card,Organic Search,0,4.7,0,0,1,0
C01445,Germany,32,Female,Free,2/25/2026,2,382.31,194.93,65,Home & Kitchen,Desktop,Debit Card,Organic Search,0,3.2,0,0,0,0
C01446,Australia,49,Male,Silver,1/28/2026,2,95.05,53.47,3,Toys & Games,Desktop,Credit Card,Paid Ad,0,4.9,0,14,1,0
C01447,Canada,43,Male,Silver,5/15/2025,2,115.47,50.6,31,Food & Grocery,Mobile,Bank Transfer,Paid Ad,0,4.3,0,5,1,0
C01448,United States,36,Male,Free,5/20/2024,6,661.14,120.15,13,Home & Kitchen,Mobile,PayPal,Organic Search,1,4.9,0,4,1,0
C01449,United States,47,Male,Silver,10/16/2025,1,110.82,111.83,11,Toys & Games,Tablet,Debit Card,Paid Ad,0,3.4,0,1,1,1
C01450,United Kingdom,54,Male,Gold,12/14/2025,53,2416.41,50.5,72,Electronics,Tablet,Credit Card,Social Media,10,3.5,3,0,1,0
C01451,Canada,39,Male,Free,7/24/2024,4,152.06,35.13,72,Toys & Games,Mobile,Buy Now Pay Later,Email Campaign,0,4.1,0,1,0,0
C01452,United States,22,Male,Free,12/24/2023,11,2922.53,263.21,64,Automotive,Mobile,PayPal,Organic Search,4,4.2,1,3,0,1
C01453,Mexico,28,Male,Free,4/7/2025,5,104.63,18.57,0,Beauty & Personal Care,Mobile,UPI / Digital Wallet,Email Campaign,1,4.4,0,1,1,0
C01454,Canada,31,Male,Silver,8/16/2025,3,243.64,86.46,125,Electronics,Mobile,Credit Card,Paid Ad,0,3.7,0,0,0,0
C01455,United States,22,Female,Free,1/5/2023,25,782.4,32.41,33,Pet Supplies,Mobile,Credit Card,Paid Ad,6,4.9,3,1,1,0
C01456,Germany,19,Male,Silver,3/24/2025,17,2199.17,140.96,41,Health & Wellness,Tablet,Credit Card,Social Media,1,4,1,29,1,0
C01457,United States,42,Male,Free,6/15/2025,8,482.14,70.37,23,Sports & Outdoors,Tablet,PayPal,Organic Search,1,4.2,0,0,0,0
C01458,Poland,49,Male,Free,10/5/2025,19,924.72,46.15,56,Sports & Outdoors,Mobile,PayPal,Social Media,4,3.8,0,1,1,0
C01459,Germany,49,Female,Free,3/3/2026,49,4668.27,104.99,38,Travel & Luggage,Mobile,Credit Card,Organic Search,16,3.3,3,5,0,0
C01460,Germany,37,Male,Free,2/14/2024,12,851.28,73.62,154,Home & Kitchen,Desktop,Credit Card,Social Media,4,4.6,0,5,1,0
C01461,United States,43,Male,Platinum,12/25/2024,11,584.82,57.53,9,Electronics,Desktop,Cryptocurrency,Email Campaign,2,3.7,0,2,1,0
C01462,Singapore,42,Male,Silver,8/9/2025,3,212,61.63,98,Food & Grocery,Mobile,UPI / Digital Wallet,Organic Search,0,4.7,0,0,1,0
C01463,Germany,52,Male,Free,1/29/2022,1,57.82,52.03,3,Food & Grocery,Mobile,Debit Card,Organic Search,0,4.8,0,1,1,0
C01464,Spain,22,Male,Free,2/24/2026,18,1887.33,92.14,17,Home & Kitchen,Mobile,Debit Card,Organic Search,1,3.9,2,4,1,0
C01465,Brazil,23,Male,Free,12/9/2024,9,99.51,11.08,201,Automotive,Mobile,PayPal,Email Campaign,1,4.5,0,5,0,0
C01466,France,41,Male,Silver,11/11/2022,27,481.33,19.36,26,Electronics,Tablet,Credit Card,Referral,6,3.7,0,0,0,0
C01467,Canada,42,Female,Gold,8/15/2025,38,1710.36,41.5,23,Electronics,Mobile,Debit Card,Email Campaign,3,3.4,3,0,0,0
C01468,Netherlands,30,Male,Free,4/2/2024,2,51.57,29.02,25,Books,Desktop,Buy Now Pay Later,Referral,0,3.4,0,2,0,0
C01469,United States,37,Female,Gold,11/3/2025,57,3039.65,56.4,55,Home & Kitchen,Mobile,Credit Card,Email Campaign,12,4.3,1,8,0,0
C01470,United States,38,Female,Silver,12/7/2025,3,138.63,48.99,172,Toys & Games,Mobile,Buy Now Pay Later,Organic Search,1,3.9,0,10,0,0
C01471,United States,21,Female,Free,1/19/2026,9,336.92,40.43,174,Travel & Luggage,Mobile,Credit Card,Direct,1,4.5,0,0,1,0
C01472,United States,30,Male,Platinum,3/15/2026,8,3098.66,417.81,91,Electronics,Mobile,PayPal,Paid Ad,0,4.8,0,10,1,0
C01473,Italy,52,Male,Gold,12/22/2022,9,243.99,28.26,5,Home & Kitchen,Mobile,Debit Card,Organic Search,0,4,0,5,1,0
C01474,United States,56,Female,Platinum,8/2/2023,15,2288.55,141.59,45,Clothing & Apparel,Mobile,Credit Card,Organic Search,4,4.5,0,2,0,0
C01475,United States,35,Male,Free,1/11/2025,1,16.32,14.35,11,Pet Supplies,Tablet,UPI / Digital Wallet,Paid Ad,0,4.7,0,10,0,0
C01476,United Kingdom,30,Female,Free,9/23/2025,21,1195.65,57.8,0,Health & Wellness,Desktop,Credit Card,Email Campaign,2,2.9,2,5,1,0
C01477,Poland,43,Male,Free,7/8/2025,65,2360.57,41.15,1,Pet Supplies,Mobile,Buy Now Pay Later,Email Campaign,13,4.6,6,3,1,0
C01478,United Kingdom,50,Other,Gold,11/11/2023,5,563.02,117.74,47,Beauty & Personal Care,Desktop,Credit Card,Referral,0,4.2,0,1,0,0
C01479,Canada,36,Female,Gold,8/29/2025,11,602.64,53.92,24,Clothing & Apparel,Mobile,Debit Card,Social Media,2,4.1,0,4,1,0
C01480,Germany,18,Female,Silver,3/31/2026,55,1971.68,39.57,127,Clothing & Apparel,Mobile,PayPal,Organic Search,9,4.1,5,5,1,0
C01481,France,18,Other,Free,4/12/2024,11,496.89,46.42,140,Books,Mobile,Credit Card,Organic Search,3,4.6,0,10,1,0
C01482,France,43,Female,Free,3/19/2025,1,105.45,98.13,26,Books,Desktop,Debit Card,Paid Ad,0,3.8,0,6,1,1
C01483,South Korea,52,Male,Free,1/14/2024,23,1772.9,81.35,1,Books,Mobile,Debit Card,Email Campaign,7,3.4,0,9,1,0
C01484,Spain,54,Male,Silver,1/9/2026,20,2047.42,94.5,185,Sports & Outdoors,Tablet,Debit Card,Email Campaign,6,4.3,0,3,0,0
C01485,Canada,45,Female,Free,3/4/2025,1,75.21,82.07,18,Books,Desktop,Buy Now Pay Later,Social Media,0,4.1,0,0,1,0
C01486,Canada,63,Female,Free,4/23/2025,5,342.28,67.22,42,Electronics,Mobile,Credit Card,Referral,1,4.7,0,2,0,0
C01487,South Korea,55,Male,Gold,2/24/2025,16,1170.68,73.94,37,Toys & Games,Mobile,UPI / Digital Wallet,Organic Search,1,4.2,1,2,1,0
C01488,UAE,53,Male,Free,12/15/2023,12,1009.04,90.73,46,Sports & Outdoors,Desktop,Debit Card,Social Media,2,4.7,0,1,1,0
C01489,Canada,32,Male,Free,8/18/2025,9,201.85,23.99,42,Sports & Outdoors,Mobile,PayPal,Social Media,1,4.5,0,0,1,0
C01490,United States,44,Female,Free,11/12/2025,17,1650.33,106.65,142,Food & Grocery,Mobile,Credit Card,Social Media,4,4.4,1,0,1,0
C01491,Turkey,45,Female,Gold,9/16/2025,7,942.92,151.44,13,Books,Mobile,Cryptocurrency,Referral,1,3.5,0,4,1,1
C01492,Germany,39,Male,Platinum,11/1/2023,2,105.75,50.81,78,Office Supplies,Mobile,PayPal,Referral,0,4.3,0,4,0,1
C01493,Germany,45,Female,Free,10/31/2025,22,959.42,48.73,144,Pet Supplies,Desktop,Debit Card,Social Media,2,3.9,2,3,0,0
C01494,Brazil,22,Female,Silver,4/4/2025,1,61.39,58.89,110,Beauty & Personal Care,Mobile,Credit Card,Paid Ad,0,4.9,0,1,0,0
C01495,South Africa,37,Male,Free,6/27/2024,12,1917.05,183.06,41,Beauty & Personal Care,Mobile,Credit Card,Organic Search,4,3.8,1,2,1,0
C01496,France,44,Male,Free,9/16/2023,5,194.67,34.1,31,Home & Kitchen,Mobile,Credit Card,Social Media,1,4.4,0,2,1,0
C01497,United Kingdom,40,Female,Free,2/2/2026,14,1641.76,118.72,80,Home & Kitchen,Mobile,Credit Card,Email Campaign,5,4.1,1,4,0,0
C01498,Germany,37,Male,Free,11/24/2022,10,450.91,42.04,24,Sports & Outdoors,Mobile,Credit Card,Referral,0,4.8,0,2,0,1
C01499,United States,42,Other,Free,6/23/2023,10,528.05,52.53,33,Beauty & Personal Care,Mobile,Debit Card,Referral,3,4.3,1,3,1,0
C01500,United States,43,Male,Free,5/4/2023,1,16.67,16.83,4,Office Supplies,Mobile,Debit Card,Social Media,0,4.7,0,4,1,0
C01501,Italy,33,Female,Platinum,11/24/2025,8,834.09,95.45,3,Automotive,Mobile,Credit Card,Social Media,2,3.8,0,6,1,0
C01502,Germany,30,Female,Free,1/11/2022,1,78.19,91.27,26,Electronics,Mobile,Credit Card,Organic Search,0,3.8,0,18,0,1
C01503,United States,20,Male,Silver,3/7/2026,19,340.65,18.46,62,Home & Kitchen,Mobile,Debit Card,Social Media,6,2.6,0,2,0,0
C01504,United States,50,Male,Free,6/21/2025,9,2865.6,310.73,155,Clothing & Apparel,Desktop,Credit Card,Paid Ad,2,3.7,0,5,1,0
C01505,United States,37,Male,Free,10/1/2025,2,99.07,43.22,12,Pet Supplies,Mobile,Buy Now Pay Later,Social Media,0,4.4,0,2,0,1
C01506,South Korea,42,Male,Free,9/21/2023,4,367.96,93.13,52,Pet Supplies,Tablet,PayPal,Social Media,0,4.1,0,3,1,0
C01507,Netherlands,30,Female,Gold,6/23/2024,17,3003.44,190.45,9,Food & Grocery,Tablet,Credit Card,Social Media,5,4.9,0,11,1,0
C01508,United States,43,Female,Free,2/2/2025,7,550.48,87.89,177,Health & Wellness,Desktop,Debit Card,Organic Search,1,4.8,0,4,1,0
C01509,France,18,Male,Free,11/3/2025,26,2033.72,79.22,3,Clothing & Apparel,Tablet,Credit Card,Paid Ad,7,4.2,2,14,0,0
C01510,France,32,Male,Free,9/20/2025,70,3837.66,50.69,75,Clothing & Apparel,Tablet,UPI / Digital Wallet,Organic Search,16,4.8,0,0,1,0
C01511,United States,23,Male,Free,7/30/2025,8,412.01,54.73,3,Clothing & Apparel,Desktop,Debit Card,Referral,1,3.7,0,7,0,0
C01512,India,46,Male,Free,10/2/2023,1,69.98,78.58,98,Electronics,Mobile,Debit Card,Email Campaign,0,4.6,0,22,1,1
C01513,South Korea,38,Male,Free,5/28/2021,11,742.92,63.62,7,Clothing & Apparel,Mobile,Debit Card,Organic Search,2,4.9,1,1,1,0
C01514,United States,57,Male,Free,3/15/2025,11,428.98,37.87,143,Electronics,Desktop,Buy Now Pay Later,Email Campaign,2,4.7,0,0,0,0
C01515,Germany,45,Female,Silver,1/27/2024,14,409.38,29.21,65,Electronics,Mobile,Debit Card,Direct,5,4.1,0,8,1,0
C01516,Australia,37,Male,Free,9/29/2022,17,1005.17,65.07,87,Sports & Outdoors,Desktop,Credit Card,Paid Ad,3,4.7,1,5,1,1
C01517,Australia,19,Male,Free,1/29/2026,22,4965.04,212.66,11,Electronics,Mobile,Credit Card,Organic Search,3,3.9,0,3,1,0
C01518,United States,31,Male,Free,10/6/2021,1,36.31,37.7,42,Sports & Outdoors,Mobile,PayPal,Paid Ad,0,4.2,0,1,1,0
C01519,India,33,Female,Silver,5/30/2019,2,38.55,20.26,88,Clothing & Apparel,Mobile,PayPal,Organic Search,0,4.8,0,1,1,0
C01520,Brazil,37,Female,Silver,10/27/2020,5,124.12,26.06,33,Clothing & Apparel,Mobile,Credit Card,Social Media,0,3.9,0,21,0,0
C01521,Canada,43,Male,Free,10/7/2022,8,572.82,69.26,65,Toys & Games,Mobile,PayPal,Email Campaign,1,4.5,0,7,1,0
C01522,India,37,Female,Gold,1/10/2026,13,2210.05,192.36,59,Beauty & Personal Care,Desktop,Credit Card,Organic Search,2,3.9,1,2,1,0
C01523,United Kingdom,29,Male,Silver,2/6/2026,4,109.43,24.85,92,Clothing & Apparel,Mobile,Credit Card,Paid Ad,0,4.6,0,6,1,0
C01524,United Kingdom,18,Male,Free,1/9/2026,19,1758.34,92.94,72,Electronics,Mobile,Credit Card,Paid Ad,3,4.7,2,6,1,0
C01525,Brazil,38,Male,Free,6/1/2025,33,972.56,28.57,18,Food & Grocery,Mobile,UPI / Digital Wallet,Referral,8,4.5,4,4,1,0
C01526,Germany,30,Male,Free,12/15/2019,3,350.73,102.84,0,Home & Kitchen,Desktop,UPI / Digital Wallet,Email Campaign,0,3,0,3,1,0
C01527,Germany,18,Male,Silver,10/3/2025,12,1307.48,100.04,57,Home & Kitchen,Desktop,Credit Card,Social Media,3,4.7,0,12,1,0
C01528,United States,47,Female,Silver,2/11/2026,16,415.29,28.57,22,Electronics,Mobile,Credit Card,Paid Ad,5,4.6,2,11,1,0
C01529,United Kingdom,53,Female,Free,2/3/2026,10,289.86,27.16,37,Beauty & Personal Care,Desktop,Credit Card,Social Media,2,4.7,0,4,1,0
C01530,Australia,43,Male,Free,5/16/2025,27,1161.53,38.45,72,Home & Kitchen,Mobile,Credit Card,Social Media,4,4.3,3,8,1,0
C01531,United States,37,Female,Gold,1/12/2026,1,84.49,94.97,0,Clothing & Apparel,Mobile,PayPal,Email Campaign,0,4.2,0,3,1,0
C01532,United States,42,Female,Free,8/10/2020,7,300.43,43.87,85,Beauty & Personal Care,Tablet,Buy Now Pay Later,Organic Search,2,4.8,0,8,1,0
C01533,United States,39,Male,Free,8/28/2024,6,376.66,56,57,Sports & Outdoors,Desktop,UPI / Digital Wallet,Social Media,0,4.6,0,2,1,0
C01534,India,33,Female,Free,12/12/2025,24,1340.65,55.15,22,Electronics,Mobile,Debit Card,Email Campaign,3,3.5,2,6,1,0
C01535,United States,46,Male,Platinum,6/29/2025,29,1761.1,67.74,74,Electronics,Mobile,PayPal,Paid Ad,5,4.7,3,3,1,0
C01536,Australia,25,Male,Gold,5/6/2024,1,157.76,148.63,164,Clothing & Apparel,Mobile,Buy Now Pay Later,Social Media,0,4.1,0,2,1,0
C01537,Mexico,34,Male,Free,7/15/2022,19,761.22,45.78,48,Beauty & Personal Care,Mobile,PayPal,Organic Search,4,4.8,0,13,1,0
C01538,Mexico,63,Female,Free,4/14/2025,38,7371.26,172.63,5,Electronics,Desktop,Debit Card,Email Campaign,8,4.5,5,3,0,0
C01539,United States,47,Female,Free,6/18/2025,1,214.23,186.43,44,Clothing & Apparel,Mobile,PayPal,Organic Search,0,4.2,0,15,1,0
C01540,Germany,41,Male,Free,11/17/2025,2,231.74,119.73,79,Health & Wellness,Desktop,UPI / Digital Wallet,Referral,0,4.5,0,1,1,0
C01541,Turkey,44,Female,Free,1/1/2026,17,694.22,45.44,58,Toys & Games,Mobile,Bank Transfer,Email Campaign,1,4.3,1,1,1,0
C01542,Brazil,23,Female,Free,4/27/2025,2,403.93,189.19,28,Electronics,Desktop,Debit Card,Referral,0,4.5,0,9,0,0
C01543,Germany,58,Female,Free,5/8/2025,2,277.67,150.34,18,Beauty & Personal Care,Desktop,Debit Card,Email Campaign,0,4.9,0,0,1,0
C01544,Brazil,26,Female,Silver,10/29/2025,19,573.55,27.95,34,Books,Mobile,Credit Card,Email Campaign,7,4.4,2,3,1,0
C01545,France,39,Male,Free,9/4/2025,17,846.69,54.9,0,Jewelry & Accessories,Mobile,PayPal,Paid Ad,2,3.9,0,0,0,1
C01546,South Korea,49,Female,Free,9/3/2025,21,2678.84,120.3,31,Automotive,Mobile,Debit Card,Email Campaign,2,4.4,1,0,1,0
C01547,United States,56,Female,Free,1/22/2021,2,194.67,104.33,57,Automotive,Mobile,Buy Now Pay Later,Email Campaign,0,4.3,0,17,0,1
C01548,Sweden,24,Male,Silver,9/30/2021,3,87.61,26.45,44,Beauty & Personal Care,Desktop,Credit Card,Organic Search,0,4.7,0,7,1,0
C01549,United States,47,Female,Platinum,5/16/2023,11,846.48,82.9,130,Electronics,Tablet,Credit Card,Organic Search,0,3.9,0,4,1,0
C01550,Australia,39,Male,Free,3/3/2026,2,177.64,88.02,58,Jewelry & Accessories,Mobile,Credit Card,Email Campaign,0,4.3,0,5,1,0
C01551,Australia,19,Female,Free,2/10/2025,16,211.11,14.29,85,Books,Desktop,Buy Now Pay Later,Paid Ad,5,4.6,0,0,0,0
C01552,United States,32,Male,Free,2/11/2023,1,28.73,28.4,52,Electronics,Mobile,Credit Card,Referral,0,3.9,0,8,0,0
C01553,Germany,26,Female,Free,1/12/2024,3,332.96,113.05,89,Books,Mobile,Debit Card,Social Media,0,3.4,0,1,1,0
C01554,United States,44,Male,Silver,10/6/2023,5,320,73.32,28,Clothing & Apparel,Mobile,Credit Card,Direct,0,4,0,4,1,0
C01555,United States,41,Female,Silver,10/11/2023,44,3102.8,62.98,92,Beauty & Personal Care,Mobile,Debit Card,Organic Search,16,4.5,3,14,1,0
C01556,United States,49,Male,Silver,1/12/2026,16,1339.14,76.53,101,Electronics,Mobile,Buy Now Pay Later,Social Media,5,4.5,0,1,1,0
C01557,Brazil,36,Male,Free,10/30/2023,4,378.88,102.26,344,Health & Wellness,Tablet,Debit Card,Direct,1,3.5,0,8,0,1
C01558,Mexico,46,Female,Free,3/29/2024,36,2648.88,65.9,115,Clothing & Apparel,Mobile,Credit Card,Organic Search,7,3.8,3,15,1,0
C01559,United States,47,Male,Free,10/10/2025,2,71.4,33.76,92,Jewelry & Accessories,Mobile,PayPal,Organic Search,0,4.7,0,10,1,0
C01560,United States,40,Female,Free,11/15/2021,28,1829.45,71.97,84,Clothing & Apparel,Mobile,Credit Card,Direct,8,4.7,4,8,0,0
C01561,Canada,38,Male,Free,2/20/2025,25,1213.86,52.74,56,Health & Wellness,Mobile,Credit Card,Paid Ad,2,3.3,2,14,1,1
C01562,South Korea,38,Other,Free,6/23/2025,5,314.4,63.73,12,Beauty & Personal Care,Mobile,Credit Card,Organic Search,1,4.5,0,1,0,0
C01563,United States,18,Male,Platinum,1/24/2023,4,267.49,74.25,45,Electronics,Desktop,Debit Card,Organic Search,0,2.9,0,8,1,0
C01564,India,30,Female,Free,3/18/2023,5,436.2,79.12,45,Jewelry & Accessories,Mobile,Credit Card,Paid Ad,1,3.1,0,7,0,0
C01565,Singapore,18,Male,Free,2/3/2026,3,90.48,31.47,21,Toys & Games,Mobile,Debit Card,Organic Search,0,4.3,0,3,0,0
C01566,Spain,18,Female,Platinum,9/26/2025,5,428.33,80.54,77,Travel & Luggage,Mobile,Credit Card,Paid Ad,0,4.4,0,2,1,0
C01567,Netherlands,30,Male,Free,5/28/2022,20,361.95,17.4,13,Beauty & Personal Care,Desktop,Credit Card,Referral,2,3.5,0,1,1,0
C01568,United Kingdom,37,Female,Free,9/22/2021,1,97.15,100.1,61,Clothing & Apparel,Desktop,Credit Card,Organic Search,0,4.1,0,2,1,0
C01569,India,38,Female,Free,5/6/2025,5,388.79,68.69,38,Jewelry & Accessories,Mobile,UPI / Digital Wallet,Social Media,1,4.4,0,7,1,0
C01570,Australia,35,Male,Silver,3/27/2024,8,802.86,101.14,14,Electronics,Mobile,Credit Card,Paid Ad,0,4.7,0,0,1,0
C01571,United States,31,Other,Silver,11/14/2024,3,462.35,158.44,54,Food & Grocery,Desktop,Credit Card,Social Media,1,4.5,0,10,0,0
C01572,South Africa,47,Female,Free,6/11/2025,42,1641.23,41.34,3,Sports & Outdoors,Mobile,Credit Card,Email Campaign,4,3.6,2,1,1,0
C01573,Canada,59,Male,Free,11/10/2021,71,10290.54,159.01,83,Home & Kitchen,Tablet,Buy Now Pay Later,Social Media,18,3.8,3,3,1,0
C01574,United States,48,Male,Gold,1/2/2025,6,404.59,68.76,3,Home & Kitchen,Mobile,Debit Card,Organic Search,1,4.4,0,5,0,0
C01575,France,34,Female,Free,1/7/2025,12,778.27,74.23,390,Food & Grocery,Desktop,UPI / Digital Wallet,Social Media,1,4.7,0,3,0,1
C01576,Singapore,18,Female,Silver,3/22/2025,2,57.66,29.47,15,Pet Supplies,Mobile,PayPal,Organic Search,0,4.3,0,14,1,0
C01577,India,39,Female,Silver,6/1/2024,19,1356.96,82.35,0,Home & Kitchen,Mobile,Credit Card,Email Campaign,6,3.9,0,0,1,0
C01578,Mexico,27,Female,Free,7/13/2024,26,3037.74,108,29,Pet Supplies,Mobile,Credit Card,Direct,6,4.6,1,1,1,0
C01579,Spain,24,Female,Free,7/19/2020,30,2309.43,78.4,91,Electronics,Mobile,Debit Card,Organic Search,9,4.6,4,2,1,0
C01580,United States,47,Male,Free,12/18/2025,13,427.56,29.05,17,Books,Tablet,Credit Card,Paid Ad,1,3.4,0,1,0,0
C01581,India,41,Male,Free,2/13/2026,3,300.94,103.86,1,Electronics,Mobile,UPI / Digital Wallet,Paid Ad,0,4.8,0,0,1,0
C01582,United Kingdom,18,Male,Free,12/21/2025,5,277.43,56.75,40,Electronics,Mobile,Credit Card,Referral,1,4.2,0,17,1,0
C01583,United States,36,Female,Free,7/5/2025,4,85,22.21,15,Clothing & Apparel,Tablet,Credit Card,Organic Search,0,4.4,0,15,0,0
C01584,Singapore,36,Male,Silver,3/28/2026,46,2088.97,44.4,10,Clothing & Apparel,Desktop,Debit Card,Email Campaign,2,4.9,1,12,1,0
C01585,United Kingdom,24,Male,Silver,3/13/2026,3,269.13,79.23,25,Health & Wellness,Mobile,UPI / Digital Wallet,Organic Search,0,4.3,0,3,1,0
C01586,United States,35,Male,Platinum,8/7/2025,2,287.71,133.97,105,Beauty & Personal Care,Mobile,Credit Card,Paid Ad,0,4.6,0,3,1,0
C01587,United States,32,Male,Free,8/30/2022,7,336.24,46.73,4,Health & Wellness,Desktop,UPI / Digital Wallet,Social Media,2,4.3,0,2,1,0
C01588,United States,37,Female,Silver,9/29/2025,16,1553.44,95.68,10,Clothing & Apparel,Mobile,UPI / Digital Wallet,Organic Search,2,3.6,0,9,1,0
C01589,South Korea,56,Male,Free,6/17/2025,26,1550.46,59.52,165,Jewelry & Accessories,Mobile,Bank Transfer,Direct,3,4.1,1,1,1,0
C01590,France,39,Female,Silver,7/23/2025,15,974.8,66.88,10,Electronics,Tablet,Debit Card,Social Media,1,3.4,1,8,1,0
C01591,France,56,Female,Gold,9/19/2023,19,1212.51,66.85,108,Clothing & Apparel,Desktop,Debit Card,Paid Ad,5,4.5,1,1,0,0
C01592,United States,25,Female,Silver,8/19/2025,25,432.76,19.34,5,Home & Kitchen,Desktop,Credit Card,Social Media,3,3.8,3,0,1,0
C01593,United States,26,Female,Free,4/3/2025,29,3405.96,138.04,57,Clothing & Apparel,Mobile,Credit Card,Organic Search,4,3.7,1,9,1,0
C01594,Australia,26,Male,Free,3/8/2026,7,380.94,50.96,15,Pet Supplies,Desktop,Bank Transfer,Organic Search,1,4.3,0,7,1,0
C01595,Australia,18,Male,Gold,10/2/2024,19,5098.35,244.49,74,Books,Mobile,Debit Card,Social Media,2,4.3,1,0,1,0
C01596,United States,29,Female,Free,6/27/2024,3,275.94,83.49,106,Books,Mobile,Credit Card,Direct,0,4.6,0,0,1,0
C01597,United Kingdom,20,Female,Free,5/23/2025,18,1563.41,80.44,5,Home & Kitchen,Desktop,PayPal,Organic Search,3,4.7,0,2,1,0
C01598,United States,45,Female,Silver,3/11/2025,8,559.39,80.69,68,Sports & Outdoors,Desktop,Debit Card,Social Media,0,3.4,0,5,0,0
C01599,UAE,55,Female,Free,3/8/2022,18,1294.38,68.14,78,Electronics,Tablet,Buy Now Pay Later,Direct,2,4.5,0,0,1,0
C01600,United States,45,Female,Silver,8/17/2024,46,3044.99,76.04,0,Electronics,Desktop,Credit Card,Email Campaign,15,3,0,2,1,0
C01601,Sweden,59,Female,Platinum,11/14/2025,8,748.87,83.37,16,Home & Kitchen,Mobile,PayPal,Organic Search,1,4,0,6,1,0
C01602,Canada,48,Female,Platinum,7/19/2022,15,3413.21,250.48,29,Office Supplies,Desktop,Credit Card,Paid Ad,5,3.6,0,3,1,0
C01603,Singapore,29,Female,Free,1/31/2026,10,553.98,61.55,29,Clothing & Apparel,Tablet,PayPal,Direct,1,4.6,0,15,0,0
C01604,United States,25,Male,Platinum,11/19/2025,18,1928.43,116.9,30,Beauty & Personal Care,Tablet,UPI / Digital Wallet,Organic Search,2,4.8,0,0,0,0
C01605,United States,24,Male,Silver,2/10/2025,10,497.42,45.89,30,Electronics,Desktop,Debit Card,Organic Search,1,4.5,1,17,0,0
C01606,United States,24,Male,Free,2/16/2021,9,556.12,66.23,20,Jewelry & Accessories,Mobile,Credit Card,Organic Search,0,3,0,0,1,0
C01607,South Africa,41,Male,Free,9/5/2023,38,7814.39,183.18,87,Beauty & Personal Care,Desktop,Credit Card,Direct,9,4.1,4,10,1,0
C01608,United States,31,Male,Free,2/27/2025,5,234.19,45.84,173,Sports & Outdoors,Tablet,Credit Card,Direct,1,3.9,0,8,0,0
C01609,France,31,Other,Free,6/13/2023,25,2536.79,90.44,82,Electronics,Tablet,PayPal,Email Campaign,1,4.5,1,9,1,0
C01610,France,41,Male,Platinum,12/5/2025,18,5528.59,289.09,96,Jewelry & Accessories,Tablet,UPI / Digital Wallet,Organic Search,5,4.9,1,2,1,0
C01611,United Kingdom,41,Female,Silver,9/18/2022,3,319.43,121.45,9,Toys & Games,Mobile,Debit Card,Social Media,0,4.4,0,0,0,0
C01612,Singapore,20,Male,Silver,3/5/2021,2,137.87,73.82,55,Clothing & Apparel,Mobile,Debit Card,Organic Search,0,4.6,0,8,1,0
C01613,United States,18,Male,Platinum,12/6/2024,7,255.58,40.5,28,Beauty & Personal Care,Desktop,Debit Card,Organic Search,2,3.6,0,2,1,0
C01614,Canada,28,Male,Free,1/26/2025,20,1785.21,86.46,33,Electronics,Desktop,Credit Card,Direct,3,4.1,0,2,1,0
C01615,Netherlands,35,Female,Free,8/27/2025,16,1785.89,128.44,63,Clothing & Apparel,Desktop,Buy Now Pay Later,Organic Search,1,3.9,1,2,0,0
C01616,India,53,Male,Gold,8/11/2025,2,180.65,78.66,35,Food & Grocery,Mobile,Credit Card,Email Campaign,0,3.8,0,3,1,0
C01617,Netherlands,34,Male,Gold,12/6/2023,13,980.75,72.75,231,Clothing & Apparel,Mobile,Credit Card,Email Campaign,1,3.7,1,0,1,0
C01618,Brazil,60,Male,Free,8/18/2025,8,672.61,98.21,38,Electronics,Mobile,UPI / Digital Wallet,Paid Ad,0,4.6,0,7,0,0
C01619,United States,45,Female,Platinum,10/29/2025,43,5410.98,140.82,120,Electronics,Mobile,Credit Card,Organic Search,9,3.8,6,9,0,0
C01620,United States,21,Female,Free,10/24/2024,10,283.79,28.03,74,Food & Grocery,Desktop,Debit Card,Organic Search,1,4.3,0,10,1,0
C01621,Germany,40,Female,Free,4/5/2022,7,198.21,26.96,19,Books,Mobile,Credit Card,Paid Ad,2,4.7,0,0,1,0
C01622,Brazil,38,Female,Free,9/7/2025,23,1140.17,44.56,40,Books,Desktop,Debit Card,Social Media,8,4.3,1,11,1,0
C01623,South Africa,18,Female,Platinum,5/14/2025,8,1974.51,236.01,373,Electronics,Mobile,Debit Card,Organic Search,0,3.3,0,0,1,1
C01624,United States,43,Female,Free,5/12/2024,6,121,20.87,112,Clothing & Apparel,Desktop,Debit Card,Organic Search,1,4.1,0,5,1,0
C01625,United Kingdom,50,Male,Gold,3/6/2025,21,5852.62,307.34,37,Sports & Outdoors,Mobile,PayPal,Organic Search,6,3.7,1,9,1,0
C01626,United States,24,Female,Platinum,11/4/2024,7,733.92,117.99,21,Clothing & Apparel,Tablet,Credit Card,Social Media,1,3.3,0,1,1,0
C01627,Brazil,36,Female,Gold,3/12/2022,4,270.69,78.73,19,Automotive,Mobile,Credit Card,Email Campaign,0,4.3,0,0,1,0
C01628,Australia,33,Male,Gold,8/4/2023,32,692.57,21.6,84,Sports & Outdoors,Tablet,Credit Card,Paid Ad,7,3.5,3,13,0,0
C01629,United States,45,Male,Silver,5/29/2024,4,172.15,48.63,27,Home & Kitchen,Mobile,PayPal,Paid Ad,1,4.7,0,14,1,0
C01630,Sweden,24,Male,Platinum,6/4/2019,3,443.5,146.99,2,Food & Grocery,Desktop,UPI / Digital Wallet,Organic Search,0,4.1,0,0,1,0
C01631,United States,41,Male,Free,9/25/2023,26,3206.75,133.89,205,Beauty & Personal Care,Mobile,Debit Card,Organic Search,7,3.7,2,1,0,1
C01632,Australia,37,Male,Free,12/19/2023,38,1192.26,36.25,130,Office Supplies,Mobile,PayPal,Organic Search,4,3.3,4,6,1,0
C01633,United States,34,Female,Free,1/5/2026,1,129.73,130.82,20,Home & Kitchen,Mobile,Credit Card,Social Media,0,4.5,0,0,1,0
C01634,United States,28,Female,Free,3/12/2018,2,161.59,93.32,98,Home & Kitchen,Tablet,PayPal,Referral,0,4.1,0,10,1,0
C01635,Japan,18,Female,Gold,2/9/2025,61,10890.8,196.67,54,Books,Desktop,Credit Card,Organic Search,10,4.9,4,9,0,0
C01636,Japan,21,Male,Free,1/15/2023,3,181.1,66.4,65,Automotive,Mobile,PayPal,Referral,0,3.7,0,3,0,0
C01637,France,23,Male,Platinum,5/20/2023,2,381.14,178.08,19,Food & Grocery,Desktop,Credit Card,Social Media,0,4.1,0,9,1,0
C01638,France,18,Male,Free,1/26/2023,37,1516.64,47.34,54,Beauty & Personal Care,Desktop,Credit Card,Email Campaign,11,4.5,4,1,1,0
C01639,Mexico,29,Male,Free,1/22/2026,9,1209.19,144.11,5,Electronics,Desktop,Debit Card,Paid Ad,3,4,1,2,1,0
C01640,United States,59,Male,Free,10/21/2025,24,3692.77,152.39,14,Books,Mobile,Credit Card,Paid Ad,3,4.4,3,17,0,0
C01641,United States,23,Male,Silver,2/14/2024,4,567.86,139.1,20,Clothing & Apparel,Desktop,UPI / Digital Wallet,Paid Ad,0,3.6,0,1,1,0
C01642,United Kingdom,31,Female,Free,6/12/2024,49,1069.05,24.31,65,Electronics,Desktop,Credit Card,Email Campaign,9,4.3,1,5,1,0
C01643,France,34,Other,Free,7/11/2025,4,400.4,87.68,283,Beauty & Personal Care,Tablet,Credit Card,Social Media,0,4,0,0,1,0
C01644,United Kingdom,34,Female,Platinum,3/18/2025,7,489.23,77.84,118,Books,Mobile,PayPal,Paid Ad,0,4.5,0,4,0,0
C01645,India,61,Male,Silver,7/18/2025,15,2414.45,157.49,100,Toys & Games,Mobile,Credit Card,Social Media,1,3.7,2,4,1,0
C01646,Australia,19,Female,Gold,9/15/2023,28,2862.6,119.41,11,Pet Supplies,Desktop,Debit Card,Paid Ad,5,3.3,4,2,1,0
C01647,Germany,35,Female,Gold,8/14/2024,31,1047.32,33.8,52,Electronics,Mobile,Credit Card,Social Media,4,4.3,3,1,1,0
C01648,United Kingdom,25,Male,Platinum,3/6/2024,16,5158.86,290.15,53,Sports & Outdoors,Mobile,PayPal,Referral,4,4.8,0,4,1,0
C01649,Mexico,44,Male,Free,7/8/2023,20,597.95,27.88,36,Electronics,Mobile,Bank Transfer,Social Media,2,4.2,0,8,1,0
C01650,Japan,33,Female,Free,2/22/2020,15,461.75,33.11,82,Books,Mobile,Credit Card,Organic Search,5,4.8,0,0,0,0
C01651,Spain,47,Male,Silver,10/29/2024,3,84.18,32.33,189,Food & Grocery,Desktop,UPI / Digital Wallet,Paid Ad,0,4.3,0,1,1,1
C01652,United States,49,Male,Silver,5/1/2018,15,874.61,53.79,24,Food & Grocery,Desktop,Debit Card,Social Media,4,4.9,0,15,1,0
C01653,Brazil,18,Male,Gold,8/13/2025,6,568.37,97.49,12,Clothing & Apparel,Mobile,Credit Card,Paid Ad,0,4.7,0,8,1,0
C01654,France,38,Male,Free,5/4/2024,4,167.55,42,19,Sports & Outdoors,Desktop,Buy Now Pay Later,Organic Search,0,4.2,0,1,0,0
C01655,India,48,Male,Silver,1/20/2021,24,713.73,28.57,42,Clothing & Apparel,Tablet,Cryptocurrency,Organic Search,8,4.4,2,4,1,0
C01656,Brazil,58,Female,Gold,2/22/2024,23,1901.3,83.4,52,Electronics,Desktop,Credit Card,Paid Ad,7,3,1,10,0,0
C01657,United States,55,Female,Gold,12/18/2023,9,505.98,62.6,61,Food & Grocery,Mobile,Credit Card,Email Campaign,2,4.1,0,4,0,0
C01658,United States,46,Male,Free,6/2/2025,3,393.32,131.26,119,Pet Supplies,Mobile,UPI / Digital Wallet,Social Media,0,4.3,0,1,1,0
C01659,United States,42,Male,Silver,1/25/2024,11,485.25,48.45,111,Sports & Outdoors,Mobile,Credit Card,Email Campaign,2,4.6,1,4,0,0
C01660,Germany,40,Male,Free,3/28/2026,38,1610.47,42.64,7,Clothing & Apparel,Mobile,Credit Card,Social Media,5,3.6,1,5,1,0
C01661,Canada,31,Female,Silver,2/12/2024,19,2358.34,116.87,118,Electronics,Desktop,Credit Card,Organic Search,3,4.7,2,8,0,0
C01662,India,18,Male,Free,9/27/2025,24,2676.32,103.19,16,Clothing & Apparel,Mobile,Buy Now Pay Later,Social Media,6,4.5,2,1,1,0
C01663,France,20,Male,Free,4/11/2025,1,196.68,179.86,4,Sports & Outdoors,Mobile,Credit Card,Email Campaign,0,3.3,0,4,0,1
C01664,France,52,Female,Silver,9/14/2023,9,947.31,120.61,17,Jewelry & Accessories,Tablet,Credit Card,Organic Search,0,3.4,1,6,1,0
C01665,United States,38,Female,Free,6/11/2025,5,273.22,58.26,11,Electronics,Mobile,UPI / Digital Wallet,Social Media,0,4.4,0,1,1,0
C01666,United States,41,Male,Silver,7/9/2021,4,165.61,46.96,27,Health & Wellness,Mobile,UPI / Digital Wallet,Paid Ad,1,4.2,0,2,1,0
C01667,Poland,30,Male,Gold,12/9/2025,2,175.47,88,17,Toys & Games,Desktop,Bank Transfer,Organic Search,0,4.5,0,4,1,0
C01668,United Kingdom,55,Female,Gold,10/19/2024,1,143.8,145.4,34,Electronics,Mobile,PayPal,Paid Ad,0,3.6,0,27,1,0
C01669,France,40,Female,Gold,2/21/2025,9,481.03,54.04,31,Home & Kitchen,Desktop,UPI / Digital Wallet,Email Campaign,2,4.7,0,12,1,0
C01670,United States,32,Female,Silver,8/24/2023,19,431.11,25.62,6,Office Supplies,Mobile,UPI / Digital Wallet,Social Media,2,3.6,1,0,0,0
C01671,France,40,Female,Free,3/30/2024,10,1888.11,165.24,74,Health & Wellness,Mobile,Buy Now Pay Later,Direct,2,4.9,0,6,1,1
C01672,Italy,57,Male,Free,4/9/2025,2,221.67,117.51,6,Pet Supplies,Mobile,Credit Card,Direct,0,3.2,0,2,0,0
C01673,Canada,41,Male,Free,3/11/2025,2,206.36,106.67,23,Electronics,Desktop,Debit Card,Organic Search,0,4.8,0,2,0,1
C01674,Australia,18,Female,Free,2/7/2023,27,940.31,34.8,103,Clothing & Apparel,Mobile,Credit Card,Direct,8,3.6,3,0,1,0
C01675,United States,30,Male,Gold,3/21/2026,23,742.55,32.99,74,Electronics,Mobile,Credit Card,Email Campaign,3,4.2,3,4,1,0
C01676,United States,23,Male,Free,1/3/2026,24,5045.76,205.99,69,Electronics,Desktop,PayPal,Paid Ad,6,4.7,1,3,1,0
C01677,United States,34,Male,Gold,3/29/2023,26,446.25,17.67,111,Clothing & Apparel,Mobile,Credit Card,Social Media,6,4.9,0,5,0,0
C01678,United States,18,Male,Free,2/4/2023,9,1287.33,151.98,15,Sports & Outdoors,Mobile,Debit Card,Direct,3,4.8,0,6,0,0
C01679,United States,41,Male,Free,8/22/2021,7,1006.18,141.63,89,Electronics,Desktop,UPI / Digital Wallet,Social Media,1,4.4,0,5,1,0
C01680,United States,30,Female,Free,10/17/2025,8,545.83,79.78,14,Automotive,Mobile,Debit Card,Referral,3,4.3,1,7,1,0
C01681,United Kingdom,35,Male,Free,3/29/2026,11,1471.46,153.28,128,Jewelry & Accessories,Desktop,Credit Card,Paid Ad,3,3.5,1,0,1,0
C01682,United States,36,Male,Free,3/1/2026,27,7789.42,318.17,53,Home & Kitchen,Desktop,Credit Card,Organic Search,7,3.9,1,0,1,0
C01683,Spain,24,Male,Platinum,3/6/2024,14,1029.29,71.64,25,Clothing & Apparel,Mobile,Credit Card,Paid Ad,3,4.6,1,7,0,0
C01684,Germany,36,Female,Silver,11/8/2025,7,975.34,147.39,8,Beauty & Personal Care,Tablet,Buy Now Pay Later,Email Campaign,0,3.5,0,2,0,0
C01685,United States,35,Male,Free,10/11/2023,46,3419.82,66.2,120,Health & Wellness,Mobile,Buy Now Pay Later,Organic Search,16,3.9,6,0,0,0
C01686,United States,47,Female,Free,10/26/2023,22,5839.94,237.65,104,Travel & Luggage,Tablet,Credit Card,Organic Search,3,3.7,3,7,1,0
C01687,United States,18,Female,Free,11/9/2025,31,1635.61,55.44,27,Toys & Games,Tablet,Buy Now Pay Later,Paid Ad,5,4.6,3,5,1,0
C01688,United States,57,Female,Free,3/15/2026,18,7402.43,413.48,31,Jewelry & Accessories,Desktop,UPI / Digital Wallet,Organic Search,2,4.4,0,6,1,0
C01689,Canada,29,Male,Free,8/30/2025,44,3890.88,101.39,153,Beauty & Personal Care,Desktop,Credit Card,Paid Ad,8,2.9,3,5,1,0
C01690,United States,59,Male,Silver,1/25/2026,5,582.38,121.62,7,Electronics,Desktop,Debit Card,Social Media,0,3.8,0,3,0,0
C01691,United States,56,Male,Silver,10/27/2022,13,370.55,31.39,41,Books,Mobile,Credit Card,Organic Search,2,4.6,1,1,1,0
C01692,United Kingdom,33,Male,Silver,6/23/2024,30,2419.14,73.68,108,Home & Kitchen,Mobile,PayPal,Organic Search,9,4.1,1,10,1,0
C01693,United States,49,Male,Free,10/31/2025,4,126.03,28.4,17,Clothing & Apparel,Desktop,Buy Now Pay Later,Social Media,1,4.8,0,0,1,0
C01694,South Africa,36,Male,Free,5/19/2024,20,3466.92,151.39,34,Sports & Outdoors,Mobile,UPI / Digital Wallet,Direct,7,4.5,0,2,1,0
C01695,South Korea,48,Male,Platinum,8/29/2025,25,3428.75,148.92,22,Clothing & Apparel,Desktop,PayPal,Organic Search,6,3.6,2,2,1,0
C01696,Brazil,18,Male,Free,12/13/2025,8,216.55,31.69,84,Beauty & Personal Care,Mobile,Bank Transfer,Organic Search,1,4.7,0,7,0,0
C01697,Germany,46,Male,Free,2/27/2026,25,1891.24,82.5,4,Jewelry & Accessories,Mobile,PayPal,Paid Ad,4,3.8,2,4,1,0
C01698,United States,26,Other,Silver,6/11/2023,9,725.33,73.41,0,Clothing & Apparel,Mobile,PayPal,Social Media,2,4.2,0,1,1,0
C01699,France,20,Female,Free,12/2/2025,6,1024.1,179.44,128,Home & Kitchen,Desktop,PayPal,Organic Search,0,4.3,0,1,1,0
C01700,Japan,54,Female,Free,9/13/2025,2,68.1,30.09,67,Sports & Outdoors,Mobile,Credit Card,Organic Search,0,4.3,0,1,0,0
C01701,United States,30,Female,Free,1/18/2026,14,903.68,71.55,12,Clothing & Apparel,Desktop,PayPal,Email Campaign,5,3.7,1,0,1,0
C01702,Australia,32,Female,Free,11/27/2023,67,2129.73,32.72,55,Food & Grocery,Desktop,Credit Card,Email Campaign,5,3.9,1,10,0,0
C01703,United States,41,Male,Free,10/31/2025,19,849.38,49.45,10,Beauty & Personal Care,Mobile,Debit Card,Direct,6,4.4,2,2,1,0
C01704,Germany,47,Male,Free,9/24/2025,12,814.81,77.94,2,Health & Wellness,Mobile,Debit Card,Direct,0,4.1,0,0,1,0
C01705,United States,21,Female,Free,7/9/2024,7,256.79,33.87,4,Electronics,Mobile,PayPal,Social Media,1,4.6,0,3,1,0
C01706,United States,25,Female,Free,10/22/2025,14,3049.26,206.86,15,Clothing & Apparel,Mobile,Credit Card,Paid Ad,4,4.4,1,6,1,0
C01707,India,18,Male,Free,1/5/2025,18,1102.51,69.91,122,Electronics,Desktop,Credit Card,Paid Ad,6,4,0,5,0,0
C01708,United States,49,Other,Silver,9/8/2021,5,384.54,80.23,70,Office Supplies,Tablet,PayPal,Paid Ad,1,2.6,0,2,0,0
C01709,United States,39,Female,Free,6/7/2025,9,628.3,61.1,115,Pet Supplies,Desktop,Debit Card,Paid Ad,2,4.1,0,1,0,0
C01710,Germany,23,Male,Silver,11/10/2025,70,2968.39,37.39,9,Home & Kitchen,Mobile,Credit Card,Organic Search,27,4.1,3,2,1,0
C01711,United States,53,Male,Free,9/6/2024,3,186.83,68.53,126,Sports & Outdoors,Mobile,Buy Now Pay Later,Social Media,0,2.9,0,41,1,0
C01712,United States,42,Male,Platinum,1/17/2026,18,12088.56,659.92,14,Clothing & Apparel,Mobile,UPI / Digital Wallet,Organic Search,6,4.1,1,0,1,0
C01713,United States,31,Female,Free,6/2/2022,1,52.81,52.85,25,Electronics,Mobile,Credit Card,Social Media,0,2.9,0,4,1,0
C01714,Canada,48,Male,Free,9/12/2022,55,1387.99,23.71,60,Home & Kitchen,Desktop,Debit Card,Organic Search,8,3.2,3,12,1,0
C01715,United States,52,Female,Free,3/30/2026,10,455.82,53.16,16,Clothing & Apparel,Mobile,Cryptocurrency,Paid Ad,0,3.6,1,2,1,0
C01716,United States,37,Female,Silver,2/7/2026,2,173.68,77.98,40,Food & Grocery,Mobile,Credit Card,Email Campaign,0,3.6,0,3,0,0
C01717,United States,18,Female,Free,11/23/2025,34,1548.63,42.07,13,Electronics,Desktop,PayPal,Email Campaign,10,3.7,2,2,1,0
C01718,Mexico,38,Female,Platinum,3/11/2026,10,570.3,59.36,46,Home & Kitchen,Desktop,UPI / Digital Wallet,Email Campaign,1,4.8,0,0,1,0
C01719,United States,34,Female,Silver,9/30/2022,31,3126.92,105.78,12,Automotive,Mobile,Credit Card,Organic Search,12,2.6,4,3,1,0
C01720,United Kingdom,18,Male,Free,1/1/2025,1,97.9,93.06,2,Clothing & Apparel,Desktop,Credit Card,Email Campaign,0,4.6,0,4,1,1
C01721,Mexico,58,Male,Platinum,4/26/2025,1,86.86,76.81,25,Automotive,Mobile,Credit Card,Referral,0,3.9,0,6,1,0
C01722,United States,35,Male,Free,7/18/2025,2,210.65,104.72,137,Clothing & Apparel,Mobile,Debit Card,Social Media,0,3.9,0,2,1,1
C01723,India,19,Female,Free,1/22/2025,16,1240.73,71.17,44,Sports & Outdoors,Mobile,Credit Card,Paid Ad,3,4,2,5,1,0
C01724,Germany,29,Female,Free,10/22/2018,18,2261.48,138.14,151,Clothing & Apparel,Mobile,Cryptocurrency,Email Campaign,2,3.6,1,5,0,0
C01725,Brazil,31,Female,Gold,7/9/2025,5,566.83,105.75,169,Health & Wellness,Mobile,Credit Card,Organic Search,1,4.4,0,4,1,0
C01726,Brazil,27,Male,Platinum,2/10/2026,23,2356.61,120.54,28,Electronics,Tablet,Debit Card,Referral,5,4.8,0,1,1,0
C01727,United States,27,Male,Platinum,12/5/2025,3,287.81,106.45,77,Home & Kitchen,Desktop,Credit Card,Organic Search,0,4.6,0,0,1,0
C01728,France,33,Male,Free,6/9/2024,1,138.18,146.78,5,Clothing & Apparel,Desktop,UPI / Digital Wallet,Organic Search,0,4.1,0,4,1,1
C01729,Japan,27,Male,Free,1/16/2024,15,1260.75,78.13,239,Food & Grocery,Tablet,Debit Card,Email Campaign,0,4.2,1,2,1,0
C01730,France,18,Male,Free,1/5/2025,1,38.47,39.27,41,Food & Grocery,Desktop,Credit Card,Organic Search,0,4.1,0,2,0,0
C01731,South Africa,36,Male,Silver,10/8/2025,15,2072.63,140.98,55,Home & Kitchen,Tablet,UPI / Digital Wallet,Social Media,0,4,0,2,1,0
C01732,Mexico,19,Female,Free,9/24/2025,35,1415.27,35.43,4,Home & Kitchen,Mobile,Credit Card,Organic Search,12,4.9,0,7,0,0
C01733,United States,53,Female,Free,4/7/2023,38,3249.12,80.37,1,Electronics,Mobile,Bank Transfer,Organic Search,5,4.6,2,10,1,0
C01734,Brazil,52,Male,Silver,8/28/2025,31,4210.64,123.98,15,Beauty & Personal Care,Mobile,PayPal,Direct,2,4.2,1,2,0,0
C01735,France,28,Other,Free,10/29/2025,30,1113.29,33.13,72,Clothing & Apparel,Mobile,Credit Card,Paid Ad,9,4.3,0,1,1,0
C01736,India,32,Female,Silver,10/18/2023,3,121.4,47.19,28,Sports & Outdoors,Mobile,Credit Card,Organic Search,1,4.1,0,0,1,0
C01737,United States,28,Female,Silver,12/4/2025,11,426.53,45.06,33,Clothing & Apparel,Desktop,Credit Card,Paid Ad,1,4.9,0,1,0,0
C01738,Brazil,29,Male,Free,9/14/2025,5,422.59,97.84,15,Clothing & Apparel,Mobile,Debit Card,Social Media,0,3.5,0,2,1,0
C01739,Canada,28,Male,Free,10/26/2021,24,3144.95,124.83,14,Clothing & Apparel,Desktop,Buy Now Pay Later,Email Campaign,6,4.8,3,1,0,1
C01740,Brazil,18,Female,Free,9/30/2024,1,117.48,103.56,1,Food & Grocery,Mobile,Credit Card,Direct,0,4.4,0,13,0,1
C01741,United States,54,Male,Free,6/24/2023,2,266.24,143.97,81,Electronics,Tablet,Buy Now Pay Later,Organic Search,0,3.8,0,3,0,0
C01742,Italy,36,Male,Free,5/13/2024,59,2046.58,39.37,78,Clothing & Apparel,Mobile,Credit Card,Direct,7,3.5,2,6,0,0
C01743,United States,18,Male,Free,2/5/2023,36,2348.81,62.21,18,Electronics,Mobile,Debit Card,Direct,5,4.3,3,4,0,0
C01744,Canada,51,Male,Silver,12/28/2024,12,3239.49,306.16,35,Pet Supplies,Desktop,Credit Card,Organic Search,1,2.9,1,18,1,0
C01745,United Kingdom,50,Male,Free,1/17/2026,37,1572.34,45.03,3,Sports & Outdoors,Desktop,PayPal,Organic Search,4,4.8,0,2,0,0
C01746,Brazil,32,Male,Gold,4/11/2022,26,2972.35,101.09,14,Books,Mobile,Credit Card,Organic Search,4,4.7,3,1,1,0
C01747,United States,41,Other,Gold,9/5/2025,27,2838.36,118.88,142,Books,Mobile,UPI / Digital Wallet,Email Campaign,7,4,1,0,1,0
C01748,United States,26,Male,Free,2/10/2025,1,31.64,30.1,113,Home & Kitchen,Mobile,Buy Now Pay Later,Social Media,0,3.2,0,3,1,0
C01749,United States,39,Female,Free,12/15/2024,15,1929.83,128.88,24,Clothing & Apparel,Mobile,UPI / Digital Wallet,Social Media,2,4.4,0,3,0,0
C01750,United States,37,Female,Free,3/16/2026,31,7163.53,212.19,61,Sports & Outdoors,Desktop,UPI / Digital Wallet,Paid Ad,9,4.2,2,6,1,0
C01751,Australia,48,Female,Free,5/26/2022,35,1944.99,63.8,104,Home & Kitchen,Desktop,Buy Now Pay Later,Email Campaign,10,4,0,9,1,0
C01752,Germany,27,Male,Free,2/21/2024,7,471.79,65.05,21,Toys & Games,Mobile,Credit Card,Paid Ad,1,4.3,0,0,0,0
C01753,United States,57,Male,Platinum,5/22/2025,19,3001.64,183.02,88,Home & Kitchen,Mobile,PayPal,Referral,1,4.8,2,7,1,0
C01754,United States,36,Male,Free,8/9/2025,6,285.28,52.98,55,Beauty & Personal Care,Mobile,PayPal,Email Campaign,2,4.5,0,0,0,0
C01755,United States,31,Male,Free,4/14/2023,23,1406.48,57.22,82,Office Supplies,Desktop,Debit Card,Paid Ad,7,4,2,2,0,0
C01756,United States,24,Male,Platinum,7/29/2025,24,2125.31,86.93,6,Food & Grocery,Desktop,UPI / Digital Wallet,Email Campaign,9,4.1,3,6,1,0
C01757,United States,36,Male,Silver,7/17/2025,17,793.65,43.54,120,Electronics,Mobile,PayPal,Social Media,3,4.3,1,5,1,0
C01758,United Kingdom,34,Male,Free,6/14/2025,6,620.03,105.15,88,Automotive,Desktop,Credit Card,Email Campaign,1,4.9,0,0,1,0
C01759,Germany,18,Male,Free,10/11/2025,57,11266.02,229.34,200,Automotive,Desktop,Credit Card,Organic Search,9,4.3,3,3,1,0
C01760,Canada,35,Male,Silver,2/1/2026,13,218.25,16.18,53,Office Supplies,Tablet,Credit Card,Email Campaign,0,4.8,1,0,1,0
C01761,Brazil,42,Male,Free,6/11/2025,3,220.19,74.31,7,Electronics,Tablet,Debit Card,Direct,0,4.5,0,4,1,0
C01762,Mexico,26,Female,Free,2/4/2026,4,399.29,117.28,72,Toys & Games,Mobile,Credit Card,Paid Ad,1,3.9,0,0,0,0
C01763,United States,29,Female,Free,9/25/2021,23,564.3,25.48,156,Electronics,Tablet,Credit Card,Referral,7,4.2,1,2,0,0
C01764,United States,34,Male,Silver,8/15/2023,25,1810.69,81.2,8,Home & Kitchen,Desktop,Buy Now Pay Later,Organic Search,8,3.9,1,0,0,0
C01765,United Kingdom,27,Female,Free,12/6/2024,17,610.47,39.05,236,Electronics,Mobile,Buy Now Pay Later,Paid Ad,4,3.7,1,4,1,0
C01766,United Kingdom,43,Male,Free,11/13/2024,8,206.1,24.93,53,Jewelry & Accessories,Desktop,PayPal,Paid Ad,1,4.8,0,3,0,0
C01767,South Korea,18,Male,Free,8/8/2025,20,1463.9,77.67,26,Food & Grocery,Mobile,Credit Card,Referral,7,3.8,1,3,1,0
C01768,Mexico,59,Other,Gold,7/19/2025,18,2355.59,140.97,67,Electronics,Mobile,Credit Card,Paid Ad,3,3.7,1,6,1,0
C01769,Germany,41,Male,Free,3/16/2025,34,5846.39,154.96,98,Electronics,Mobile,Credit Card,Paid Ad,10,3.9,3,14,0,0
C01770,Netherlands,35,Female,Gold,12/24/2025,13,1510.13,122.35,51,Electronics,Desktop,Debit Card,Direct,2,4.1,0,7,1,0
C01771,United States,38,Female,Free,5/27/2024,24,1299.65,53.57,25,Clothing & Apparel,Mobile,UPI / Digital Wallet,Referral,3,4.4,3,5,1,0
C01772,Mexico,30,Male,Free,8/8/2025,25,2334.56,107.75,175,Clothing & Apparel,Desktop,Credit Card,Direct,3,3.7,0,4,0,0
C01773,South Africa,38,Female,Free,3/22/2024,2,328.28,166.3,119,Health & Wellness,Desktop,Credit Card,Social Media,0,4.4,0,6,0,0
C01774,France,35,Female,Silver,11/25/2023,39,1280.98,35.56,136,Travel & Luggage,Desktop,Credit Card,Organic Search,7,3.8,2,8,0,0
C01775,Germany,44,Female,Free,4/15/2025,8,95.18,11.99,40,Food & Grocery,Mobile,Debit Card,Email Campaign,2,3.2,0,5,1,0
C01776,United Kingdom,18,Male,Platinum,10/19/2025,3,1200.95,375.34,47,Books,Desktop,PayPal,Organic Search,0,4.5,0,1,1,0
C01777,United States,51,Male,Platinum,11/19/2024,31,2569.11,80.12,74,Health & Wellness,Desktop,Credit Card,Email Campaign,5,4.9,2,11,1,0
C01778,Turkey,38,Female,Silver,10/23/2023,28,1929.35,76.85,0,Health & Wellness,Mobile,Credit Card,Paid Ad,10,4.6,2,0,0,0
C01779,United States,23,Female,Gold,10/10/2025,26,1739.5,62.1,12,Clothing & Apparel,Desktop,Credit Card,Paid Ad,8,3.8,3,3,1,0
C01780,Australia,54,Female,Free,12/31/2025,1,65.11,76.2,69,Toys & Games,Tablet,Buy Now Pay Later,Social Media,0,3.7,0,0,0,0
C01781,France,18,Male,Free,7/26/2023,11,3121.02,286.22,0,Jewelry & Accessories,Mobile,Bank Transfer,Social Media,4,4.3,0,11,1,0
C01782,Netherlands,28,Female,Free,8/17/2024,17,613.22,38.61,23,Automotive,Mobile,Buy Now Pay Later,Paid Ad,3,4.5,2,5,0,0
C01783,Sweden,30,Male,Free,10/12/2025,7,481.85,76,55,Clothing & Apparel,Mobile,Debit Card,Social Media,2,4,0,19,0,0
C01784,France,21,Male,Free,9/3/2024,11,865.03,72.27,56,Home & Kitchen,Mobile,Buy Now Pay Later,Paid Ad,2,4.7,1,11,0,0
C01785,Germany,25,Male,Silver,1/10/2025,2,485.32,241.98,40,Books,Mobile,UPI / Digital Wallet,Social Media,0,4.6,0,2,0,0
C01786,United Kingdom,31,Female,Free,6/29/2019,19,4715.51,231.25,56,Books,Desktop,Credit Card,Social Media,7,4.4,1,0,1,0
C01787,India,28,Male,Free,11/9/2025,20,913.36,43.83,67,Books,Desktop,Buy Now Pay Later,Social Media,3,4.5,1,0,1,0
C01788,United States,42,Male,Free,5/6/2023,14,434.28,30.88,37,Toys & Games,Mobile,PayPal,Paid Ad,0,4.4,1,2,0,0
C01789,Netherlands,36,Female,Free,11/1/2020,17,746.3,42.27,48,Pet Supplies,Tablet,UPI / Digital Wallet,Direct,2,4.6,2,3,1,0
C01790,Germany,38,Male,Free,12/4/2024,16,1464.84,107.15,173,Home & Kitchen,Desktop,PayPal,Referral,1,4.5,1,11,1,0
C01791,United States,19,Female,Silver,4/6/2025,6,1003.24,164.63,1,Jewelry & Accessories,Mobile,Debit Card,Email Campaign,1,4.3,0,11,1,0
C01792,South Africa,33,Female,Silver,11/16/2025,4,796.18,207.99,47,Electronics,Mobile,Credit Card,Paid Ad,0,3.8,0,2,1,0
C01793,United States,45,Male,Free,5/1/2024,59,4173.77,71.64,71,Toys & Games,Mobile,PayPal,Organic Search,22,4.8,1,12,1,0
C01794,Germany,57,Other,Free,11/18/2025,9,156.43,17.41,19,Home & Kitchen,Mobile,Credit Card,Social Media,2,3.7,0,1,1,0
C01795,India,21,Male,Free,11/28/2025,7,183.3,23.43,0,Electronics,Desktop,UPI / Digital Wallet,Organic Search,0,4.6,0,2,0,0
C01796,India,52,Female,Free,2/7/2025,13,1295.47,113.21,25,Home & Kitchen,Desktop,Credit Card,Direct,2,4,0,6,1,0
C01797,Brazil,27,Male,Free,11/10/2025,17,3950.86,249.99,82,Toys & Games,Mobile,Credit Card,Organic Search,4,4.1,1,13,1,0
C01798,Brazil,36,Male,Platinum,1/8/2026,6,384.49,59.56,4,Food & Grocery,Mobile,Buy Now Pay Later,Paid Ad,2,3.6,0,0,0,0
C01799,France,33,Male,Platinum,4/7/2024,4,211.68,50.82,0,Sports & Outdoors,Desktop,PayPal,Social Media,0,2.4,0,4,0,0
C01800,India,63,Other,Silver,11/13/2023,17,1455.97,80.87,9,Sports & Outdoors,Desktop,Credit Card,Organic Search,5,3.8,1,21,1,0
C01801,France,43,Female,Free,1/9/2025,18,2150.03,128.32,123,Books,Mobile,Debit Card,Organic Search,5,4.4,0,3,0,0
C01802,Germany,18,Female,Gold,7/14/2025,27,1834.36,62.81,231,Jewelry & Accessories,Mobile,Credit Card,Email Campaign,6,3.8,3,4,1,0
C01803,Spain,44,Female,Free,6/4/2025,14,848.42,65.28,6,Clothing & Apparel,Mobile,UPI / Digital Wallet,Paid Ad,2,3.6,1,1,0,0
C01804,Spain,21,Male,Free,8/8/2025,2,500.1,262.3,170,Electronics,Desktop,PayPal,Social Media,0,3.7,0,1,1,0
C01805,United States,31,Female,Free,3/8/2024,10,2105.89,220.39,60,Home & Kitchen,Desktop,Credit Card,Social Media,3,3.8,1,4,0,0
C01806,India,57,Male,Gold,12/24/2023,10,1071.59,110.2,90,Beauty & Personal Care,Mobile,UPI / Digital Wallet,Paid Ad,1,3.9,0,9,0,0
C01807,United States,36,Male,Silver,9/2/2024,56,1720.58,30.7,80,Pet Supplies,Mobile,PayPal,Social Media,12,3.9,1,9,0,0
C01808,Germany,49,Female,Platinum,5/6/2025,14,7997.8,531.44,144,Food & Grocery,Tablet,Credit Card,Email Campaign,3,4.7,0,11,0,0
C01809,United States,38,Male,Free,7/5/2025,5,216.04,49.32,72,Travel & Luggage,Mobile,Credit Card,Organic Search,0,4,0,6,1,0
C01810,Brazil,39,Female,Free,4/8/2024,7,488.28,70.08,31,Clothing & Apparel,Mobile,PayPal,Direct,2,3.9,0,1,1,0
C01811,Germany,29,Male,Silver,11/24/2021,17,3265.05,210.28,37,Automotive,Desktop,Debit Card,Email Campaign,6,4.5,1,3,0,0
C01812,South Africa,29,Female,Gold,6/17/2025,16,548.89,34.73,35,Electronics,Tablet,UPI / Digital Wallet,Social Media,5,3.5,0,6,0,0
C01813,United Kingdom,36,Female,Free,12/18/2025,25,1190.8,50.09,103,Food & Grocery,Mobile,Credit Card,Email Campaign,5,4.3,1,1,0,0
C01814,South Korea,55,Female,Gold,6/16/2024,1,80.44,92.82,27,Electronics,Tablet,Credit Card,Organic Search,0,4.5,0,1,1,1
C01815,United Kingdom,28,Male,Free,12/18/2024,14,339.01,26.21,18,Home & Kitchen,Desktop,Credit Card,Organic Search,3,4.6,1,7,1,0
C01816,France,33,Female,Platinum,9/17/2024,68,9999.6,156.75,225,Travel & Luggage,Mobile,PayPal,Organic Search,10,3.5,1,6,0,1
C01817,United States,18,Female,Free,11/23/2024,7,754.78,118.29,156,Electronics,Mobile,Credit Card,Email Campaign,1,2.9,0,0,0,0
C01818,Poland,37,Female,Gold,11/22/2025,11,733.79,75.97,96,Home & Kitchen,Mobile,Credit Card,Organic Search,3,4.4,1,2,0,0
C01819,Brazil,40,Female,Platinum,8/17/2023,14,739.95,61,20,Home & Kitchen,Mobile,UPI / Digital Wallet,Referral,3,3.9,1,0,0,0
C01820,Netherlands,26,Female,Free,7/13/2025,28,2432.77,84.83,148,Electronics,Tablet,Credit Card,Email Campaign,6,4.8,0,1,0,0
C01821,United States,34,Male,Free,4/11/2023,8,459.01,61.69,35,Pet Supplies,Desktop,PayPal,Paid Ad,2,3.9,0,5,1,0
C01822,Japan,48,Male,Gold,11/13/2024,44,3803.38,100.05,58,Sports & Outdoors,Desktop,Debit Card,Referral,12,4.1,5,6,1,1
C01823,Germany,32,Female,Free,3/15/2026,30,1951.81,60.27,445,Electronics,Mobile,Debit Card,Email Campaign,10,3.9,2,15,1,1
C01824,United States,29,Female,Gold,7/2/2024,18,1398.44,87.18,63,Electronics,Desktop,Debit Card,Organic Search,2,4.2,2,1,1,0
C01825,United Kingdom,45,Male,Silver,11/24/2025,1,39.37,35.1,51,Books,Desktop,Cryptocurrency,Referral,0,4.8,0,3,1,1
C01826,United States,41,Female,Free,5/22/2022,12,530.06,42.8,117,Food & Grocery,Mobile,Credit Card,Paid Ad,1,4.4,1,1,0,0
C01827,United States,44,Female,Free,6/30/2023,9,1206.77,139.12,2,Electronics,Desktop,UPI / Digital Wallet,Organic Search,3,4.2,0,3,1,0
C01828,United Kingdom,39,Female,Silver,1/3/2023,10,2201.82,234.84,37,Food & Grocery,Tablet,Credit Card,Social Media,1,4.6,0,0,1,0
C01829,United States,38,Male,Silver,6/23/2024,14,1464,99.63,7,Toys & Games,Tablet,Credit Card,Organic Search,4,4.5,1,4,1,0
C01830,United States,40,Female,Free,8/3/2011,16,4070.19,280.06,50,Electronics,Mobile,Credit Card,Email Campaign,5,5,0,4,1,0
C01831,United States,21,Male,Free,10/23/2024,19,699.57,32.71,2,Food & Grocery,Mobile,PayPal,Social Media,6,3.6,0,3,1,0
C01832,Australia,43,Male,Silver,9/20/2024,2,42.09,21.84,164,Clothing & Apparel,Desktop,PayPal,Referral,0,4,0,2,1,1
C01833,Brazil,40,Male,Silver,1/23/2021,25,941,39.22,29,Beauty & Personal Care,Desktop,Credit Card,Social Media,2,3.7,1,1,1,0
C01834,Poland,38,Female,Gold,7/7/2023,17,1004.34,60.94,36,Food & Grocery,Desktop,Credit Card,Social Media,1,4.1,1,5,1,1
C01835,Turkey,40,Female,Free,2/28/2024,10,600.79,67.86,41,Sports & Outdoors,Mobile,Buy Now Pay Later,Social Media,3,4.1,1,0,1,0
C01836,Germany,24,Female,Free,8/22/2023,39,2354.34,62.36,5,Sports & Outdoors,Mobile,PayPal,Organic Search,8,4.1,2,1,1,0
C01837,United States,38,Male,Silver,11/29/2024,11,182.92,14.66,5,Clothing & Apparel,Tablet,PayPal,Organic Search,4,4,0,7,1,0
C01838,Germany,30,Male,Platinum,2/7/2026,12,352.46,26.94,0,Electronics,Mobile,Credit Card,Email Campaign,1,4.2,0,12,1,0
C01839,France,35,Male,Free,7/26/2022,6,511.95,79.73,46,Automotive,Tablet,Bank Transfer,Social Media,2,4.2,0,3,1,0
C01840,India,50,Other,Gold,12/10/2023,1,113.29,105.32,23,Food & Grocery,Desktop,Buy Now Pay Later,Referral,0,4.7,0,0,1,0
C01841,United States,28,Male,Free,6/29/2025,37,4401.26,137.74,76,Electronics,Desktop,Credit Card,Social Media,12,4.1,0,19,1,0
C01842,UAE,32,Male,Free,10/27/2025,5,550.1,114.88,131,Beauty & Personal Care,Mobile,Credit Card,Organic Search,0,3,0,6,0,0
C01843,Netherlands,40,Other,Free,3/26/2025,24,714.47,31.35,69,Sports & Outdoors,Tablet,Credit Card,Paid Ad,8,4.2,2,2,1,0
C01844,France,37,Female,Platinum,11/12/2024,25,1957.82,74.45,15,Home & Kitchen,Tablet,Credit Card,Referral,9,4.8,1,0,0,0
C01845,Germany,44,Male,Free,12/6/2024,15,259.67,16.75,31,Food & Grocery,Tablet,Buy Now Pay Later,Social Media,5,4.8,1,0,1,0
C01846,United Kingdom,57,Female,Free,4/5/2025,33,3358.69,96.27,114,Clothing & Apparel,Tablet,Debit Card,Organic Search,2,4.2,2,0,1,0
C01847,Canada,19,Male,Free,8/15/2025,2,57.49,30.48,50,Home & Kitchen,Mobile,UPI / Digital Wallet,Paid Ad,0,4.1,0,4,0,1
C01848,Germany,43,Male,Free,7/24/2024,9,443.07,47.62,5,Electronics,Desktop,Credit Card,Paid Ad,0,4.9,0,0,1,0
C01849,Japan,38,Female,Silver,12/5/2025,17,289.95,19.45,2,Jewelry & Accessories,Desktop,Bank Transfer,Organic Search,6,4.8,0,5,1,0
C01850,India,29,Female,Free,1/3/2026,7,231.97,36.04,3,Beauty & Personal Care,Mobile,Credit Card,Paid Ad,2,4.6,0,0,1,0
C01851,Brazil,26,Female,Free,1/29/2025,1,92.13,90.25,27,Electronics,Desktop,Debit Card,Social Media,0,4,0,11,1,1
C01852,Sweden,47,Male,Gold,2/5/2024,15,2014.68,138.89,3,Home & Kitchen,Desktop,Credit Card,Social Media,1,4,1,10,1,0
C01853,Mexico,43,Female,Gold,2/12/2025,8,1067.75,148.89,157,Office Supplies,Desktop,Credit Card,Organic Search,0,4.4,0,1,1,0
C01854,United Kingdom,31,Female,Gold,6/21/2025,21,1476.1,82.33,22,Electronics,Desktop,PayPal,Email Campaign,1,4.5,0,3,1,0
C01855,United States,40,Female,Gold,11/10/2025,5,270.81,59.92,55,Home & Kitchen,Mobile,Buy Now Pay Later,Direct,0,4.5,0,4,0,0
C01856,United States,21,Female,Free,12/27/2025,33,4657.79,144.28,14,Books,Mobile,Buy Now Pay Later,Referral,6,4.2,3,12,0,0
C01857,United Kingdom,33,Female,Silver,10/13/2023,44,2221.79,45.45,101,Home & Kitchen,Mobile,Credit Card,Organic Search,3,4.2,3,4,0,0
C01858,United States,40,Male,Free,9/10/2025,17,4373.48,280.77,22,Clothing & Apparel,Mobile,Credit Card,Paid Ad,4,3.8,0,3,1,0
C01859,Brazil,26,Male,Free,7/11/2025,1,113.76,111.09,35,Beauty & Personal Care,Mobile,Debit Card,Email Campaign,0,3.1,0,3,1,0
C01860,United Kingdom,43,Male,Silver,4/20/2023,10,149.58,17.12,51,Food & Grocery,Mobile,Debit Card,Organic Search,3,3.5,1,2,0,0
C01861,United States,52,Male,Free,3/23/2023,16,1300.65,93.25,3,Food & Grocery,Tablet,Credit Card,Referral,4,4.8,1,1,1,0
C01862,United States,47,Male,Silver,11/27/2025,6,222.9,32.47,3,Clothing & Apparel,Mobile,PayPal,Social Media,1,4,0,0,1,0
C01863,United States,31,Other,Free,5/5/2022,18,1187.08,61.23,22,Health & Wellness,Desktop,Bank Transfer,Paid Ad,2,4.6,1,22,1,0
C01864,United States,31,Male,Platinum,1/28/2025,11,367.88,35.8,45,Jewelry & Accessories,Mobile,UPI / Digital Wallet,Social Media,3,4.6,1,9,1,0
C01865,India,55,Male,Free,10/7/2025,27,2999.56,99.7,27,Electronics,Tablet,PayPal,Social Media,4,4.7,0,0,1,0
C01866,United States,62,Male,Free,12/30/2025,22,715.29,33.89,12,Health & Wellness,Tablet,Debit Card,Email Campaign,1,4.5,3,0,1,0
C01867,South Africa,29,Male,Free,7/25/2025,26,1394.79,58.31,11,Electronics,Desktop,Debit Card,Organic Search,8,4.5,0,17,1,0
C01868,Spain,25,Male,Platinum,12/19/2023,36,3778.24,94.38,23,Health & Wellness,Mobile,UPI / Digital Wallet,Paid Ad,12,4.8,3,12,0,0
C01869,India,45,Male,Silver,9/10/2024,27,1274.2,48.95,11,Toys & Games,Desktop,Credit Card,Organic Search,2,4.1,0,3,1,0
C01870,United Kingdom,28,Female,Free,10/21/2023,14,385.39,29.29,193,Automotive,Desktop,PayPal,Referral,2,5,0,2,0,1
C01871,Spain,43,Male,Free,6/30/2024,9,2169.2,248.97,7,Toys & Games,Desktop,Credit Card,Organic Search,1,4.4,0,2,0,0
C01872,Mexico,41,Female,Gold,3/20/2026,15,2290.21,146.51,36,Travel & Luggage,Mobile,Credit Card,Organic Search,2,4.4,0,3,0,0
C01873,Canada,21,Male,Gold,6/3/2025,6,650.39,125.44,49,Home & Kitchen,Tablet,Cryptocurrency,Direct,0,4.2,0,14,1,0
C01874,Spain,18,Male,Free,10/29/2025,10,272.15,28.41,61,Jewelry & Accessories,Desktop,UPI / Digital Wallet,Email Campaign,3,4.6,1,1,1,0
C01875,Germany,37,Other,Free,9/9/2024,4,168.36,48.89,93,Health & Wellness,Mobile,Credit Card,Email Campaign,0,4.7,0,2,0,0
C01876,United States,29,Female,Free,3/7/2025,1,27.39,24.67,0,Sports & Outdoors,Desktop,Cryptocurrency,Organic Search,0,3.8,0,3,1,1
C01877,United States,52,Female,Free,12/4/2025,4,213.41,54.72,111,Office Supplies,Mobile,Debit Card,Organic Search,0,4.5,0,1,0,1
C01878,South Korea,45,Male,Silver,1/26/2026,15,1715.36,128.33,68,Electronics,Mobile,UPI / Digital Wallet,Social Media,3,4.7,0,9,0,0
C01879,Brazil,29,Female,Gold,9/20/2025,7,635.41,79.22,8,Food & Grocery,Desktop,Credit Card,Organic Search,1,4.1,0,2,0,0
C01880,United States,45,Male,Free,3/7/2026,33,5108.67,136.66,11,Electronics,Desktop,PayPal,Social Media,9,4.7,4,7,0,0
C01881,United States,25,Male,Platinum,1/8/2026,15,1727.65,113.26,35,Electronics,Mobile,Buy Now Pay Later,Direct,4,4.4,0,0,1,0
C01882,Spain,58,Male,Free,6/20/2023,16,483.99,28.85,14,Food & Grocery,Desktop,PayPal,Organic Search,2,3.9,2,14,0,0
C01883,United States,27,Female,Free,7/25/2025,31,2592.86,81.09,14,Clothing & Apparel,Mobile,Debit Card,Organic Search,3,3.5,3,1,1,0
C01884,United States,25,Female,Platinum,11/30/2024,6,509.95,74.38,109,Beauty & Personal Care,Mobile,Debit Card,Organic Search,0,4.3,0,2,1,0
C01885,Turkey,46,Male,Gold,3/19/2024,3,74.42,22.01,7,Clothing & Apparel,Desktop,Bank Transfer,Paid Ad,0,4.9,0,18,0,0
C01886,Australia,27,Male,Free,12/19/2023,14,1829.06,128.39,146,Electronics,Mobile,Debit Card,Organic Search,2,3.8,1,5,1,0
C01887,United States,35,Male,Free,2/22/2025,41,2084.71,51.41,6,Home & Kitchen,Mobile,Debit Card,Direct,8,4.1,2,1,0,0
C01888,Australia,44,Female,Free,3/13/2026,34,4206.77,132.63,118,Beauty & Personal Care,Desktop,Credit Card,Organic Search,9,2.4,4,1,0,0
C01889,United Kingdom,60,Male,Gold,11/12/2025,30,1910.74,74.77,3,Beauty & Personal Care,Mobile,Debit Card,Paid Ad,10,4.3,0,1,0,0
C01890,Germany,53,Male,Free,3/20/2025,38,1759.6,41,21,Electronics,Tablet,UPI / Digital Wallet,Paid Ad,12,3.6,2,13,1,0
C01891,Japan,47,Male,Free,6/16/2025,13,380.86,33.03,40,Health & Wellness,Desktop,Credit Card,Paid Ad,3,4.9,0,5,0,0
C01892,Australia,44,Male,Free,12/30/2016,50,2458.3,52.64,11,Travel & Luggage,Mobile,Credit Card,Email Campaign,17,4.2,4,4,1,0
C01893,United States,40,Female,Gold,6/21/2025,26,5383.02,196.55,62,Electronics,Mobile,Credit Card,Organic Search,8,3.9,3,2,0,0
C01894,United States,53,Male,Free,2/23/2026,9,254.18,31.05,17,Beauty & Personal Care,Desktop,Credit Card,Direct,2,4.8,0,24,1,0
C01895,United States,45,Male,Silver,11/5/2025,32,577.7,18.57,306,Clothing & Apparel,Mobile,Credit Card,Social Media,9,4.4,1,2,1,0
C01896,Canada,24,Female,Free,2/22/2024,16,1210.05,81.45,73,Health & Wellness,Mobile,Credit Card,Social Media,1,4.7,1,0,1,0
C01897,Spain,54,Male,Free,12/11/2024,13,955.33,68.5,82,Electronics,Mobile,Credit Card,Social Media,3,4,1,13,1,0
C01898,United States,23,Female,Free,8/15/2024,11,463.88,44.79,190,Clothing & Apparel,Desktop,Bank Transfer,Direct,2,3.3,0,1,1,0
C01899,United Kingdom,33,Male,Silver,2/1/2026,8,1398,166.18,0,Sports & Outdoors,Mobile,Credit Card,Email Campaign,1,4.7,0,3,1,0
C01900,India,40,Male,Free,12/26/2022,17,2083,119.92,33,Books,Desktop,UPI / Digital Wallet,Social Media,6,5,0,2,1,0
C01901,United States,18,Male,Silver,11/23/2024,53,4063.34,78.79,32,Jewelry & Accessories,Mobile,Credit Card,Paid Ad,2,3.9,7,0,1,0
C01902,Italy,18,Male,Free,9/19/2025,7,215.75,29.61,64,Beauty & Personal Care,Tablet,UPI / Digital Wallet,Paid Ad,2,4,0,13,0,0
C01903,India,49,Male,Free,4/23/2025,9,629.74,62.38,52,Clothing & Apparel,Mobile,Credit Card,Social Media,2,3,1,5,0,0
C01904,India,31,Male,Free,5/9/2025,17,1418.29,80.71,8,Electronics,Mobile,Cryptocurrency,Social Media,5,4.3,2,6,1,0
C01905,United States,39,Female,Gold,2/18/2026,77,11528.78,135.92,322,Electronics,Desktop,Credit Card,Referral,26,4.4,3,0,0,1
C01906,United States,18,Male,Free,8/11/2022,35,3630.91,102.99,11,Sports & Outdoors,Tablet,PayPal,Email Campaign,5,3.3,2,6,1,0
C01907,Canada,25,Other,Free,1/16/2025,12,1090.45,82.25,110,Clothing & Apparel,Mobile,Debit Card,Direct,1,4.4,0,14,0,0
C01908,Australia,29,Male,Free,5/4/2023,14,1665.25,134.11,64,Home & Kitchen,Mobile,Credit Card,Social Media,1,4.2,0,0,0,1
C01909,India,28,Male,Silver,1/13/2023,28,1384.77,45.42,49,Electronics,Desktop,Credit Card,Paid Ad,2,4.9,0,2,0,0
C01910,Canada,32,Female,Gold,4/4/2025,6,918.28,148.93,110,Sports & Outdoors,Tablet,Bank Transfer,Social Media,0,4.1,0,2,1,0
C01911,Singapore,50,Male,Free,1/17/2025,2,302.12,139.96,58,Electronics,Mobile,Debit Card,Social Media,0,3.8,0,12,1,0
C01912,United States,32,Male,Gold,1/20/2026,9,324.16,36.35,114,Pet Supplies,Desktop,Credit Card,Organic Search,0,4.3,0,4,0,0
C01913,Sweden,51,Male,Free,4/11/2023,29,2833.71,105.19,13,Clothing & Apparel,Mobile,UPI / Digital Wallet,Email Campaign,3,4,3,2,0,0
C01914,UAE,39,Female,Free,1/28/2026,29,3019.38,110.08,37,Toys & Games,Mobile,PayPal,Organic Search,10,4,3,2,1,0
C01915,Japan,38,Male,Silver,12/14/2024,3,559.86,202.24,37,Office Supplies,Desktop,PayPal,Organic Search,0,4.2,0,2,0,0
C01916,Poland,27,Female,Free,4/17/2024,30,1073.67,39.34,51,Electronics,Mobile,PayPal,Organic Search,8,3.3,1,1,1,1
C01917,United States,36,Female,Gold,11/21/2022,21,877.53,43.54,65,Food & Grocery,Mobile,Debit Card,Referral,2,4.1,1,5,1,0
C01918,Brazil,23,Female,Free,9/29/2025,14,617.19,47.05,47,Books,Mobile,Credit Card,Organic Search,3,4.6,0,0,1,0
C01919,Germany,18,Male,Silver,8/14/2024,12,1787.51,139.72,31,Books,Mobile,Credit Card,Social Media,4,4.4,1,5,0,0
C01920,Germany,33,Female,Silver,2/4/2026,14,737.06,46.19,31,Sports & Outdoors,Mobile,Debit Card,Organic Search,3,4.6,2,1,0,0
C01921,France,22,Female,Free,1/10/2026,8,631.09,90.88,14,Electronics,Desktop,Credit Card,Organic Search,2,2.8,0,0,1,0
C01922,Italy,20,Male,Silver,3/14/2022,14,702.35,52.22,30,Home & Kitchen,Mobile,Bank Transfer,Social Media,4,3.1,1,12,0,0
C01923,United States,47,Female,Free,3/1/2026,9,327.67,38.96,15,Electronics,Desktop,PayPal,Paid Ad,0,4.6,0,6,1,0
C01924,United States,46,Female,Gold,6/13/2025,2,506.08,233.71,32,Toys & Games,Desktop,Credit Card,Email Campaign,0,4,0,0,1,1
C01925,France,34,Male,Free,2/18/2026,3,153.74,52.45,75,Books,Desktop,Debit Card,Direct,1,3.6,0,2,1,0
C01926,UAE,27,Male,Free,7/20/2024,31,1057.49,32.81,147,Books,Mobile,PayPal,Social Media,3,4.3,1,0,0,0
C01927,United States,30,Female,Free,8/25/2024,13,1117.04,74.86,88,Clothing & Apparel,Tablet,Credit Card,Social Media,4,4.8,0,1,1,0
C01928,India,40,Female,Free,11/15/2024,17,1198.28,63.82,135,Electronics,Desktop,Credit Card,Referral,1,4.5,0,7,1,0
C01929,United Kingdom,55,Male,Platinum,9/16/2025,12,1597.86,138.49,2,Electronics,Tablet,Credit Card,Social Media,2,4.2,1,0,0,0
C01930,United States,41,Male,Free,1/25/2023,15,2210.45,164.63,19,Automotive,Tablet,UPI / Digital Wallet,Social Media,3,3.9,1,0,1,0
C01931,Italy,36,Female,Free,7/4/2021,4,102.06,25.18,2,Electronics,Mobile,Credit Card,Organic Search,1,4.4,0,1,1,0
C01932,France,32,Female,Gold,7/4/2025,7,1910.43,253.18,12,Home & Kitchen,Desktop,Credit Card,Organic Search,1,4.4,0,11,1,0
C01933,United Kingdom,29,Male,Free,12/9/2024,48,1135.16,26.87,36,Books,Mobile,Credit Card,Social Media,17,4.3,4,16,1,0
C01934,India,57,Male,Gold,10/15/2024,30,15868.42,501.12,26,Electronics,Mobile,UPI / Digital Wallet,Organic Search,11,3.8,0,0,1,0
C01935,United States,39,Male,Free,9/30/2024,17,895.64,45.96,21,Home & Kitchen,Desktop,Debit Card,Organic Search,4,4.4,1,0,0,0
C01936,India,41,Other,Free,11/2/2024,11,495.11,48.35,1,Electronics,Desktop,PayPal,Social Media,2,3.1,0,13,1,0
C01937,Mexico,30,Female,Free,7/2/2014,12,3156.61,295.56,50,Sports & Outdoors,Tablet,Debit Card,Organic Search,2,4.3,0,3,1,0
C01938,India,44,Female,Free,9/29/2025,24,2067.55,86.98,39,Sports & Outdoors,Tablet,Credit Card,Organic Search,6,3.8,2,4,0,0
C01939,Germany,30,Male,Free,11/18/2024,29,1365.1,48.99,11,Home & Kitchen,Mobile,UPI / Digital Wallet,Direct,3,2.5,1,21,1,0
C01940,Mexico,55,Female,Free,4/12/2023,12,474.54,35.19,83,Clothing & Apparel,Mobile,PayPal,Paid Ad,4,4.8,0,13,1,0
C01941,United States,34,Male,Free,2/24/2025,1,32.98,33.34,6,Clothing & Apparel,Mobile,Credit Card,Email Campaign,0,3.5,0,5,1,1
C01942,United States,50,Female,Silver,3/24/2026,22,2937.34,136.71,86,Food & Grocery,Mobile,PayPal,Direct,2,4.3,0,1,1,0
C01943,India,21,Male,Free,3/2/2026,4,982.2,231.18,16,Home & Kitchen,Mobile,Cryptocurrency,Social Media,0,4.3,0,3,1,0
C01944,United Kingdom,36,Male,Free,6/19/2025,1,74.42,79.67,69,Sports & Outdoors,Desktop,Credit Card,Organic Search,0,4.2,0,0,0,1
C01945,Italy,22,Female,Free,1/4/2024,11,411.43,35.46,38,Sports & Outdoors,Mobile,Credit Card,Organic Search,3,2.8,1,5,1,0
C01946,Germany,31,Female,Silver,11/9/2024,10,472.84,49.4,1,Food & Grocery,Desktop,Bank Transfer,Organic Search,0,4.7,0,1,1,0
C01947,India,24,Male,Free,12/3/2024,10,1027.28,92.94,65,Health & Wellness,Mobile,Credit Card,Direct,1,3.7,0,4,0,0
C01948,United States,18,Female,Gold,2/15/2026,10,481.79,50.34,83,Automotive,Mobile,Credit Card,Organic Search,0,3.6,0,0,0,0
C01949,United States,48,Female,Free,3/24/2024,5,226.87,44.29,9,Home & Kitchen,Mobile,PayPal,Social Media,1,3.8,0,9,0,0
C01950,United Kingdom,48,Male,Gold,3/12/2024,8,97.6,14.34,17,Travel & Luggage,Mobile,UPI / Digital Wallet,Social Media,1,4.2,0,1,0,1
C01951,India,18,Female,Free,1/5/2021,3,413.18,159.27,121,Toys & Games,Desktop,PayPal,Social Media,0,4.6,0,4,1,0
C01952,United States,22,Other,Free,3/12/2024,14,1360.66,89.05,6,Electronics,Desktop,Credit Card,Email Campaign,5,4.4,1,1,1,0
C01953,Sweden,35,Male,Platinum,3/28/2023,48,7137.91,144.53,24,Automotive,Desktop,Debit Card,Paid Ad,8,4.6,4,0,1,0
C01954,United States,30,Male,Free,5/28/2021,35,2379.41,62.73,57,Electronics,Tablet,Credit Card,Social Media,9,4.8,3,5,1,0
C01955,United States,26,Male,Silver,3/6/2024,9,350.73,36.82,49,Clothing & Apparel,Tablet,Credit Card,Email Campaign,0,4.2,0,12,1,0
C01956,United States,26,Male,Free,8/6/2023,3,493.2,147.85,31,Books,Mobile,PayPal,Email Campaign,0,4.3,0,20,0,0
C01957,Turkey,35,Female,Gold,9/16/2023,65,14798.39,216.15,15,Electronics,Mobile,PayPal,Organic Search,4,4.4,8,0,1,0
C01958,Singapore,18,Male,Free,11/27/2025,4,362.8,91.61,41,Beauty & Personal Care,Desktop,Credit Card,Organic Search,1,4.1,0,5,0,0
C01959,Netherlands,45,Female,Free,1/27/2024,8,499.3,57.21,14,Home & Kitchen,Desktop,PayPal,Email Campaign,1,3.9,0,1,1,0
C01960,United States,29,Female,Free,5/15/2025,4,233.3,65.01,60,Clothing & Apparel,Desktop,PayPal,Paid Ad,0,4.5,0,8,1,0
C01961,Germany,44,Female,Free,9/3/2024,19,3958.43,239.06,10,Toys & Games,Tablet,PayPal,Paid Ad,4,3.7,0,4,0,0
C01962,United States,39,Male,Free,11/1/2024,6,1088.2,200.65,52,Electronics,Desktop,Debit Card,Email Campaign,2,4.3,0,8,1,0
C01963,India,51,Male,Free,11/4/2025,12,898.99,71.35,7,Food & Grocery,Desktop,UPI / Digital Wallet,Email Campaign,3,3.8,1,3,0,0
C01964,United States,46,Male,Silver,9/10/2025,9,436.47,49.59,63,Pet Supplies,Tablet,Credit Card,Email Campaign,0,4.4,0,0,0,0
C01965,Japan,37,Male,Free,10/13/2025,13,1141.69,94.44,57,Clothing & Apparel,Mobile,Credit Card,Paid Ad,3,3.8,0,3,0,0
C01966,United States,37,Female,Free,10/21/2024,18,624.7,33.19,51,Home & Kitchen,Mobile,Credit Card,Organic Search,1,4.5,2,5,1,0
C01967,United Kingdom,19,Male,Free,6/25/2024,4,400.79,107.53,78,Books,Mobile,Debit Card,Organic Search,1,3.9,0,3,1,0
C01968,United States,39,Male,Gold,10/18/2023,24,5322.43,241.59,32,Toys & Games,Desktop,Credit Card,Social Media,7,3.3,1,2,1,0
C01969,Germany,45,Male,Free,7/13/2025,6,143.13,26.65,2,Jewelry & Accessories,Mobile,Credit Card,Organic Search,1,4.4,0,4,0,0
C01970,United States,37,Male,Free,8/30/2019,5,591.7,113.16,11,Sports & Outdoors,Mobile,Debit Card,Paid Ad,0,4.8,0,4,0,0
C01971,United States,50,Female,Free,8/31/2024,5,577.3,106.27,13,Beauty & Personal Care,Desktop,PayPal,Social Media,1,4.5,0,7,1,0
C01972,Mexico,42,Female,Platinum,9/22/2025,41,23959.99,518.42,96,Jewelry & Accessories,Mobile,Credit Card,Paid Ad,9,4.1,4,12,1,0
C01973,Brazil,40,Female,Silver,11/17/2024,7,299.08,41.31,69,Home & Kitchen,Mobile,Credit Card,Organic Search,0,4.4,0,1,1,0
C01974,India,18,Female,Silver,12/6/2025,16,7440.19,504.38,9,Beauty & Personal Care,Mobile,PayPal,Referral,2,4.5,0,8,1,0
C01975,Mexico,35,Male,Free,11/25/2024,13,1793.71,146.44,13,Travel & Luggage,Mobile,Credit Card,Direct,1,4.4,0,5,0,0
C01976,United Kingdom,20,Female,Free,1/26/2023,21,3988.67,173.78,9,Travel & Luggage,Desktop,Debit Card,Referral,5,4.7,2,1,1,0
C01977,South Korea,46,Female,Free,1/7/2024,3,74.66,28.29,88,Electronics,Tablet,Buy Now Pay Later,Email Campaign,0,4.2,0,2,0,0
C01978,Germany,39,Male,Free,8/15/2025,3,89.6,34.99,50,Office Supplies,Mobile,PayPal,Organic Search,1,4,0,7,0,0
C01979,UAE,44,Male,Free,7/15/2024,43,1170.51,26.34,64,Clothing & Apparel,Desktop,Credit Card,Direct,7,4.9,2,0,1,0
C01980,India,31,Male,Free,3/26/2025,9,677.41,74.44,106,Electronics,Desktop,Credit Card,Social Media,1,3.8,0,12,0,0
C01981,Japan,35,Female,Free,12/26/2025,9,174.68,18.65,1,Home & Kitchen,Desktop,Debit Card,Direct,2,4.3,0,5,1,0
C01982,India,26,Female,Silver,5/25/2025,27,1843.81,66.17,122,Home & Kitchen,Mobile,Debit Card,Organic Search,6,4.5,0,3,1,0
C01983,United States,52,Female,Platinum,3/1/2024,4,335.71,93.24,37,Beauty & Personal Care,Desktop,Credit Card,Organic Search,0,3.3,0,12,1,0
C01984,United States,49,Female,Silver,11/15/2024,9,460.32,58.27,119,Electronics,Mobile,UPI / Digital Wallet,Social Media,1,4.3,1,7,0,0
C01985,Spain,31,Other,Gold,1/25/2026,15,1248.13,75.54,21,Home & Kitchen,Desktop,PayPal,Organic Search,4,4.5,1,8,0,0
C01986,United States,22,Female,Silver,4/7/2025,16,633.48,41.2,30,Home & Kitchen,Mobile,UPI / Digital Wallet,Referral,1,4.4,0,9,1,0
C01987,Netherlands,37,Male,Free,10/27/2023,4,406.48,117.98,116,Toys & Games,Tablet,Debit Card,Organic Search,0,4.5,0,1,1,0
C01988,United Kingdom,41,Male,Platinum,9/15/2024,9,1106.27,126.52,131,Toys & Games,Mobile,Cryptocurrency,Organic Search,2,4.8,0,3,0,0
C01989,United States,43,Female,Free,4/28/2025,17,668.88,44.69,2,Electronics,Mobile,Credit Card,Organic Search,5,4.9,1,0,1,0
C01990,Canada,40,Male,Gold,9/14/2025,30,3524.59,138.13,255,Clothing & Apparel,Tablet,Debit Card,Email Campaign,8,4.3,2,0,1,0
C01991,Spain,33,Male,Free,3/14/2026,15,372.63,26.38,12,Clothing & Apparel,Tablet,Debit Card,Organic Search,1,4.2,1,3,1,0
C01992,India,29,Male,Free,6/4/2021,11,2159.73,188.37,36,Toys & Games,Mobile,Buy Now Pay Later,Direct,1,4.4,0,1,1,0
C01993,United States,18,Female,Free,8/23/2022,4,768.17,170.56,150,Clothing & Apparel,Mobile,Buy Now Pay Later,Referral,0,4,0,4,1,0
C01994,Japan,29,Female,Silver,3/7/2026,25,2240.06,96.08,8,Beauty & Personal Care,Desktop,Bank Transfer,Referral,7,4.5,1,16,0,0
C01995,Japan,35,Female,Free,4/6/2020,22,3498.28,179.16,39,Beauty & Personal Care,Mobile,PayPal,Organic Search,6,4.5,2,3,1,0
C01996,France,44,Female,Free,7/8/2024,35,1965.81,49.32,71,Jewelry & Accessories,Desktop,UPI / Digital Wallet,Organic Search,9,4.1,2,1,1,0
C01997,Australia,23,Male,Gold,1/31/2025,52,3797.37,64.97,104,Electronics,Mobile,Buy Now Pay Later,Email Campaign,4,4.6,1,0,1,0
C01998,United States,40,Male,Free,11/28/2025,38,2219.85,50.97,9,Home & Kitchen,Mobile,Credit Card,Organic Search,3,4.3,3,7,0,0
C01999,Mexico,47,Female,Free,2/9/2024,3,163,63.9,12,Electronics,Desktop,UPI / Digital Wallet,Organic Search,0,4.5,0,2,0,0
C02000,United Kingdom,36,Male,Silver,2/12/2026,31,758.41,24.8,42,Toys & Games,Mobile,Debit Card,Organic Search,10,4.6,0,7,1,0
C02001,Singapore,25,Male,Silver,11/17/2025,21,1257.28,56.99,36,Clothing & Apparel,Desktop,Credit Card,Paid Ad,1,4,1,6,1,0
C02002,Australia,42,Male,Platinum,7/15/2023,7,176.17,27,12,Home & Kitchen,Mobile,Debit Card,Direct,1,3.7,0,2,1,0
C02003,South Africa,18,Female,Free,2/15/2026,8,1199.36,170.39,106,Health & Wellness,Desktop,PayPal,Social Media,0,2.9,0,0,1,0
C02004,India,25,Female,Silver,12/6/2024,6,236.11,34.82,1,Travel & Luggage,Mobile,Credit Card,Referral,1,3.3,0,0,0,0
C02005,Germany,51,Male,Free,2/10/2024,7,340.95,42.87,101,Toys & Games,Desktop,Credit Card,Organic Search,2,3,0,5,1,0
C02006,United Kingdom,22,Male,Silver,3/27/2026,1,75.19,83.74,6,Clothing & Apparel,Desktop,PayPal,Organic Search,0,3.9,0,0,1,0
C02007,United Kingdom,48,Female,Free,8/3/2025,10,2061.73,192.86,47,Travel & Luggage,Desktop,Cryptocurrency,Organic Search,0,3.7,0,1,1,0
C02008,United States,35,Male,Silver,3/26/2026,8,1139.06,140.14,28,Clothing & Apparel,Mobile,Credit Card,Organic Search,1,4.6,0,0,1,0
C02009,Germany,32,Male,Free,11/17/2021,7,1003.09,159.49,34,Toys & Games,Mobile,Debit Card,Email Campaign,2,4,0,2,1,0
C02010,India,18,Male,Silver,8/13/2025,26,1042.49,36.22,89,Clothing & Apparel,Mobile,Bank Transfer,Paid Ad,1,3.7,0,4,0,0
C02011,South Africa,27,Male,Free,6/8/2024,20,817.41,36.03,154,Home & Kitchen,Mobile,Credit Card,Social Media,3,3.7,1,2,1,0
C02012,United States,29,Female,Free,6/8/2020,3,126.33,41.16,87,Sports & Outdoors,Tablet,PayPal,Social Media,0,4.3,0,8,0,0
C02013,Spain,18,Female,Free,7/15/2022,2,72.34,37.58,77,Books,Mobile,PayPal,Organic Search,0,4.3,0,1,1,1
C02014,United States,41,Female,Silver,9/17/2025,19,5163.86,247.88,38,Sports & Outdoors,Desktop,PayPal,Social Media,6,4.5,0,4,1,0
C02015,Spain,18,Male,Platinum,2/16/2025,8,2319.95,340.7,367,Health & Wellness,Desktop,PayPal,Email Campaign,0,4.1,0,1,0,1
C02016,Singapore,34,Female,Silver,9/14/2023,2,77.73,45.21,33,Toys & Games,Mobile,Debit Card,Organic Search,0,4.2,0,0,1,0
C02017,Spain,31,Male,Silver,4/12/2022,21,897.07,45.91,6,Clothing & Apparel,Desktop,UPI / Digital Wallet,Paid Ad,7,4.5,2,0,1,0
C02018,United States,48,Female,Silver,8/5/2025,20,1512.12,75.49,63,Electronics,Mobile,Credit Card,Paid Ad,3,4,2,7,0,0
C02019,Singapore,18,Female,Free,12/1/2025,1,38.05,35.56,32,Automotive,Desktop,UPI / Digital Wallet,Referral,0,4.5,0,0,1,0
C02020,United Kingdom,41,Female,Free,4/15/2024,65,6126.81,85.96,56,Electronics,Mobile,Credit Card,Organic Search,4,4.3,5,5,0,0
C02021,Brazil,18,Male,Free,7/21/2022,37,2752.6,65.96,105,Home & Kitchen,Mobile,Credit Card,Direct,2,4.7,1,0,1,0
C02022,United States,43,Female,Free,9/13/2025,37,2314.79,58.92,11,Electronics,Tablet,Credit Card,Paid Ad,11,4.5,3,1,0,0
C02023,United Kingdom,40,Female,Gold,4/25/2025,3,702.07,211.39,3,Electronics,Tablet,Credit Card,Organic Search,0,3.3,0,2,0,1
C02024,United States,50,Male,Free,1/23/2025,11,1551.19,144.11,111,Electronics,Tablet,Credit Card,Organic Search,3,3.7,1,0,1,0
C02025,United Kingdom,43,Female,Platinum,11/11/2024,3,780.9,302.34,94,Office Supplies,Mobile,Credit Card,Social Media,0,4.3,0,2,1,0
C02026,Spain,19,Male,Platinum,3/22/2026,6,847,139.76,71,Toys & Games,Mobile,PayPal,Referral,1,4.1,0,13,1,0
C02027,France,23,Female,Free,5/21/2024,9,806.75,78.3,148,Travel & Luggage,Desktop,PayPal,Email Campaign,1,4.3,0,9,0,0
C02028,United States,26,Male,Silver,11/10/2025,38,3135.18,95.96,9,Travel & Luggage,Mobile,Credit Card,Paid Ad,11,4.7,0,1,1,0
C02029,United States,41,Male,Free,3/22/2026,6,398.03,65.23,69,Office Supplies,Desktop,PayPal,Social Media,2,4.9,0,14,1,0
C02030,India,23,Male,Gold,11/6/2025,22,2428.23,113.69,148,Beauty & Personal Care,Desktop,Credit Card,Referral,7,4.9,2,28,1,0
C02031,Canada,36,Female,Gold,10/27/2023,7,78.8,12.23,46,Clothing & Apparel,Desktop,Buy Now Pay Later,Paid Ad,0,4.2,0,0,1,0
C02032,United States,21,Female,Free,7/7/2024,17,364.48,22.81,20,Food & Grocery,Tablet,UPI / Digital Wallet,Email Campaign,5,4.2,0,1,1,0
C02033,Germany,33,Female,Gold,7/18/2024,1,42.12,46.33,97,Automotive,Desktop,Credit Card,Social Media,0,4.9,0,3,1,0
C02034,Italy,35,Female,Silver,2/23/2017,33,3501.34,96.52,65,Electronics,Tablet,Credit Card,Paid Ad,10,4.3,2,1,0,0
C02035,Singapore,37,Female,Free,5/15/2023,17,3634.08,192.8,162,Office Supplies,Mobile,Cryptocurrency,Email Campaign,4,3.9,1,3,1,0
C02036,Mexico,37,Female,Free,1/28/2026,60,2684.15,51.65,3,Office Supplies,Tablet,PayPal,Organic Search,7,4.3,3,4,1,0
C02037,United Kingdom,49,Female,Free,8/24/2025,7,1362.01,169.5,53,Food & Grocery,Desktop,Credit Card,Email Campaign,1,4.5,0,14,1,0
C02038,France,22,Female,Silver,11/19/2019,22,493.37,25.9,57,Clothing & Apparel,Mobile,Credit Card,Social Media,3,4.4,2,3,0,0
C02039,United States,48,Female,Platinum,8/28/2021,15,1080.46,65.25,26,Home & Kitchen,Mobile,Debit Card,Direct,4,3.5,0,0,1,0
C02040,Germany,22,Male,Free,3/1/2026,18,4173.38,231.73,58,Home & Kitchen,Mobile,Debit Card,Organic Search,3,4.5,0,0,1,0
C02041,United States,19,Male,Free,9/11/2024,3,1148.88,367.17,0,Clothing & Apparel,Mobile,Credit Card,Social Media,0,4.2,0,2,0,0
C02042,United States,43,Male,Free,1/30/2026,5,549.47,114.08,104,Beauty & Personal Care,Mobile,Debit Card,Paid Ad,1,4.9,0,1,1,0
C02043,Germany,47,Male,Gold,8/10/2023,15,1694.84,105.4,6,Electronics,Mobile,Debit Card,Direct,3,4,0,10,0,0
C02044,United Kingdom,36,Male,Silver,11/19/2024,5,168.51,37.44,22,Electronics,Mobile,UPI / Digital Wallet,Social Media,0,3.9,0,15,1,0
C02045,Australia,24,Female,Free,3/9/2022,2,47.02,26.01,107,Clothing & Apparel,Mobile,Debit Card,Social Media,0,4.1,0,3,0,0
C02046,Canada,39,Female,Gold,7/8/2024,20,1538.64,71.79,70,Health & Wellness,Desktop,Bank Transfer,Direct,6,3.9,1,3,0,0
C02047,Germany,58,Female,Free,11/13/2024,6,788.65,116.28,38,Electronics,Mobile,Credit Card,Email Campaign,2,4,0,7,1,0
C02048,United Kingdom,51,Male,Free,9/4/2024,7,139.71,19.44,5,Food & Grocery,Mobile,Buy Now Pay Later,Direct,2,4.8,0,4,1,0
C02049,Poland,36,Female,Gold,11/11/2024,20,877.83,44.39,15,Food & Grocery,Mobile,PayPal,Direct,1,4.3,2,6,1,0
C02050,India,33,Other,Silver,5/24/2022,44,2095.24,41.64,170,Home & Kitchen,Mobile,UPI / Digital Wallet,Email Campaign,2,3.7,5,1,1,0
C02051,United States,26,Male,Free,4/13/2025,2,104.57,52.29,22,Food & Grocery,Mobile,Credit Card,Paid Ad,0,4.1,0,1,1,0
C02052,United States,36,Male,Gold,1/12/2025,5,389.42,77.09,173,Sports & Outdoors,Tablet,UPI / Digital Wallet,Organic Search,0,4.2,0,13,0,0
C02053,United States,18,Male,Free,12/17/2025,2,403.49,193.36,145,Home & Kitchen,Desktop,Credit Card,Organic Search,0,4.6,0,2,1,1
C02054,Canada,49,Male,Silver,8/31/2025,16,1383.18,77.59,83,Clothing & Apparel,Mobile,Credit Card,Email Campaign,4,3.1,0,3,0,0
C02055,Japan,35,Female,Free,2/21/2025,13,3534.59,278.37,3,Sports & Outdoors,Mobile,Debit Card,Paid Ad,0,4.9,1,2,1,0
C02056,Germany,28,Female,Silver,8/6/2025,20,722.79,35.24,106,Electronics,Desktop,Debit Card,Organic Search,1,3.9,0,8,1,0
C02057,United States,18,Female,Free,3/16/2024,16,2982.01,171.93,117,Home & Kitchen,Mobile,Credit Card,Paid Ad,3,4.3,0,3,0,0
C02058,United States,28,Female,Silver,1/21/2026,35,938.58,24.99,9,Books,Desktop,Credit Card,Direct,11,4.6,1,7,1,0
C02059,United States,33,Female,Silver,7/11/2024,3,657.81,190.79,3,Automotive,Desktop,Debit Card,Social Media,0,3.8,0,2,1,0
C02060,United Kingdom,37,Male,Platinum,12/6/2025,36,9514.31,232.1,15,Pet Supplies,Tablet,Debit Card,Paid Ad,1,4.1,3,7,1,0
C02061,India,44,Female,Free,5/1/2025,3,107.71,34.98,22,Home & Kitchen,Mobile,PayPal,Paid Ad,0,4,0,3,1,1
C02062,UAE,28,Female,Free,6/26/2022,7,370.53,51.1,31,Electronics,Desktop,Credit Card,Email Campaign,1,3.1,0,0,0,0
C02063,United States,34,Female,Free,5/28/2024,1,189.12,175.58,169,Beauty & Personal Care,Tablet,Credit Card,Organic Search,0,2.9,0,9,1,0
C02064,India,18,Female,Gold,1/22/2025,9,1763.53,184.44,54,Sports & Outdoors,Mobile,Credit Card,Paid Ad,2,3.9,1,1,0,0
C02065,Australia,44,Male,Free,6/8/2020,10,1406.21,145.39,59,Home & Kitchen,Desktop,Credit Card,Organic Search,3,4.5,0,7,0,0
C02066,Mexico,28,Female,Gold,2/17/2026,7,795.37,99.52,75,Travel & Luggage,Mobile,Bank Transfer,Organic Search,0,4.2,0,1,1,0
C02067,Brazil,46,Female,Free,5/26/2023,1,53.92,53.99,2,Food & Grocery,Desktop,PayPal,Social Media,0,3.1,0,5,0,0
C02068,United States,35,Male,Gold,6/11/2025,17,1504.33,97.92,172,Sports & Outdoors,Desktop,PayPal,Paid Ad,1,4.8,1,8,0,0
C02069,France,49,Female,Free,11/16/2025,7,490.9,64.79,20,Electronics,Tablet,Bank Transfer,Direct,1,4.5,1,7,0,0
C02070,Turkey,37,Male,Free,11/19/2023,17,2499.66,151.54,78,Electronics,Mobile,Debit Card,Paid Ad,6,3.7,1,10,0,0
C02071,Spain,58,Female,Free,3/23/2026,9,881.05,89.81,175,Electronics,Mobile,Credit Card,Email Campaign,1,3.2,0,0,1,0
C02072,Italy,41,Male,Gold,3/8/2024,10,2694.58,267.96,58,Sports & Outdoors,Mobile,Credit Card,Direct,1,4.7,0,18,1,0
C02073,United States,32,Female,Free,1/12/2025,9,1013.92,110.38,21,Sports & Outdoors,Mobile,PayPal,Social Media,1,4.5,0,14,1,0
C02074,United States,23,Female,Silver,9/19/2024,24,2150.29,81.57,67,Beauty & Personal Care,Desktop,Bank Transfer,Organic Search,4,4.3,0,2,1,0
C02075,United States,51,Male,Gold,3/6/2026,4,283.21,80.48,157,Books,Desktop,Credit Card,Email Campaign,1,4.2,0,2,0,0
C02076,Canada,33,Female,Gold,6/24/2025,4,535.51,154.42,23,Home & Kitchen,Desktop,UPI / Digital Wallet,Social Media,1,4.1,0,2,1,0
C02077,United Kingdom,43,Male,Silver,2/18/2026,17,590.82,36.7,9,Clothing & Apparel,Mobile,Credit Card,Direct,3,4.2,2,0,1,0
C02078,Germany,38,Male,Free,8/14/2022,11,1169.89,114.7,166,Beauty & Personal Care,Tablet,UPI / Digital Wallet,Social Media,0,4.2,0,5,0,0
C02079,United States,18,Female,Free,12/20/2024,20,1751.59,85.92,125,Beauty & Personal Care,Desktop,Credit Card,Email Campaign,3,4.4,0,3,1,0
C02080,Brazil,32,Male,Free,10/10/2025,9,662.5,75.69,88,Clothing & Apparel,Desktop,Buy Now Pay Later,Social Media,0,3.6,0,3,1,0
C02081,Netherlands,25,Male,Free,7/3/2020,17,1778.98,100.71,105,Clothing & Apparel,Mobile,Buy Now Pay Later,Social Media,2,4.2,0,0,0,0
C02082,Germany,36,Male,Free,5/11/2024,3,132.93,45.22,53,Clothing & Apparel,Desktop,PayPal,Organic Search,1,2.8,0,3,1,0
C02083,United States,40,Male,Free,2/14/2026,20,818.49,48.03,35,Books,Desktop,Credit Card,Email Campaign,1,4.3,2,11,1,0
C02084,United States,42,Female,Silver,2/25/2023,11,1452.38,131.98,6,Home & Kitchen,Mobile,Credit Card,Social Media,1,4.7,0,2,0,0
C02085,France,23,Male,Free,10/31/2025,8,577.68,83.88,90,Home & Kitchen,Mobile,Debit Card,Organic Search,2,4.8,0,5,1,0
C02086,United States,47,Female,Silver,5/17/2023,3,81.74,26.5,20,Travel & Luggage,Mobile,Debit Card,Direct,0,4,0,6,1,0
C02087,United Kingdom,23,Female,Free,6/7/2025,24,1228.88,57.58,1,Toys & Games,Mobile,Credit Card,Social Media,2,2.4,3,2,1,0
C02088,United States,23,Male,Free,2/18/2026,29,695.73,25.98,42,Electronics,Mobile,Cryptocurrency,Email Campaign,8,4,4,2,0,0
C02089,France,27,Male,Free,8/17/2025,25,3217.2,135.16,100,Electronics,Mobile,Credit Card,Social Media,7,4.3,0,5,1,0
C02090,United States,37,Female,Platinum,2/4/2026,13,2802.49,253.25,19,Health & Wellness,Desktop,Debit Card,Organic Search,1,3.3,0,1,1,0
C02091,France,49,Male,Silver,2/19/2022,2,143.08,71.73,115,Toys & Games,Mobile,Credit Card,Email Campaign,0,3.9,0,0,0,0
C02092,South Korea,40,Female,Free,4/20/2025,16,1191.45,83.96,21,Electronics,Mobile,Debit Card,Social Media,2,3.8,0,1,0,0
C02093,United Kingdom,30,Female,Platinum,12/8/2025,23,4087.58,164.32,15,Books,Mobile,Credit Card,Social Media,6,4.1,1,10,1,0
C02094,Canada,55,Male,Free,12/31/2021,29,2509.77,99.67,97,Health & Wellness,Mobile,Credit Card,Paid Ad,7,3.6,0,3,1,0
C02095,South Africa,52,Other,Free,11/16/2025,25,3932.92,141.12,26,Toys & Games,Desktop,UPI / Digital Wallet,Organic Search,3,4.2,3,9,1,0
C02096,United States,37,Male,Free,8/21/2023,50,4389.56,88.47,17,Jewelry & Accessories,Mobile,Credit Card,Email Campaign,6,4.2,5,0,0,0
C02097,Germany,25,Female,Silver,9/24/2025,7,283.53,36.65,68,Sports & Outdoors,Mobile,PayPal,Organic Search,0,4.7,0,1,0,0
C02098,United Kingdom,38,Male,Free,9/22/2022,14,481.95,34.22,89,Food & Grocery,Desktop,Credit Card,Email Campaign,4,4.2,0,5,1,0
C02099,Canada,45,Male,Free,9/6/2021,1,25.73,26.38,313,Food & Grocery,Mobile,Credit Card,Referral,0,4.6,0,7,1,1
C02100,United States,52,Male,Free,9/9/2024,29,4962.86,154.09,4,Home & Kitchen,Desktop,Buy Now Pay Later,Organic Search,7,4.5,2,1,1,0
C02101,Brazil,37,Other,Gold,9/2/2024,28,6167.57,217.32,29,Books,Mobile,Credit Card,Organic Search,7,4.7,0,0,0,0
C02102,Brazil,25,Male,Gold,10/4/2024,17,825.97,45.8,149,Electronics,Desktop,PayPal,Email Campaign,3,4.1,2,15,1,0
C02103,Brazil,33,Female,Gold,6/25/2022,29,4542.88,154.79,1,Electronics,Desktop,Debit Card,Social Media,7,3.6,2,5,1,0
C02104,United Kingdom,27,Female,Silver,12/13/2023,10,515.22,48.37,171,Jewelry & Accessories,Desktop,Credit Card,Direct,0,3.9,1,1,1,0
C02105,India,22,Male,Platinum,11/15/2024,1,105.69,108.65,30,Jewelry & Accessories,Mobile,Credit Card,Referral,0,4.8,0,2,1,0
C02106,Italy,39,Female,Free,8/16/2025,12,1212.23,117.51,53,Clothing & Apparel,Desktop,PayPal,Email Campaign,2,4.9,0,8,1,0
C02107,India,18,Female,Free,7/12/2025,2,203.38,101.57,225,Electronics,Mobile,Credit Card,Social Media,0,3.7,0,14,0,1
C02108,United Kingdom,41,Female,Free,11/6/2022,1,126.73,121.98,11,Beauty & Personal Care,Mobile,Credit Card,Social Media,0,4.2,0,4,1,0
C02109,Singapore,20,Male,Free,1/6/2025,55,3489.89,56.97,155,Electronics,Tablet,PayPal,Paid Ad,13,3.6,5,8,1,0
C02110,Japan,65,Male,Gold,8/19/2025,16,561.88,34.96,31,Books,Desktop,Debit Card,Organic Search,3,4.3,2,3,1,0
C02111,Brazil,49,Female,Free,10/18/2025,7,641.07,91.08,41,Beauty & Personal Care,Mobile,Debit Card,Paid Ad,2,4.7,0,3,0,0
C02112,France,45,Female,Gold,1/3/2026,2,160.3,73.18,453,Sports & Outdoors,Tablet,Credit Card,Social Media,0,4.6,0,0,0,1
C02113,Germany,54,Male,Free,5/18/2025,30,11166.65,400.35,15,Pet Supplies,Mobile,Debit Card,Direct,5,4.5,1,4,0,0
C02114,United States,40,Male,Gold,7/14/2022,15,7558.02,501.3,29,Pet Supplies,Tablet,Cryptocurrency,Social Media,3,3.2,0,3,0,0
C02115,United States,26,Female,Free,6/9/2023,5,349,71.54,107,Toys & Games,Mobile,Credit Card,Email Campaign,0,4,0,3,1,0
C02116,Poland,48,Male,Silver,5/3/2024,3,151.64,58.78,16,Electronics,Tablet,Debit Card,Social Media,0,3.6,0,1,1,0
C02117,Brazil,31,Female,Free,3/13/2024,9,424.7,44.81,16,Clothing & Apparel,Desktop,PayPal,Organic Search,2,4.9,0,0,0,0
C02118,United States,26,Female,Free,10/8/2025,21,1087.73,46.08,41,Clothing & Apparel,Tablet,Debit Card,Organic Search,2,4.5,2,14,1,0
C02119,South Korea,38,Male,Free,3/12/2026,8,551.63,64.74,3,Clothing & Apparel,Desktop,UPI / Digital Wallet,Social Media,0,3.9,0,0,1,1
C02120,United States,32,Male,Free,7/18/2025,11,538.56,47.24,0,Beauty & Personal Care,Mobile,Debit Card,Social Media,1,4.6,1,6,0,0
C02121,Japan,18,Male,Free,5/3/2025,13,1049.48,79.23,107,Beauty & Personal Care,Desktop,Credit Card,Referral,3,4.2,1,5,1,0
C02122,United States,18,Female,Free,11/18/2024,7,662.69,100.26,81,Electronics,Mobile,Credit Card,Organic Search,2,4.2,0,8,0,0
C02123,Canada,19,Male,Silver,1/25/2025,24,1387.31,51.02,127,Automotive,Mobile,Credit Card,Organic Search,4,3.8,3,2,1,0
C02124,Germany,32,Male,Silver,12/14/2022,2,124.06,54.15,115,Sports & Outdoors,Mobile,Debit Card,Direct,0,4.2,0,2,1,0
C02125,United States,21,Female,Silver,5/24/2024,11,2572.88,270.08,8,Home & Kitchen,Mobile,Credit Card,Direct,1,3.8,1,0,1,0
C02126,India,39,Female,Free,10/16/2020,26,1039.23,44.98,180,Home & Kitchen,Mobile,Debit Card,Direct,3,4,3,0,0,0
C02127,United States,41,Male,Silver,1/16/2023,51,6020.25,109.88,7,Automotive,Mobile,Debit Card,Social Media,9,4.4,4,1,0,0
C02128,Mexico,36,Female,Gold,10/3/2025,1,48.23,50,68,Travel & Luggage,Mobile,Debit Card,Social Media,0,4.6,0,5,1,0
C02129,United States,24,Female,Free,1/14/2025,17,1389.78,95.38,64,Clothing & Apparel,Mobile,Credit Card,Direct,4,2.6,1,0,1,0
C02130,Australia,48,Female,Platinum,4/26/2024,11,2157.2,186.61,72,Clothing & Apparel,Mobile,Credit Card,Organic Search,2,4.8,1,3,0,0
C02131,France,26,Male,Free,4/14/2025,15,461.74,28.28,95,Food & Grocery,Desktop,Credit Card,Social Media,1,2.9,0,8,0,0
C02132,United Kingdom,20,Female,Free,4/15/2024,73,5232.79,70.41,30,Electronics,Desktop,Credit Card,Paid Ad,20,3.9,2,1,1,0
C02133,Germany,18,Male,Silver,10/6/2024,14,2781.46,177.81,176,Home & Kitchen,Tablet,PayPal,Referral,2,4.8,1,1,0,0
C02134,United Kingdom,30,Male,Gold,12/23/2025,12,629.11,47.47,344,Office Supplies,Mobile,Debit Card,Social Media,3,2.4,0,0,1,0
C02135,France,51,Male,Free,8/25/2024,3,155.11,45.52,47,Health & Wellness,Mobile,Debit Card,Organic Search,0,3.7,0,8,1,0
C02136,Mexico,31,Male,Gold,3/18/2026,14,1722.77,108.66,46,Books,Mobile,Debit Card,Email Campaign,2,3.8,0,7,1,0
C02137,UAE,47,Female,Free,4/3/2025,14,942.87,75.05,9,Clothing & Apparel,Mobile,Credit Card,Organic Search,2,4.6,1,0,1,0
C02138,Netherlands,33,Male,Free,2/20/2025,13,1540.09,136.16,23,Home & Kitchen,Desktop,Credit Card,Email Campaign,2,4.8,1,4,1,0
C02139,United States,37,Male,Silver,9/15/2025,10,712.75,80.31,27,Travel & Luggage,Mobile,Debit Card,Social Media,3,4.4,0,7,0,0
C02140,Brazil,42,Male,Gold,7/16/2024,70,5388.14,77.99,73,Toys & Games,Tablet,Credit Card,Direct,24,4.4,6,7,1,0
C02141,Brazil,22,Male,Free,2/7/2020,10,817.58,87.58,67,Books,Desktop,Credit Card,Social Media,1,4.7,1,11,1,0
C02142,United States,34,Female,Gold,9/15/2025,20,2057.21,93.19,36,Beauty & Personal Care,Mobile,UPI / Digital Wallet,Paid Ad,1,4.6,0,5,1,0
C02143,Turkey,18,Female,Free,9/18/2025,18,1384.25,70.88,136,Home & Kitchen,Mobile,PayPal,Paid Ad,5,4.4,0,12,0,0
C02144,Germany,39,Male,Free,7/20/2025,24,248.05,9.45,33,Electronics,Mobile,UPI / Digital Wallet,Email Campaign,3,4.4,0,5,1,0
C02145,Sweden,38,Female,Free,12/27/2024,12,297.13,27.66,9,Home & Kitchen,Desktop,UPI / Digital Wallet,Organic Search,3,4.3,1,5,1,0
C02146,United States,30,Female,Silver,11/18/2024,6,244.75,35.85,80,Pet Supplies,Mobile,Credit Card,Organic Search,1,3.7,0,2,1,0
C02147,France,18,Male,Free,4/20/2025,8,1514.47,202.25,8,Beauty & Personal Care,Mobile,PayPal,Organic Search,2,4,0,9,1,0
C02148,United States,45,Male,Silver,10/21/2017,22,1765.5,72.2,261,Books,Mobile,Buy Now Pay Later,Paid Ad,3,3.8,1,3,0,1
C02149,Japan,18,Male,Gold,5/23/2022,2,198.59,99.42,12,Toys & Games,Mobile,PayPal,Direct,0,3.6,0,3,1,0
C02150,South Korea,35,Female,Platinum,9/12/2023,53,9344.82,205.25,56,Travel & Luggage,Mobile,Credit Card,Paid Ad,13,4.3,4,0,0,0
C02151,Australia,52,Female,Free,4/25/2024,7,507.1,79.43,20,Clothing & Apparel,Mobile,Debit Card,Organic Search,0,3.7,0,9,0,0
C02152,United States,27,Female,Free,11/3/2025,1,80.96,82.81,267,Jewelry & Accessories,Mobile,Bank Transfer,Organic Search,0,4.1,0,4,0,0
C02153,Sweden,34,Male,Free,4/22/2024,36,4378.54,111.72,0,Beauty & Personal Care,Tablet,Credit Card,Direct,2,4,2,0,1,0
C02154,France,57,Male,Free,2/12/2026,12,997.5,86.4,12,Home & Kitchen,Mobile,PayPal,Organic Search,4,4,0,2,0,0
C02155,Mexico,29,Male,Free,11/19/2025,16,1349.31,76.65,123,Pet Supplies,Mobile,Debit Card,Organic Search,5,4.7,1,1,1,0
C02156,India,47,Male,Platinum,10/24/2020,10,1397.92,123.95,12,Health & Wellness,Mobile,Credit Card,Social Media,2,3.7,0,0,1,0
C02157,Canada,27,Male,Free,7/6/2025,4,369.3,90.38,188,Home & Kitchen,Mobile,Credit Card,Organic Search,0,4.3,0,3,1,1
C02158,Canada,36,Female,Silver,1/10/2022,2,193.22,97.69,42,Electronics,Desktop,Debit Card,Paid Ad,0,3.4,0,3,1,0
C02159,India,42,Male,Free,6/5/2025,22,1877.18,80.36,88,Pet Supplies,Tablet,Credit Card,Email Campaign,1,3.6,3,1,1,0
C02160,India,43,Male,Platinum,10/13/2025,2,271.95,127.69,21,Electronics,Desktop,Credit Card,Email Campaign,0,4.6,0,1,0,0
C02161,United Kingdom,28,Male,Platinum,10/6/2023,7,298.77,42.11,3,Books,Desktop,Credit Card,Organic Search,1,4.8,0,1,0,0
C02162,United States,20,Female,Free,1/12/2026,28,1676,52.76,141,Jewelry & Accessories,Mobile,Bank Transfer,Social Media,2,3.7,2,5,1,0
C02163,Canada,18,Male,Silver,12/27/2017,25,1372.15,62.43,10,Clothing & Apparel,Mobile,Buy Now Pay Later,Organic Search,5,4.4,2,1,1,0
C02164,Germany,23,Other,Free,5/6/2025,3,119.11,45.74,185,Electronics,Mobile,Debit Card,Social Media,1,4.4,0,5,1,1
C02165,France,18,Male,Free,1/16/2026,15,634.26,38.41,2,Clothing & Apparel,Mobile,Debit Card,Direct,4,4.9,1,2,0,0
C02166,United Kingdom,24,Male,Free,10/29/2023,29,1136.11,45.08,71,Electronics,Mobile,Credit Card,Social Media,1,4.5,1,3,0,0
C02167,United States,42,Male,Silver,9/15/2025,8,561.39,64.51,63,Electronics,Tablet,Credit Card,Email Campaign,0,4.6,0,1,1,0
C02168,France,32,Male,Gold,4/7/2023,11,2468.17,216.95,35,Health & Wellness,Tablet,Credit Card,Referral,2,4.4,0,2,1,0
C02169,Japan,34,Female,Silver,9/26/2024,3,241.97,83.83,0,Electronics,Tablet,Cryptocurrency,Email Campaign,1,4.8,0,3,1,0
C02170,South Korea,60,Female,Free,10/2/2024,17,755.87,39.79,0,Books,Desktop,Buy Now Pay Later,Social Media,6,3.7,1,26,1,0
C02171,Netherlands,65,Female,Silver,9/21/2025,21,1117.14,60.09,12,Clothing & Apparel,Mobile,Credit Card,Organic Search,7,4.6,2,14,1,0
C02172,Netherlands,45,Male,Free,12/8/2025,14,672.02,42.33,37,Beauty & Personal Care,Mobile,Debit Card,Email Campaign,3,3.8,1,2,0,0
C02173,United States,41,Male,Free,10/25/2024,6,519.97,96.03,77,Food & Grocery,Mobile,Credit Card,Organic Search,2,4.4,0,0,1,0
C02174,Canada,42,Female,Platinum,1/23/2024,25,3927.78,147.35,21,Pet Supplies,Mobile,Cryptocurrency,Organic Search,7,4.3,2,0,1,0
C02175,Canada,37,Female,Free,1/10/2023,54,3190.62,58.57,6,Clothing & Apparel,Desktop,Debit Card,Social Media,20,3.9,5,27,1,0
C02176,India,58,Female,Gold,3/7/2024,23,2760.23,107.56,77,Clothing & Apparel,Mobile,Credit Card,Organic Search,7,3.6,0,3,0,0
C02177,United Kingdom,27,Female,Free,6/28/2025,7,411.33,53.62,50,Electronics,Mobile,Debit Card,Organic Search,2,4.8,0,5,1,0
C02178,France,41,Female,Silver,9/16/2025,15,1209.34,80.88,87,Toys & Games,Desktop,PayPal,Social Media,3,4.7,0,12,1,0
C02179,Mexico,18,Male,Free,9/11/2022,36,1714.71,54.29,147,Electronics,Tablet,Credit Card,Organic Search,2,3.6,3,0,0,0
C02180,United States,37,Male,Platinum,7/4/2025,5,258.98,46.1,2,Sports & Outdoors,Desktop,PayPal,Direct,1,4.7,0,2,0,0
C02181,Germany,19,Female,Free,12/30/2024,13,1341.33,110.65,18,Electronics,Mobile,Debit Card,Organic Search,2,4.1,0,0,1,0
C02182,India,18,Male,Free,4/6/2025,19,885.55,51.94,86,Clothing & Apparel,Tablet,Credit Card,Social Media,0,4.1,2,0,0,0
C02183,Australia,47,Female,Gold,2/12/2026,10,1826.03,167.4,0,Sports & Outdoors,Desktop,Debit Card,Organic Search,2,4.2,1,1,0,0
C02184,United Kingdom,28,Male,Free,8/11/2025,4,380.69,88.02,41,Electronics,Mobile,Debit Card,Direct,0,4.2,0,1,1,0
C02185,Brazil,25,Female,Platinum,7/23/2022,10,161,14.18,47,Home & Kitchen,Mobile,Debit Card,Paid Ad,0,4.5,0,11,1,0
C02186,United States,21,Male,Free,1/17/2026,11,1719.57,163.45,41,Health & Wellness,Tablet,Credit Card,Social Media,0,4.6,0,1,1,0
C02187,France,39,Female,Free,2/7/2025,10,923.38,104.93,14,Electronics,Desktop,Credit Card,Paid Ad,1,4.1,1,2,1,1
C02188,France,18,Female,Silver,3/18/2024,4,246.55,61.3,43,Health & Wellness,Mobile,Credit Card,Social Media,1,4.5,0,13,1,0
C02189,United States,18,Male,Silver,10/14/2024,24,557.28,22.81,3,Clothing & Apparel,Desktop,Debit Card,Organic Search,2,3,2,5,0,0
C02190,India,36,Male,Gold,12/22/2025,1,60.91,64.36,114,Home & Kitchen,Mobile,Credit Card,Email Campaign,0,4.6,0,1,0,0
C02191,United States,23,Male,Gold,3/27/2025,5,1125.84,213.18,118,Jewelry & Accessories,Mobile,Debit Card,Organic Search,1,2.7,0,2,1,0
C02192,United Kingdom,18,Female,Gold,8/1/2025,28,9062.25,325.44,41,Food & Grocery,Desktop,PayPal,Social Media,7,4.8,1,0,1,0
C02193,Canada,38,Female,Free,3/19/2024,5,1518.37,292.68,84,Electronics,Mobile,Debit Card,Direct,0,3.6,0,0,1,0
C02194,United States,37,Male,Silver,8/15/2023,4,578.58,139.3,45,Pet Supplies,Mobile,Bank Transfer,Organic Search,1,4.1,0,0,0,0
C02195,United States,72,Female,Free,8/16/2025,6,580.06,93.76,86,Toys & Games,Tablet,PayPal,Direct,1,3,0,0,0,0
C02196,Canada,38,Male,Gold,3/26/2019,55,4919.37,93.51,216,Jewelry & Accessories,Mobile,Debit Card,Paid Ad,20,4.1,0,7,1,1
C02197,United States,63,Male,Gold,9/5/2023,18,961.45,47.87,8,Clothing & Apparel,Mobile,Credit Card,Organic Search,6,3.3,0,17,1,0
C02198,Brazil,44,Female,Free,4/28/2025,9,273.86,26.53,29,Sports & Outdoors,Mobile,PayPal,Social Media,2,4.5,0,7,0,0
C02199,United States,18,Male,Free,3/17/2026,1,112.54,98.6,12,Electronics,Desktop,Bank Transfer,Organic Search,0,3.6,0,2,0,0
C02200,Canada,38,Male,Gold,9/27/2025,29,2063.1,63.49,39,Clothing & Apparel,Tablet,Credit Card,Organic Search,10,3.8,1,1,1,0
C02201,United Kingdom,24,Male,Free,7/9/2025,12,838.93,66.12,33,Food & Grocery,Mobile,PayPal,Email Campaign,1,3.6,0,13,0,0
C02202,United Kingdom,54,Male,Free,12/27/2023,24,1195.25,44.05,5,Pet Supplies,Mobile,PayPal,Referral,2,4.6,0,3,1,0
C02203,United Kingdom,45,Female,Free,7/16/2021,29,2000.9,63.33,92,Beauty & Personal Care,Desktop,Cryptocurrency,Organic Search,9,4.9,2,12,0,0
C02204,France,25,Female,Free,8/18/2025,4,523.03,139.66,75,Sports & Outdoors,Mobile,Credit Card,Paid Ad,1,4.2,0,1,0,0
C02205,India,34,Female,Free,8/29/2025,19,3715.65,218.34,28,Beauty & Personal Care,Mobile,Debit Card,Email Campaign,2,3.7,1,6,0,0
C02206,Turkey,35,Male,Platinum,10/18/2025,3,498.77,161.33,128,Automotive,Mobile,Debit Card,Direct,0,4.7,0,5,1,0
C02207,India,42,Male,Free,2/18/2026,6,305.81,54.07,41,Electronics,Desktop,Credit Card,Paid Ad,0,3.4,0,0,0,0
C02208,Japan,35,Female,Free,11/29/2025,15,1334.85,103.61,259,Toys & Games,Mobile,Debit Card,Organic Search,4,3.8,1,13,1,0
C02209,India,36,Female,Silver,3/31/2025,43,9957.19,203.8,8,Toys & Games,Mobile,UPI / Digital Wallet,Organic Search,10,4.1,6,6,1,0
C02210,United States,51,Male,Silver,10/22/2025,13,1884.98,161.16,71,Office Supplies,Mobile,Debit Card,Referral,3,2.8,1,2,1,0
C02211,France,20,Female,Silver,4/24/2025,6,107.91,19.89,70,Travel & Luggage,Mobile,Debit Card,Social Media,1,3,0,7,1,0
C02212,United States,35,Female,Free,8/13/2024,27,3424.72,115.18,15,Home & Kitchen,Mobile,PayPal,Email Campaign,5,4.6,1,0,0,1
C02213,United States,34,Male,Free,2/24/2023,77,4259.16,58.68,1,Electronics,Mobile,PayPal,Email Campaign,27,4.6,10,6,1,0
C02214,United States,37,Female,Free,3/19/2024,5,177.19,33.91,176,Sports & Outdoors,Tablet,Credit Card,Social Media,0,4.7,0,2,1,1
C02215,South Africa,26,Female,Gold,9/9/2022,6,2037.56,315.97,161,Books,Mobile,Credit Card,Email Campaign,1,4.8,0,6,0,0
C02216,Netherlands,29,Female,Free,12/12/2023,11,2795.35,296.99,163,Books,Mobile,Credit Card,Email Campaign,1,4,1,2,0,0
C02217,United States,46,Female,Free,11/1/2023,25,1180.12,52.52,12,Electronics,Mobile,Debit Card,Email Campaign,8,4.7,0,2,0,0
C02218,Australia,30,Male,Free,1/25/2026,3,407.76,124.25,8,Pet Supplies,Mobile,Credit Card,Email Campaign,0,3.7,0,7,0,0
C02219,United States,34,Female,Silver,2/1/2026,5,312.88,56.73,11,Electronics,Mobile,Debit Card,Paid Ad,1,4.7,0,6,0,0
C02220,South Korea,46,Female,Silver,12/3/2025,10,595.57,59.22,49,Electronics,Tablet,Bank Transfer,Direct,2,3.8,0,7,0,0
C02221,India,26,Female,Silver,12/24/2024,25,3077.47,125.89,37,Home & Kitchen,Mobile,Credit Card,Email Campaign,2,4.8,0,10,1,0
C02222,United States,46,Male,Platinum,3/12/2025,6,413.75,79.94,170,Office Supplies,Mobile,PayPal,Direct,1,4.2,0,5,0,0
C02223,India,43,Male,Free,8/16/2021,2,146.42,66.23,49,Food & Grocery,Desktop,Credit Card,Organic Search,0,4.9,0,1,1,0
C02224,United States,36,Female,Platinum,4/21/2025,4,207.06,55.51,5,Clothing & Apparel,Tablet,UPI / Digital Wallet,Email Campaign,0,4.2,0,0,0,0
C02225,United States,45,Male,Free,6/25/2022,13,696.21,47.52,50,Electronics,Mobile,Credit Card,Email Campaign,4,4.9,1,0,1,1
C02226,Mexico,32,Female,Free,1/13/2025,21,1641.52,79.47,68,Home & Kitchen,Desktop,Credit Card,Email Campaign,1,3.3,1,0,0,0
C02227,United States,33,Male,Silver,11/24/2025,7,1056.77,150.97,26,Beauty & Personal Care,Mobile,Credit Card,Social Media,2,3.4,1,9,1,0
C02228,United States,34,Female,Silver,10/13/2025,9,205.52,20.63,53,Jewelry & Accessories,Tablet,Credit Card,Direct,1,3.9,0,2,1,0
C02229,United States,42,Male,Free,11/11/2024,4,136.41,31.72,24,Clothing & Apparel,Mobile,PayPal,Paid Ad,1,3.1,0,2,1,0
C02230,United States,42,Male,Gold,11/13/2019,14,723.95,50.9,43,Office Supplies,Desktop,Credit Card,Email Campaign,1,4.1,1,2,1,0
C02231,Canada,25,Female,Free,3/28/2024,10,643.24,72.51,9,Electronics,Desktop,PayPal,Organic Search,3,3.7,0,2,1,0
C02232,Canada,45,Male,Free,8/16/2023,3,548.41,177.17,18,Clothing & Apparel,Desktop,Credit Card,Direct,0,4.6,0,5,0,0
C02233,Australia,26,Male,Gold,4/29/2018,67,19756.94,300.14,30,Home & Kitchen,Desktop,UPI / Digital Wallet,Social Media,14,3.9,3,6,1,0
C02234,United States,43,Male,Gold,12/27/2022,29,3779.64,116.03,11,Home & Kitchen,Mobile,Credit Card,Social Media,4,4,1,2,0,0
C02235,France,37,Female,Silver,7/23/2022,3,469.46,143.55,90,Books,Desktop,Debit Card,Organic Search,0,4.5,0,4,1,0
C02236,United Kingdom,18,Female,Free,3/28/2026,14,2648.97,209.72,156,Clothing & Apparel,Tablet,Credit Card,Email Campaign,2,4.1,2,11,0,0
C02237,Germany,18,Male,Free,10/13/2024,7,860.24,127.98,114,Electronics,Mobile,Credit Card,Email Campaign,1,4.1,0,4,1,1
C02238,Turkey,51,Male,Free,8/8/2023,12,1221.57,89.52,21,Clothing & Apparel,Desktop,Debit Card,Email Campaign,2,4.6,0,3,0,0
C02239,South Korea,47,Male,Free,8/21/2023,64,4249.59,69.95,41,Food & Grocery,Mobile,PayPal,Organic Search,12,4.8,1,2,1,0
C02240,Australia,26,Female,Free,11/23/2025,3,276.67,104.56,63,Electronics,Mobile,Credit Card,Social Media,1,4.7,0,4,1,0
C02241,United States,30,Male,Free,11/24/2025,4,374.09,100.33,0,Food & Grocery,Tablet,UPI / Digital Wallet,Social Media,1,3.5,0,10,1,0
C02242,Brazil,48,Female,Free,11/15/2024,9,630.29,63.88,179,Electronics,Desktop,Credit Card,Direct,2,2.9,0,7,1,0
C02243,South Africa,58,Male,Free,4/26/2023,11,639.69,61.01,12,Beauty & Personal Care,Mobile,Credit Card,Organic Search,3,4.2,1,1,1,0
C02244,France,31,Male,Silver,4/1/2026,3,80.73,28.54,92,Health & Wellness,Tablet,UPI / Digital Wallet,Organic Search,0,4,0,2,1,0
C02245,India,60,Male,Gold,2/23/2026,11,1462.25,134.87,8,Electronics,Tablet,Buy Now Pay Later,Organic Search,1,4.5,1,1,1,0
C02246,Germany,18,Male,Free,11/12/2024,4,481.55,126.22,107,Electronics,Mobile,Debit Card,Organic Search,0,4.1,0,3,0,0
C02247,United States,30,Male,Free,12/28/2024,6,646.64,113.13,101,Health & Wellness,Desktop,UPI / Digital Wallet,Organic Search,0,4.6,0,9,0,0
C02248,United Kingdom,33,Male,Free,6/17/2024,14,130.75,9.24,53,Office Supplies,Mobile,Debit Card,Organic Search,1,2.8,1,5,1,0
C02249,India,44,Male,Gold,4/26/2025,5,191.72,34.92,102,Home & Kitchen,Mobile,PayPal,Email Campaign,1,3.8,0,6,0,0
C02250,United States,43,Female,Free,4/15/2025,11,809.93,64.06,31,Travel & Luggage,Mobile,Cryptocurrency,Direct,2,4.2,1,1,0,0
C02251,United States,31,Male,Gold,6/23/2025,36,3386.62,109.35,113,Toys & Games,Desktop,Bank Transfer,Organic Search,3,3.9,1,6,0,0
C02252,United Kingdom,30,Female,Free,5/24/2024,8,1383.88,168.94,175,Books,Mobile,Bank Transfer,Email Campaign,1,3.9,0,2,1,0
C02253,Italy,58,Female,Free,1/6/2025,56,2389.84,41.95,55,Toys & Games,Mobile,Credit Card,Direct,5,3.5,1,1,0,0
C02254,Australia,25,Female,Free,6/11/2025,35,3416.27,86.99,92,Beauty & Personal Care,Desktop,UPI / Digital Wallet,Email Campaign,12,4.4,3,22,1,0
C02255,Poland,30,Female,Free,2/5/2025,2,60.3,29.89,50,Clothing & Apparel,Mobile,Debit Card,Organic Search,0,3.9,0,2,0,0
C02256,Australia,18,Male,Gold,9/15/2024,36,6471.12,166.4,20,Electronics,Desktop,Debit Card,Social Media,9,4.4,1,1,0,0
C02257,United States,27,Male,Platinum,8/6/2025,22,3861.55,158.96,1,Electronics,Mobile,Credit Card,Direct,8,4.2,1,0,0,0
C02258,United States,46,Male,Free,11/7/2025,8,738.41,82.2,36,Home & Kitchen,Mobile,PayPal,Direct,0,3.7,0,1,1,0
C02259,Mexico,52,Female,Gold,8/15/2025,40,5649.3,135.89,99,Clothing & Apparel,Mobile,Credit Card,Direct,3,3.9,4,9,1,0
C02260,United States,36,Male,Gold,6/3/2024,32,1887.18,55.68,93,Sports & Outdoors,Mobile,Credit Card,Email Campaign,7,2.9,3,3,1,0
C02261,Netherlands,19,Male,Gold,2/18/2026,3,763.98,229.09,55,Clothing & Apparel,Desktop,Bank Transfer,Organic Search,0,3.4,0,1,1,0
C02262,Singapore,28,Male,Free,9/30/2025,6,697.62,129.95,54,Pet Supplies,Mobile,Buy Now Pay Later,Organic Search,1,3.9,0,3,0,0
C02263,United Kingdom,30,Female,Silver,10/13/2025,32,1205.51,41.97,24,Beauty & Personal Care,Mobile,Credit Card,Email Campaign,1,4.5,2,4,1,0
C02264,South Korea,36,Female,Silver,7/14/2020,6,459.51,70.12,91,Electronics,Mobile,Credit Card,Social Media,2,4,0,4,1,0
C02265,France,54,Female,Gold,11/29/2024,6,788.16,114.99,200,Beauty & Personal Care,Desktop,Debit Card,Organic Search,1,3.8,0,2,0,1
C02266,Poland,20,Male,Free,1/3/2024,5,487.03,111.42,25,Toys & Games,Desktop,Debit Card,Direct,1,4,0,7,1,0
C02267,Brazil,30,Female,Free,2/6/2026,34,2470.68,63.43,29,Home & Kitchen,Mobile,UPI / Digital Wallet,Referral,8,4.4,4,20,1,0
C02268,United States,50,Female,Platinum,5/27/2024,5,1556.83,313.75,93,Clothing & Apparel,Desktop,Credit Card,Email Campaign,1,2.9,0,1,1,0
C02269,India,47,Female,Free,4/3/2025,2,316.31,141.43,40,Clothing & Apparel,Desktop,Debit Card,Paid Ad,0,4.4,0,13,1,0
C02270,South Korea,26,Female,Free,7/3/2024,8,1067.12,122.53,13,Books,Desktop,Credit Card,Organic Search,1,3.9,0,0,1,0
C02271,Australia,38,Female,Free,4/19/2023,40,1464.89,35.43,61,Pet Supplies,Mobile,Credit Card,Organic Search,5,4.4,3,14,0,0
C02272,Australia,38,Male,Silver,11/14/2024,30,1802.14,53.99,48,Electronics,Mobile,Credit Card,Referral,9,4,1,3,1,0
C02273,France,30,Male,Free,6/18/2024,2,89.77,43.76,44,Automotive,Mobile,Debit Card,Organic Search,0,2.9,0,12,1,1
C02274,United States,25,Female,Silver,1/21/2021,2,94.83,48.45,32,Home & Kitchen,Desktop,Credit Card,Paid Ad,0,4,0,2,1,1
C02275,United Kingdom,55,Female,Free,11/7/2025,14,2607.42,189.56,15,Clothing & Apparel,Mobile,Debit Card,Social Media,1,2.9,0,0,1,0
C02276,United States,27,Male,Free,8/7/2023,52,3553.6,76.77,36,Home & Kitchen,Mobile,Credit Card,Organic Search,4,3.7,5,4,0,0
C02277,United States,35,Female,Silver,2/15/2025,17,612.87,34.43,36,Sports & Outdoors,Mobile,PayPal,Referral,6,4.1,2,2,1,0
C02278,Canada,49,Male,Free,11/5/2023,11,801.32,74.1,80,Clothing & Apparel,Desktop,UPI / Digital Wallet,Organic Search,2,4.6,1,0,1,0
C02279,Spain,44,Male,Silver,10/27/2025,14,1139.9,90.17,57,Toys & Games,Tablet,Debit Card,Social Media,4,3.2,0,2,1,0
C02280,Brazil,26,Male,Silver,11/17/2024,33,6707.81,235.92,1,Beauty & Personal Care,Tablet,PayPal,Direct,4,4.7,1,6,0,0
C02281,Canada,29,Male,Free,9/26/2024,10,1239.78,117.27,89,Toys & Games,Tablet,UPI / Digital Wallet,Organic Search,1,4.5,1,1,1,0
C02282,United States,24,Female,Silver,9/11/2019,2,283.93,128.03,7,Clothing & Apparel,Mobile,PayPal,Organic Search,0,3.3,0,3,0,0
C02283,United States,26,Male,Silver,8/17/2024,9,1331,160.68,98,Beauty & Personal Care,Desktop,UPI / Digital Wallet,Direct,3,2,0,0,0,0
C02284,India,23,Male,Free,7/22/2024,17,2145.3,125.74,17,Home & Kitchen,Mobile,Credit Card,Organic Search,3,3.8,0,9,0,1
C02285,Germany,50,Female,Free,2/24/2024,39,1450.43,40.95,8,Electronics,Desktop,Buy Now Pay Later,Organic Search,15,3.7,2,4,0,0
C02286,Japan,42,Female,Free,12/5/2024,21,1516.28,63.54,15,Food & Grocery,Mobile,Debit Card,Organic Search,3,4.2,3,39,1,1
C02287,United States,21,Female,Silver,10/31/2024,29,1634.87,63.08,99,Clothing & Apparel,Desktop,Debit Card,Direct,6,3.7,0,2,1,1
C02288,Australia,73,Female,Free,4/21/2022,2,68.47,31.23,69,Home & Kitchen,Mobile,Credit Card,Organic Search,0,4.6,0,0,1,0
C02289,United States,27,Male,Free,2/21/2022,1,169.27,184.2,54,Travel & Luggage,Mobile,Credit Card,Social Media,0,4.1,0,1,0,0
C02290,Poland,22,Male,Free,10/9/2025,5,403.73,72.19,11,Jewelry & Accessories,Mobile,Credit Card,Direct,1,3.8,0,14,1,1
C02291,United Kingdom,37,Male,Silver,7/30/2024,5,334.21,61.09,45,Electronics,Tablet,Credit Card,Direct,0,2.9,0,2,0,0
C02292,United States,30,Female,Free,10/4/2025,8,956.87,127,23,Toys & Games,Desktop,PayPal,Paid Ad,2,4,1,3,1,0
C02293,United States,27,Female,Free,6/20/2024,8,1466.72,211.19,52,Jewelry & Accessories,Mobile,PayPal,Direct,2,4.7,0,4,1,0
C02294,Mexico,50,Female,Silver,9/17/2025,30,4247.31,135.38,9,Beauty & Personal Care,Desktop,Buy Now Pay Later,Email Campaign,6,4.4,2,1,1,0
C02295,Germany,40,Male,Free,2/2/2025,5,134.06,25.65,92,Electronics,Mobile,PayPal,Organic Search,1,3.3,0,4,1,0
C02296,Germany,32,Female,Free,7/28/2025,51,1009.01,19.09,41,Office Supplies,Mobile,Buy Now Pay Later,Organic Search,14,4.8,3,1,0,0
C02297,India,49,Female,Free,2/18/2026,10,447.11,41.79,46,Books,Mobile,Credit Card,Paid Ad,0,4,0,0,0,0
C02298,UAE,56,Female,Free,4/2/2023,8,479.41,55.52,9,Automotive,Mobile,Credit Card,Organic Search,0,4.6,0,2,0,0
C02299,United States,26,Male,Free,2/4/2026,2,75.16,38.74,37,Electronics,Mobile,Credit Card,Social Media,0,4,0,4,1,1
C02300,France,35,Female,Free,9/25/2024,28,910.84,31.04,75,Toys & Games,Desktop,Credit Card,Email Campaign,5,4,3,3,0,0
C02301,Canada,37,Female,Free,3/20/2026,2,238.52,119.11,236,Clothing & Apparel,Desktop,Credit Card,Paid Ad,0,3.6,0,2,0,1
C02302,Germany,31,Female,Platinum,4/25/2025,1,337.73,338.12,158,Clothing & Apparel,Tablet,PayPal,Social Media,0,3.7,0,2,1,0
C02303,United States,52,Female,Free,4/18/2019,6,179.59,29.5,99,Electronics,Mobile,Debit Card,Organic Search,0,4.6,0,13,1,0
C02304,France,41,Female,Free,6/22/2025,3,105.8,36.52,26,Food & Grocery,Mobile,Credit Card,Social Media,1,4.1,0,8,1,0
C02305,United States,33,Female,Free,11/26/2024,44,9474.57,207.96,55,Beauty & Personal Care,Mobile,Credit Card,Email Campaign,3,3.2,3,1,1,0
C02306,United States,28,Male,Silver,11/4/2023,12,478.04,39.83,340,Clothing & Apparel,Mobile,Credit Card,Social Media,1,4.3,1,4,0,1
C02307,India,44,Male,Gold,9/19/2022,12,462.44,44.15,34,Jewelry & Accessories,Mobile,Debit Card,Social Media,2,3.8,1,0,0,0
C02308,UAE,35,Female,Free,1/19/2026,55,1701.28,36.09,7,Pet Supplies,Desktop,Buy Now Pay Later,Social Media,8,4.6,5,6,1,0
C02309,United States,45,Female,Platinum,10/20/2025,4,291.68,66.95,49,Sports & Outdoors,Mobile,PayPal,Organic Search,0,4,0,0,0,0
C02310,India,18,Male,Free,10/22/2025,3,147.15,49.03,24,Pet Supplies,Mobile,Credit Card,Social Media,0,3.5,0,1,0,0
C02311,India,26,Male,Free,9/8/2024,36,1113.55,33.27,55,Automotive,Desktop,Credit Card,Direct,10,4.6,3,1,0,0
C02312,India,18,Female,Gold,3/1/2026,21,7658.76,326.54,26,Electronics,Mobile,Buy Now Pay Later,Email Campaign,7,3.7,0,1,1,0
C02313,United States,34,Female,Gold,12/11/2025,19,1034.65,50.38,11,Food & Grocery,Mobile,Credit Card,Organic Search,1,3.5,0,5,1,0
C02314,Italy,35,Female,Free,9/14/2023,6,228.29,36.88,75,Electronics,Mobile,Buy Now Pay Later,Direct,0,4.7,0,10,1,0
C02315,Germany,35,Male,Free,2/2/2025,21,2995.88,133.14,65,Food & Grocery,Desktop,UPI / Digital Wallet,Paid Ad,1,4.8,2,5,1,0
C02316,Spain,51,Female,Gold,1/11/2023,7,190.5,25.5,45,Beauty & Personal Care,Mobile,Debit Card,Organic Search,1,4.9,0,2,1,0
C02317,United States,18,Male,Free,7/1/2017,4,454.18,108.64,131,Clothing & Apparel,Mobile,Debit Card,Organic Search,1,3.1,0,0,1,0
C02318,United States,27,Female,Free,8/18/2022,3,902.92,286.78,21,Sports & Outdoors,Mobile,Buy Now Pay Later,Organic Search,1,4.4,0,1,0,0
C02319,Germany,39,Female,Free,7/31/2025,18,2744.51,171.28,33,Electronics,Mobile,Debit Card,Organic Search,3,4,1,0,0,0
C02320,South Korea,61,Female,Silver,6/10/2025,24,2081.13,87.13,79,Health & Wellness,Mobile,Buy Now Pay Later,Social Media,1,3.8,3,2,1,0
C02321,Germany,55,Female,Gold,1/26/2025,39,3290.21,89.32,34,Pet Supplies,Mobile,PayPal,Paid Ad,15,4,4,2,1,1
C02322,United States,48,Female,Free,1/13/2026,26,5394.47,188.58,8,Clothing & Apparel,Mobile,Credit Card,Paid Ad,2,3.6,2,7,0,0
C02323,United Kingdom,47,Male,Free,3/25/2026,16,1543.34,96.24,16,Food & Grocery,Mobile,Credit Card,Paid Ad,1,4.8,1,7,1,0
C02324,Canada,28,Female,Platinum,8/12/2024,14,3384.87,258.9,10,Beauty & Personal Care,Mobile,Debit Card,Email Campaign,1,4.4,0,1,0,0
C02325,Mexico,49,Male,Free,8/23/2024,2,89.09,51.75,48,Electronics,Desktop,UPI / Digital Wallet,Direct,0,4.6,0,10,0,0
C02326,Canada,21,Female,Free,1/31/2025,12,571.36,41.75,95,Food & Grocery,Mobile,PayPal,Organic Search,2,3.4,0,0,1,0
C02327,United States,32,Female,Silver,2/15/2024,65,5767.31,78.51,88,Clothing & Apparel,Desktop,UPI / Digital Wallet,Email Campaign,3,3.2,8,0,0,0
C02328,Singapore,38,Female,Silver,5/17/2016,13,1334.77,112.78,5,Automotive,Mobile,Credit Card,Direct,2,4.1,0,2,1,0
C02329,United States,18,Female,Free,1/2/2026,2,111.43,51.87,120,Food & Grocery,Mobile,Credit Card,Email Campaign,0,4.5,0,0,1,0
C02330,United States,56,Male,Free,12/26/2025,37,1705.93,50.17,16,Electronics,Desktop,Credit Card,Organic Search,6,3.9,1,2,0,0
C02331,India,45,Female,Silver,4/7/2019,41,3203.34,77,47,Toys & Games,Mobile,Credit Card,Referral,12,3.6,2,6,1,0
C02332,United States,39,Female,Gold,7/18/2020,15,3007.37,213.37,19,Home & Kitchen,Desktop,Credit Card,Organic Search,2,4.8,1,0,1,0
C02333,Canada,30,Male,Free,11/14/2023,12,362.57,27.16,64,Clothing & Apparel,Mobile,UPI / Digital Wallet,Social Media,1,3.7,1,2,1,0
C02334,Sweden,19,Female,Free,1/20/2025,29,520.12,19.05,17,Food & Grocery,Mobile,Cryptocurrency,Email Campaign,6,3.9,3,1,1,0
C02335,Germany,35,Female,Free,3/19/2026,7,329.81,55,29,Health & Wellness,Tablet,PayPal,Organic Search,2,4.1,0,0,1,0
C02336,Brazil,49,Female,Free,3/1/2026,17,1562.75,106.62,76,Clothing & Apparel,Mobile,Credit Card,Social Media,2,3.4,0,0,1,0
C02337,South Korea,18,Male,Silver,3/10/2026,8,171.1,22.78,300,Home & Kitchen,Desktop,Debit Card,Paid Ad,0,3.5,1,2,0,0
C02338,United States,34,Female,Free,5/3/2025,10,579.06,58.27,21,Electronics,Desktop,Credit Card,Organic Search,0,4.3,0,3,1,0
C02339,India,34,Female,Free,10/25/2025,19,1291.02,76.05,6,Electronics,Mobile,Debit Card,Direct,3,3.1,2,6,1,0
C02340,Canada,32,Other,Gold,5/2/2022,6,350.15,56.53,54,Pet Supplies,Mobile,Credit Card,Organic Search,1,3.9,0,3,1,1
C02341,United States,18,Female,Silver,8/20/2024,25,331.84,13.32,60,Electronics,Desktop,UPI / Digital Wallet,Social Media,9,3.7,0,1,0,0
C02342,Netherlands,36,Female,Gold,4/25/2024,28,3186.09,109.98,19,Pet Supplies,Mobile,Credit Card,Email Campaign,6,4.2,2,4,0,1
C02343,South Korea,28,Female,Silver,9/22/2022,53,2134.85,46.31,104,Toys & Games,Mobile,Bank Transfer,Email Campaign,7,4.6,5,6,1,0
C02344,United States,22,Female,Platinum,1/16/2026,3,580.86,179.91,43,Beauty & Personal Care,Tablet,Debit Card,Organic Search,0,3.8,0,2,1,0
C02345,United Kingdom,28,Female,Silver,11/6/2024,26,4859.07,215.48,0,Pet Supplies,Desktop,Buy Now Pay Later,Social Media,5,4.4,0,0,1,0
C02346,United States,28,Female,Free,9/8/2024,42,1601.21,36.8,90,Clothing & Apparel,Desktop,Debit Card,Email Campaign,12,4.1,0,3,0,0
C02347,United Kingdom,21,Male,Silver,2/25/2026,17,442.92,27.96,153,Clothing & Apparel,Mobile,Debit Card,Paid Ad,4,4.8,0,1,1,0
C02348,Mexico,44,Female,Gold,3/20/2024,9,1178.65,128.91,83,Beauty & Personal Care,Desktop,Debit Card,Paid Ad,2,3.6,0,22,1,0
C02349,Canada,39,Male,Platinum,7/31/2025,72,16026.27,221.46,142,Travel & Luggage,Desktop,Credit Card,Direct,13,4.8,6,2,1,0
C02350,United States,39,Other,Free,9/21/2025,5,845.69,184.34,63,Electronics,Mobile,Debit Card,Organic Search,1,2.5,0,5,1,0
C02351,United States,36,Female,Free,2/27/2026,9,332.95,36.48,74,Office Supplies,Desktop,Credit Card,Email Campaign,2,3.8,0,16,1,0
C02352,United States,33,Male,Silver,4/30/2020,22,890.08,36.57,1,Travel & Luggage,Tablet,Credit Card,Organic Search,8,4.8,2,2,0,0
C02353,Australia,18,Male,Free,10/4/2023,45,2317.41,55.9,1,Pet Supplies,Mobile,Credit Card,Direct,14,4.8,0,11,1,0
C02354,India,43,Female,Free,5/5/2023,37,2346.77,58.25,72,Beauty & Personal Care,Desktop,Credit Card,Organic Search,3,3.6,0,3,0,0
C02355,Mexico,43,Male,Silver,11/29/2025,14,1057.69,83.08,44,Clothing & Apparel,Desktop,Credit Card,Social Media,1,4.1,0,19,1,0
C02356,India,39,Male,Free,8/24/2023,19,9439.09,436.85,19,Sports & Outdoors,Desktop,Debit Card,Email Campaign,7,4.4,0,1,1,0
C02357,France,38,Female,Free,3/1/2026,13,1483.26,133.89,132,Sports & Outdoors,Mobile,UPI / Digital Wallet,Paid Ad,3,4.5,0,5,1,0
C02358,Canada,39,Female,Gold,9/28/2025,12,566.52,46.14,26,Clothing & Apparel,Mobile,Debit Card,Referral,2,4.3,1,0,1,0
C02359,United States,19,Female,Free,5/25/2025,46,1202.57,29.69,34,Beauty & Personal Care,Mobile,Debit Card,Direct,16,4.4,1,1,0,0
C02360,United States,21,Male,Silver,5/28/2024,25,1528.06,62.77,61,Books,Tablet,Bank Transfer,Paid Ad,2,2.9,2,8,0,0
C02361,Singapore,61,Male,Free,3/4/2024,13,600.11,47.9,62,Toys & Games,Tablet,Debit Card,Referral,3,4.8,0,0,1,0
C02362,France,33,Male,Silver,11/15/2023,27,2213.16,85.03,58,Electronics,Tablet,PayPal,Email Campaign,6,4.8,3,3,1,0
C02363,Canada,36,Female,Silver,8/26/2023,4,236.53,60.14,1,Books,Tablet,PayPal,Paid Ad,1,4.4,0,0,0,0
C02364,United States,39,Male,Free,7/25/2024,14,1384.78,115.29,29,Electronics,Mobile,Debit Card,Referral,4,2.6,0,1,1,1
C02365,India,39,Female,Free,3/5/2024,35,2930.96,78.34,120,Beauty & Personal Care,Mobile,Credit Card,Referral,9,4.1,0,6,1,0
C02366,United States,32,Female,Gold,5/26/2025,3,169.87,62.77,27,Electronics,Desktop,Credit Card,Organic Search,1,4.9,0,17,1,0
C02367,United States,31,Male,Free,1/23/2021,17,1121.45,71.54,81,Toys & Games,Desktop,PayPal,Direct,3,3.2,0,3,1,0
C02368,South Korea,28,Male,Free,12/11/2024,3,87.7,27.83,52,Home & Kitchen,Desktop,Credit Card,Paid Ad,0,4.7,0,16,1,0
C02369,United States,24,Male,Silver,11/27/2024,17,569.34,35.87,12,Electronics,Desktop,PayPal,Organic Search,3,4.2,0,4,0,0
C02370,India,30,Male,Silver,2/5/2023,22,4287.17,210.89,5,Clothing & Apparel,Tablet,PayPal,Organic Search,8,4.6,0,3,1,0
C02371,France,37,Male,Gold,3/17/2024,4,1192,331.77,80,Beauty & Personal Care,Desktop,Debit Card,Email Campaign,0,4,0,2,1,0
C02372,India,41,Male,Free,11/29/2024,2,35.13,16.68,45,Jewelry & Accessories,Desktop,Credit Card,Direct,0,4.3,0,1,1,0
C02373,Sweden,36,Female,Free,8/21/2024,1,161.61,153.62,4,Electronics,Mobile,Buy Now Pay Later,Email Campaign,0,4.2,0,11,1,0
C02374,United States,47,Female,Gold,6/30/2025,1,168.86,180.52,158,Books,Mobile,Credit Card,Social Media,0,4.5,0,6,1,1
C02375,Mexico,38,Female,Free,10/17/2024,14,3151.76,252.19,148,Sports & Outdoors,Mobile,Bank Transfer,Organic Search,5,4.3,0,3,1,1
C02376,India,47,Female,Free,4/29/2025,75,3926.48,50.45,78,Clothing & Apparel,Tablet,Credit Card,Paid Ad,23,4.5,6,0,0,0
C02377,United States,18,Female,Free,4/25/2025,1,63.98,66.19,184,Automotive,Tablet,Debit Card,Email Campaign,0,3.5,0,7,1,1
C02378,Germany,38,Female,Free,12/7/2025,34,1523.99,48.16,11,Books,Tablet,Buy Now Pay Later,Paid Ad,11,3.6,1,2,1,0
C02379,South Africa,33,Male,Platinum,7/3/2023,7,2000.46,271.96,10,Toys & Games,Desktop,PayPal,Social Media,2,4.1,0,3,0,0
C02380,Poland,50,Female,Silver,5/19/2025,49,7027.56,126.51,143,Beauty & Personal Care,Mobile,Credit Card,Direct,4,4.3,0,5,1,0
C02381,United Kingdom,38,Female,Free,2/28/2024,5,325.77,57.53,40,Books,Desktop,Credit Card,Email Campaign,1,4.5,0,5,1,0
C02382,United Kingdom,36,Female,Gold,3/7/2025,18,896.25,48.14,9,Clothing & Apparel,Mobile,UPI / Digital Wallet,Organic Search,1,4.1,0,2,1,0
C02383,France,30,Male,Free,11/10/2024,25,1139.74,48.64,88,Books,Desktop,Debit Card,Organic Search,4,4.4,0,4,1,0
C02384,Mexico,25,Female,Platinum,3/31/2026,2,151.88,84.02,47,Clothing & Apparel,Mobile,PayPal,Organic Search,0,3.1,0,1,1,0
C02385,United States,34,Male,Free,1/25/2026,6,511.72,74.92,38,Books,Desktop,PayPal,Referral,2,4.2,0,6,0,0
C02386,Canada,33,Male,Silver,6/29/2024,4,89.03,25.89,44,Office Supplies,Desktop,Credit Card,Organic Search,0,4.9,0,16,0,0
C02387,United States,43,Female,Silver,9/16/2024,7,810.04,103.18,24,Food & Grocery,Tablet,UPI / Digital Wallet,Direct,1,4.2,0,6,1,0
C02388,Australia,52,Male,Free,8/12/2025,11,914.4,92.79,42,Clothing & Apparel,Mobile,UPI / Digital Wallet,Email Campaign,3,3.9,0,2,1,0
C02389,United Kingdom,32,Female,Silver,12/2/2025,6,475.98,71.24,101,Clothing & Apparel,Tablet,Credit Card,Organic Search,0,4.2,0,1,1,0
C02390,Canada,22,Male,Gold,2/17/2025,4,157.99,40.86,66,Clothing & Apparel,Desktop,Buy Now Pay Later,Organic Search,0,4.7,0,1,1,0
C02391,India,42,Male,Gold,1/13/2017,8,1856.34,209.69,99,Home & Kitchen,Mobile,Credit Card,Paid Ad,1,4.9,0,2,1,0
C02392,Germany,55,Female,Free,3/22/2023,3,109.34,33.17,189,Health & Wellness,Mobile,Debit Card,Social Media,0,4.7,0,3,0,1
C02393,United Kingdom,39,Female,Free,1/27/2026,16,688.61,49.33,78,Beauty & Personal Care,Mobile,PayPal,Social Media,3,4.5,1,0,0,0
C02394,India,26,Male,Silver,12/24/2024,16,1730.61,94.41,106,Electronics,Mobile,PayPal,Organic Search,3,4.6,0,0,1,0
C02395,Australia,28,Male,Silver,11/1/2025,14,502.78,41.35,63,Beauty & Personal Care,Mobile,Credit Card,Paid Ad,0,3.7,1,0,1,1
C02396,Spain,25,Female,Platinum,2/6/2026,14,1253.85,79.49,9,Clothing & Apparel,Desktop,PayPal,Organic Search,3,4.6,1,0,0,0
C02397,Mexico,37,Female,Silver,12/20/2025,7,598.44,95.72,19,Electronics,Mobile,Credit Card,Paid Ad,0,4.3,0,9,1,0
C02398,United States,23,Female,Platinum,2/26/2024,14,719.84,50.96,38,Toys & Games,Desktop,Buy Now Pay Later,Organic Search,0,4.3,0,14,1,0
C02399,Canada,35,Male,Free,10/17/2024,18,596.23,28.84,146,Electronics,Mobile,Credit Card,Direct,3,4.5,2,3,0,0
C02400,India,40,Female,Gold,10/22/2025,31,2216.7,71.85,134,Clothing & Apparel,Mobile,Buy Now Pay Later,Direct,3,3.9,1,4,1,0
C02401,Germany,25,Male,Platinum,12/21/2025,32,9546.02,349.49,56,Electronics,Desktop,Buy Now Pay Later,Organic Search,8,4.7,3,4,0,0
C02402,United States,39,Female,Free,7/9/2021,17,1321.58,76.28,182,Electronics,Mobile,Credit Card,Paid Ad,6,4.1,0,3,1,0
C02403,United States,47,Female,Platinum,1/8/2026,1,72.35,73.39,408,Home & Kitchen,Mobile,Debit Card,Organic Search,0,4.1,0,3,1,1
C02404,Australia,31,Male,Free,3/6/2026,29,993.08,31.41,40,Sports & Outdoors,Desktop,Credit Card,Organic Search,7,4.7,3,3,1,0
C02405,Australia,51,Female,Free,5/30/2025,8,1050.07,121.87,90,Automotive,Mobile,UPI / Digital Wallet,Paid Ad,0,4.6,0,15,1,1
C02406,United States,35,Male,Free,1/26/2024,16,1265.16,74.95,60,Books,Desktop,Credit Card,Email Campaign,5,4,1,12,0,0
C02407,France,28,Male,Free,7/11/2023,11,702.25,67.43,144,Clothing & Apparel,Desktop,Debit Card,Email Campaign,1,4.8,0,3,0,0
C02408,Singapore,39,Female,Free,12/28/2025,21,1294.6,59.18,39,Sports & Outdoors,Mobile,UPI / Digital Wallet,Email Campaign,8,4.1,2,2,1,0
C02409,Japan,28,Male,Free,9/13/2025,2,152.3,85.82,46,Clothing & Apparel,Desktop,Credit Card,Organic Search,0,3.7,0,0,1,1
C02410,Singapore,25,Female,Free,6/14/2024,13,656.25,47.88,9,Books,Mobile,Debit Card,Email Campaign,2,4.5,1,0,0,0
C02411,United Kingdom,30,Male,Free,5/6/2025,26,1738.54,71.85,51,Clothing & Apparel,Desktop,UPI / Digital Wallet,Paid Ad,3,2.7,3,4,1,0
C02412,Mexico,40,Female,Free,10/28/2023,25,3365.46,130.96,5,Health & Wellness,Mobile,Debit Card,Organic Search,4,3.7,2,2,1,0
C02413,United States,28,Female,Gold,10/21/2025,3,350.55,123.55,0,Clothing & Apparel,Desktop,Credit Card,Social Media,0,4.3,0,0,0,0
C02414,Japan,28,Male,Free,12/5/2023,27,2662,98.62,50,Office Supplies,Mobile,Credit Card,Direct,3,3.4,2,2,1,0
C02415,United Kingdom,39,Female,Silver,12/12/2020,14,664.51,45.52,33,Toys & Games,Mobile,Credit Card,Organic Search,1,4.6,1,0,1,0
C02416,United States,47,Female,Silver,12/22/2024,3,296.64,105.28,391,Electronics,Desktop,Credit Card,Social Media,1,4.5,0,5,0,0
C02417,United States,57,Male,Free,10/24/2025,15,984.19,67.54,96,Home & Kitchen,Mobile,Credit Card,Direct,2,4.8,1,3,0,0
C02418,Canada,33,Female,Free,7/27/2024,9,1389.73,155.68,46,Automotive,Mobile,Credit Card,Organic Search,2,3.4,0,0,0,1
C02419,Brazil,24,Male,Free,1/13/2024,3,186.33,58.96,219,Clothing & Apparel,Desktop,Bank Transfer,Referral,0,4.5,0,5,1,0
C02420,United States,43,Female,Platinum,9/30/2024,8,354.89,51.88,0,Books,Desktop,Bank Transfer,Organic Search,0,3.8,0,0,0,0
C02421,United Kingdom,41,Female,Silver,8/14/2025,11,504.14,53.46,92,Office Supplies,Mobile,PayPal,Social Media,0,4.9,1,0,1,0
C02422,South Korea,38,Female,Free,12/29/2024,5,310.86,63.15,31,Clothing & Apparel,Mobile,Cryptocurrency,Social Media,0,4.7,0,1,1,0
C02423,Brazil,30,Female,Platinum,1/6/2023,6,284.02,46.67,30,Sports & Outdoors,Mobile,Credit Card,Direct,2,3.2,0,9,1,0
C02424,United States,29,Female,Free,9/15/2025,1,68.47,63.58,20,Clothing & Apparel,Mobile,Credit Card,Email Campaign,0,4.3,0,2,0,0
C02425,Spain,66,Male,Free,8/30/2024,6,168.14,32.4,215,Clothing & Apparel,Desktop,PayPal,Email Campaign,1,4.7,0,0,0,0
C02426,France,36,Male,Platinum,10/31/2025,36,3930.38,110.05,97,Home & Kitchen,Mobile,Bank Transfer,Paid Ad,10,3.7,3,3,1,0
C02427,Canada,35,Female,Free,12/9/2024,4,186,47.55,2,Sports & Outdoors,Tablet,Credit Card,Paid Ad,1,4,0,5,0,0
C02428,United States,28,Female,Silver,11/7/2024,42,502.96,10.82,18,Clothing & Apparel,Tablet,Credit Card,Paid Ad,15,4.2,0,2,1,0
C02429,India,23,Male,Free,11/8/2020,27,326.02,12.91,9,Home & Kitchen,Tablet,Credit Card,Social Media,9,4.6,3,2,0,0
C02430,Canada,18,Male,Silver,9/11/2019,24,1638.97,64.44,19,Food & Grocery,Mobile,Credit Card,Referral,2,3.9,1,4,0,0
C02431,India,40,Female,Free,3/21/2026,5,841.33,161.14,8,Books,Mobile,Credit Card,Paid Ad,0,3.6,0,4,1,0
C02432,Mexico,28,Other,Free,11/1/2025,11,1904.61,155.95,59,Electronics,Mobile,PayPal,Organic Search,1,4.7,1,7,1,0
C02433,Australia,55,Male,Free,3/2/2023,3,138.65,46.49,56,Sports & Outdoors,Desktop,Credit Card,Social Media,0,4.8,0,0,1,0
C02434,United Kingdom,19,Female,Gold,1/11/2026,18,1478.18,72.71,37,Sports & Outdoors,Desktop,PayPal,Organic Search,5,4.6,1,6,0,0
C02435,Brazil,32,Male,Free,11/2/2022,35,3344.18,103.28,1,Clothing & Apparel,Desktop,Credit Card,Social Media,9,4.6,3,3,1,0
C02436,France,43,Female,Free,6/27/2025,15,3528.46,234.59,12,Food & Grocery,Desktop,Credit Card,Organic Search,3,3.6,1,2,0,0
C02437,United Kingdom,26,Female,Gold,11/12/2017,22,2735.67,127.57,24,Clothing & Apparel,Desktop,PayPal,Direct,8,3.5,1,5,1,0
C02438,United States,23,Female,Free,8/5/2023,22,626.5,28.91,38,Pet Supplies,Mobile,Credit Card,Paid Ad,7,4,2,2,1,0
C02439,Brazil,36,Male,Free,3/12/2025,22,4422.63,207.83,108,Jewelry & Accessories,Desktop,Credit Card,Direct,8,4.7,2,2,1,0
C02440,Turkey,41,Male,Free,12/27/2025,31,1459.05,54.12,5,Toys & Games,Mobile,Credit Card,Email Campaign,9,4.5,0,0,1,0
C02441,United States,21,Female,Free,3/10/2026,8,639.44,80.09,6,Electronics,Mobile,Debit Card,Organic Search,2,4.5,0,7,1,0
C02442,India,25,Male,Gold,12/31/2025,2,160.08,73.1,6,Automotive,Mobile,Debit Card,Direct,0,4.6,0,0,1,0
C02443,India,45,Male,Free,9/16/2025,4,238.74,59.44,33,Electronics,Tablet,Bank Transfer,Email Campaign,1,3.9,0,3,0,0
C02444,Germany,40,Female,Gold,12/15/2024,23,3238.27,134.39,95,Electronics,Mobile,Credit Card,Organic Search,6,3.6,1,23,1,0
C02445,United States,26,Male,Gold,12/16/2025,28,903.98,36.88,2,Home & Kitchen,Desktop,PayPal,Social Media,6,4.7,1,5,1,0
C02446,United States,47,Male,Free,10/17/2024,3,496.01,177.76,35,Electronics,Mobile,Buy Now Pay Later,Email Campaign,0,2,0,1,1,0
C02447,UAE,37,Female,Silver,10/4/2025,16,1487.31,85.42,19,Electronics,Mobile,Cryptocurrency,Direct,1,4,2,0,1,0
C02448,United States,57,Male,Free,6/14/2024,18,1179.93,75.31,18,Home & Kitchen,Desktop,Credit Card,Social Media,4,4.6,0,3,0,0
C02449,United States,18,Female,Silver,1/11/2023,24,1816.35,67.59,13,Pet Supplies,Desktop,UPI / Digital Wallet,Organic Search,2,3.6,1,5,1,0
C02450,Germany,58,Male,Gold,7/30/2025,13,424.12,37.06,60,Toys & Games,Mobile,Debit Card,Organic Search,1,4.2,0,1,1,0
C02451,Mexico,35,Male,Free,8/29/2025,38,1265.27,32.89,54,Food & Grocery,Desktop,Buy Now Pay Later,Email Campaign,9,3.8,5,5,1,0
C02452,France,32,Female,Platinum,8/6/2022,20,1859.09,104.69,19,Electronics,Mobile,Credit Card,Organic Search,6,4.6,1,4,0,0
C02453,Mexico,20,Male,Silver,11/22/2025,8,444.4,57.13,111,Health & Wellness,Desktop,UPI / Digital Wallet,Email Campaign,1,3.9,1,3,1,0
C02454,United States,46,Male,Gold,1/16/2025,45,3318.3,81.99,37,Electronics,Desktop,Credit Card,Organic Search,11,4.7,0,1,1,0
C02455,United States,29,Female,Free,9/26/2025,33,928.6,30.99,26,Food & Grocery,Mobile,Buy Now Pay Later,Organic Search,8,3.4,1,12,0,0
C02456,Brazil,38,Male,Free,10/5/2023,27,965,32.05,69,Beauty & Personal Care,Mobile,Debit Card,Email Campaign,3,4.8,1,11,1,0
C02457,Brazil,29,Female,Silver,3/19/2022,10,532.78,47.52,4,Food & Grocery,Mobile,Debit Card,Organic Search,3,4.1,0,0,1,0
C02458,United States,27,Male,Free,6/26/2024,79,9648.88,110.95,44,Clothing & Apparel,Mobile,Debit Card,Paid Ad,25,4.4,3,3,1,0
C02459,United Kingdom,20,Male,Silver,6/21/2022,42,1483.66,33.65,4,Clothing & Apparel,Mobile,Credit Card,Direct,5,3.4,1,0,0,0
C02460,France,18,Female,Silver,9/2/2022,3,134.64,43.48,71,Electronics,Mobile,Debit Card,Organic Search,0,4.4,0,1,1,0
C02461,Japan,24,Female,Platinum,12/21/2023,2,194.13,103.06,117,Home & Kitchen,Mobile,Cryptocurrency,Social Media,0,4.7,0,3,1,1
C02462,United Kingdom,43,Female,Free,2/20/2025,20,328.6,17.45,3,Home & Kitchen,Mobile,Debit Card,Organic Search,2,4.4,2,14,0,0
C02463,United Kingdom,59,Female,Platinum,6/26/2024,2,504.86,259.78,13,Sports & Outdoors,Desktop,Buy Now Pay Later,Paid Ad,0,4.6,0,2,0,0
C02464,United States,43,Female,Free,7/7/2023,22,910.75,45,171,Clothing & Apparel,Mobile,Debit Card,Email Campaign,3,4.5,2,1,1,0
C02465,United Kingdom,36,Male,Free,9/21/2025,2,264.92,125.21,66,Pet Supplies,Tablet,Credit Card,Referral,0,3.5,0,1,1,0
C02466,India,46,Male,Free,10/7/2025,8,168.77,23.45,9,Beauty & Personal Care,Mobile,Credit Card,Email Campaign,1,4.1,0,1,1,0
C02467,United States,35,Male,Free,10/3/2025,10,2175.09,248.06,78,Food & Grocery,Desktop,Debit Card,Social Media,2,4.3,1,1,0,0
C02468,United Kingdom,19,Male,Silver,2/3/2025,10,204.38,19.77,7,Home & Kitchen,Desktop,Credit Card,Organic Search,2,4.5,1,4,1,0
C02469,United Kingdom,43,Male,Free,2/9/2025,18,1675.4,102.82,41,Clothing & Apparel,Tablet,Credit Card,Social Media,1,3.5,0,4,1,0
C02470,United States,35,Female,Free,6/13/2023,1,294.99,322.33,36,Books,Desktop,Credit Card,Organic Search,0,4.6,0,7,1,0
C02471,United States,20,Female,Gold,10/3/2022,2,536.19,243.31,148,Toys & Games,Mobile,Credit Card,Email Campaign,0,4.1,0,14,1,1
C02472,Australia,47,Other,Free,3/23/2026,11,932.78,94.17,86,Electronics,Desktop,Bank Transfer,Social Media,3,4.4,0,8,0,0
C02473,United States,37,Female,Free,5/19/2025,5,215.52,42.26,14,Home & Kitchen,Desktop,Debit Card,Direct,1,4.4,0,0,1,0
C02474,United Kingdom,44,Other,Silver,1/30/2026,21,1764.72,96.45,58,Clothing & Apparel,Mobile,Bank Transfer,Direct,1,4.1,1,0,1,0
C02475,United Kingdom,40,Female,Free,7/20/2024,16,3278.24,181.56,214,Books,Desktop,PayPal,Social Media,2,4.9,0,0,1,0
C02476,Spain,21,Other,Free,1/6/2026,1,35.06,33.44,119,Beauty & Personal Care,Desktop,Credit Card,Organic Search,0,4,0,0,1,0
C02477,United States,36,Female,Silver,5/19/2024,14,584.67,43.18,43,Home & Kitchen,Mobile,Credit Card,Direct,3,4.4,1,8,1,0
C02478,Australia,28,Male,Free,12/30/2020,5,535.41,118.11,71,Clothing & Apparel,Desktop,PayPal,Organic Search,1,4.3,0,6,0,0
C02479,United States,18,Male,Free,4/9/2025,9,461.59,51.69,50,Electronics,Desktop,Credit Card,Email Campaign,3,3.5,1,10,1,0
C02480,United States,37,Male,Free,12/15/2025,16,1665.68,122.02,82,Toys & Games,Mobile,Debit Card,Organic Search,1,4.5,0,11,1,0
C02481,India,67,Female,Free,6/8/2024,8,564.78,67.64,131,Food & Grocery,Mobile,Credit Card,Direct,1,3.2,0,3,0,0
C02482,Netherlands,49,Female,Free,1/23/2024,5,285.89,52.91,174,Clothing & Apparel,Mobile,Credit Card,Email Campaign,0,3.9,0,1,1,0
C02483,United States,37,Female,Free,8/6/2025,1,46.1,52.84,72,Books,Desktop,Credit Card,Organic Search,0,4.4,0,0,1,0
C02484,Italy,18,Male,Platinum,2/14/2022,1,163.35,188.37,15,Beauty & Personal Care,Desktop,Credit Card,Paid Ad,0,4.7,0,6,0,0
C02485,Australia,18,Male,Silver,8/6/2023,13,1087.96,78.01,2,Beauty & Personal Care,Mobile,Credit Card,Social Media,4,4.8,0,4,1,0
C02486,Australia,43,Female,Free,9/19/2025,22,404.76,19.46,86,Jewelry & Accessories,Tablet,Debit Card,Email Campaign,6,3.8,1,4,1,0
C02487,United States,50,Male,Gold,4/28/2025,11,1110.43,88.12,10,Clothing & Apparel,Mobile,Debit Card,Paid Ad,3,4.6,1,1,1,0
C02488,France,43,Male,Silver,3/1/2025,6,961.67,166.89,8,Clothing & Apparel,Mobile,Debit Card,Email Campaign,0,4.6,0,5,1,0
C02489,France,43,Male,Free,10/9/2023,8,1268.71,141.74,1,Travel & Luggage,Mobile,Credit Card,Email Campaign,2,4,0,8,0,0
C02490,Japan,42,Female,Silver,1/24/2024,1,113.97,132.51,212,Beauty & Personal Care,Desktop,Credit Card,Direct,0,4,0,9,0,0
C02491,United States,44,Female,Free,9/29/2024,1,92.52,84.1,29,Office Supplies,Mobile,Credit Card,Direct,0,4.1,0,3,1,0
C02492,France,32,Female,Free,10/8/2022,41,514.85,14.03,37,Clothing & Apparel,Mobile,Credit Card,Paid Ad,6,4.4,3,0,1,0
C02493,UAE,41,Male,Gold,1/1/2023,14,981.15,63.34,36,Sports & Outdoors,Tablet,Cryptocurrency,Email Campaign,3,4.4,1,0,1,0
C02494,Netherlands,25,Female,Free,2/27/2025,9,279.28,28.38,19,Electronics,Mobile,Credit Card,Paid Ad,1,4.7,0,0,0,0
C02495,United Kingdom,21,Female,Gold,12/5/2021,27,11700.91,422.88,27,Clothing & Apparel,Mobile,PayPal,Social Media,8,4.8,3,2,1,0
C02496,India,21,Male,Silver,11/28/2025,23,510.28,20.67,473,Home & Kitchen,Tablet,PayPal,Organic Search,2,3.7,1,9,1,0
C02497,Mexico,31,Male,Free,3/14/2026,1,46.21,54.03,4,Travel & Luggage,Mobile,Credit Card,Social Media,0,4.9,0,9,1,0
C02498,India,18,Female,Free,2/27/2025,9,338.64,33.28,23,Toys & Games,Mobile,PayPal,Social Media,1,4.2,0,23,0,0
C02499,India,35,Female,Silver,2/2/2024,4,66.96,18.58,46,Health & Wellness,Mobile,PayPal,Organic Search,1,4.1,0,2,0,0
C02500,United States,21,Female,Gold,3/22/2026,23,3169.38,148.7,38,Clothing & Apparel,Mobile,Buy Now Pay Later,Paid Ad,1,4.1,1,0,1,0
C02501,United States,24,Male,Free,1/18/2024,11,340.26,36.24,9,Pet Supplies,Mobile,Credit Card,Organic Search,1,4.8,0,7,1,0
C02502,United States,46,Male,Free,9/23/2023,5,208.17,36.77,2,Jewelry & Accessories,Desktop,Credit Card,Direct,0,4,0,0,1,0
C02503,United Kingdom,31,Female,Silver,12/29/2025,12,905.37,76.79,127,Books,Mobile,Debit Card,Organic Search,4,4.9,0,1,1,0
C02504,United States,33,Female,Silver,6/18/2025,8,1192.01,160.23,23,Automotive,Desktop,PayPal,Paid Ad,3,3.9,0,2,0,1
C02505,India,25,Male,Free,1/17/2025,30,2319.35,79.04,63,Pet Supplies,Desktop,Credit Card,Referral,2,3.6,1,2,0,0
C02506,France,50,Male,Free,3/28/2026,8,559.26,61.25,107,Electronics,Desktop,Debit Card,Social Media,1,4.9,0,0,1,0
C02507,United States,33,Male,Free,10/26/2025,3,187.09,67.7,45,Sports & Outdoors,Desktop,Credit Card,Paid Ad,1,1.9,0,12,1,0
C02508,United States,31,Female,Platinum,1/23/2025,2,212.39,123.1,14,Pet Supplies,Desktop,Debit Card,Direct,0,3.2,0,7,1,0
C02509,Italy,50,Male,Free,6/24/2025,23,2163.67,84.14,14,Electronics,Mobile,Credit Card,Organic Search,9,3,3,11,1,0
C02510,United States,43,Female,Gold,9/30/2024,17,2380.94,133.32,147,Books,Mobile,Debit Card,Email Campaign,2,4,1,6,1,0
C02511,Turkey,28,Female,Gold,1/15/2023,4,373.18,88.77,7,Toys & Games,Mobile,Debit Card,Referral,0,4.1,0,13,1,0
C02512,Canada,37,Female,Platinum,11/13/2025,28,5005.67,178.57,105,Beauty & Personal Care,Desktop,Credit Card,Organic Search,9,4.8,3,4,0,0
C02513,United States,36,Male,Free,4/4/2021,24,3519.06,145.72,48,Automotive,Tablet,Cryptocurrency,Referral,2,3.8,1,2,1,0
C02514,United Kingdom,47,Male,Silver,7/27/2025,25,1540.21,61.45,22,Home & Kitchen,Tablet,Credit Card,Organic Search,3,4.1,1,0,1,0
C02515,India,32,Female,Platinum,10/5/2024,68,4306.91,71.74,128,Pet Supplies,Mobile,Credit Card,Email Campaign,6,4.5,3,5,1,0
C02516,Mexico,41,Male,Silver,3/5/2025,32,5403.64,190.82,29,Beauty & Personal Care,Mobile,Credit Card,Organic Search,10,4.7,1,1,0,0
C02517,Germany,39,Male,Platinum,1/11/2025,12,326.52,24.5,7,Sports & Outdoors,Desktop,Credit Card,Social Media,3,3.8,0,3,0,0
C02518,Italy,27,Male,Gold,9/4/2024,4,246.98,61.41,58,Travel & Luggage,Desktop,PayPal,Social Media,0,4,0,3,1,0
C02519,Poland,41,Male,Free,10/25/2022,1,72.69,63.99,16,Home & Kitchen,Mobile,Debit Card,Referral,0,4.3,0,11,1,1
C02520,Netherlands,40,Male,Free,1/7/2024,11,1561.17,149.15,221,Pet Supplies,Mobile,Credit Card,Email Campaign,1,4.4,0,2,1,1
C02521,United States,22,Male,Gold,2/15/2025,47,3141.88,64.38,68,Electronics,Mobile,UPI / Digital Wallet,Organic Search,11,2.5,2,2,1,0
C02522,Germany,40,Male,Silver,2/23/2024,33,3255.64,93.05,32,Travel & Luggage,Desktop,Credit Card,Organic Search,5,4.3,2,1,1,0
C02523,United States,44,Female,Silver,3/5/2026,9,704.32,81.02,11,Clothing & Apparel,Mobile,Debit Card,Organic Search,2,4.1,0,0,0,0
C02524,Canada,48,Male,Free,5/31/2019,23,794.59,34.88,12,Home & Kitchen,Tablet,Debit Card,Organic Search,7,4.7,1,3,1,0
C02525,Australia,18,Male,Free,2/26/2021,6,1098.29,182.94,108,Clothing & Apparel,Tablet,PayPal,Direct,1,4.8,0,21,1,0
C02526,United States,45,Male,Gold,2/17/2025,9,715.52,75.59,80,Home & Kitchen,Tablet,Credit Card,Social Media,2,4.2,0,4,1,0
C02527,India,41,Female,Free,1/26/2026,4,328.33,75.44,15,Home & Kitchen,Desktop,UPI / Digital Wallet,Organic Search,1,4.4,0,0,1,0
C02528,Canada,31,Male,Free,3/5/2025,4,342.53,83.16,13,Electronics,Tablet,PayPal,Organic Search,0,3.7,0,2,0,0
C02529,Mexico,50,Female,Free,8/13/2023,4,256.85,59.04,18,Books,Mobile,Debit Card,Social Media,1,4,0,8,1,0
C02530,United Kingdom,51,Male,Gold,10/31/2024,11,240.39,23.16,128,Electronics,Tablet,PayPal,Email Campaign,1,4.8,1,5,1,0
C02531,Mexico,30,Male,Free,1/14/2025,14,1519.84,103.14,36,Electronics,Mobile,Debit Card,Social Media,2,3.1,0,5,0,0
C02532,Germany,38,Male,Free,5/26/2025,15,689.82,45.27,180,Books,Tablet,UPI / Digital Wallet,Organic Search,2,4.8,1,15,1,0
C02533,Canada,37,Female,Platinum,8/31/2024,30,3196.63,112.48,120,Books,Mobile,UPI / Digital Wallet,Organic Search,7,4.1,2,1,1,0
C02534,Brazil,36,Other,Platinum,10/22/2025,13,2268.24,158.19,13,Electronics,Mobile,Credit Card,Email Campaign,4,4.7,0,2,0,1
C02535,Italy,23,Female,Free,9/11/2024,1,148.97,154.44,15,Beauty & Personal Care,Tablet,PayPal,Email Campaign,0,4.3,0,1,1,0
C02536,United Kingdom,27,Male,Free,3/7/2026,14,762.93,57.16,120,Books,Tablet,Credit Card,Organic Search,1,4.4,1,2,0,0
C02537,United States,26,Male,Free,10/16/2022,15,744.36,55.51,251,Toys & Games,Tablet,Buy Now Pay Later,Email Campaign,5,4,1,2,1,1
C02538,United States,47,Male,Gold,8/8/2025,25,3870.09,156.76,9,Electronics,Desktop,PayPal,Email Campaign,6,4.2,0,10,1,0
C02539,United States,18,Male,Free,8/12/2025,7,166.83,24.65,9,Food & Grocery,Desktop,Credit Card,Social Media,2,3.2,0,0,0,0
C02540,United Kingdom,39,Male,Silver,3/17/2025,8,651.21,93.62,4,Travel & Luggage,Mobile,Debit Card,Paid Ad,2,4,0,4,0,0
C02541,United States,43,Male,Free,12/27/2023,10,868.26,99.55,31,Clothing & Apparel,Mobile,Debit Card,Social Media,1,4.7,1,1,1,0
C02542,Netherlands,39,Male,Platinum,3/25/2026,12,672.22,52.55,51,Clothing & Apparel,Mobile,Debit Card,Social Media,0,4.6,1,0,1,0
C02543,Brazil,21,Male,Free,1/22/2025,7,613.44,81.87,13,Jewelry & Accessories,Desktop,PayPal,Organic Search,0,4.6,0,1,0,0
C02544,Mexico,55,Female,Gold,7/6/2025,8,2634.25,315.96,47,Books,Desktop,PayPal,Organic Search,2,4.5,1,2,0,0
C02545,South Africa,51,Male,Free,9/11/2024,45,1586.48,35.33,64,Electronics,Mobile,Credit Card,Organic Search,13,3.9,2,6,1,0
C02546,India,34,Female,Free,5/7/2024,2,224.4,106.68,72,Health & Wellness,Desktop,Credit Card,Referral,0,4.9,0,0,0,0
C02547,United States,38,Male,Gold,3/29/2024,11,1198.06,100.93,121,Beauty & Personal Care,Mobile,Credit Card,Social Media,2,4.1,0,5,1,0
C02548,United Kingdom,18,Male,Gold,1/31/2026,70,8333.76,127.38,68,Electronics,Mobile,PayPal,Paid Ad,19,4.8,0,17,0,0
C02549,South Korea,37,Male,Free,3/6/2026,25,879.28,33.77,15,Electronics,Mobile,Debit Card,Email Campaign,9,4.4,2,0,1,0
C02550,United Kingdom,42,Female,Silver,12/21/2023,12,308.97,27.81,2,Toys & Games,Mobile,Credit Card,Email Campaign,1,4.3,1,5,0,0
C02551,Netherlands,25,Male,Silver,3/10/2025,4,109.3,27.05,16,Office Supplies,Mobile,PayPal,Social Media,1,3.4,0,1,1,0
C02552,United States,28,Male,Platinum,11/10/2025,15,5674.4,355.87,98,Health & Wellness,Mobile,Credit Card,Paid Ad,3,4.4,0,5,1,0
C02553,United States,27,Male,Free,6/3/2021,4,282.91,72.65,321,Automotive,Desktop,Debit Card,Social Media,1,4.2,0,2,1,0
C02554,United States,18,Female,Platinum,9/13/2025,23,3920.51,180.58,7,Books,Mobile,Debit Card,Social Media,6,2.4,2,4,1,0
C02555,United States,25,Female,Free,2/9/2025,7,1019.99,138.67,34,Clothing & Apparel,Mobile,Credit Card,Organic Search,1,3.9,1,1,1,0
C02556,United States,26,Female,Free,4/17/2024,2,230.46,101.94,6,Health & Wellness,Mobile,Buy Now Pay Later,Paid Ad,0,4.1,0,6,0,0
C02557,France,50,Female,Platinum,10/12/2021,31,2880.49,103.92,38,Clothing & Apparel,Mobile,Credit Card,Organic Search,3,3.7,3,0,1,0
C02558,Brazil,29,Male,Free,3/13/2026,1,44.28,50.83,100,Books,Mobile,Bank Transfer,Social Media,0,3.6,0,1,0,0
C02559,Canada,27,Male,Free,9/16/2024,3,78.2,29.54,1,Electronics,Desktop,Bank Transfer,Referral,1,5,0,6,1,0
C02560,United Kingdom,35,Female,Free,1/8/2025,25,1420.82,59.14,165,Home & Kitchen,Desktop,Credit Card,Email Campaign,2,3.6,1,9,1,0
C02561,United States,22,Female,Platinum,8/15/2025,1,152.84,169.9,15,Toys & Games,Desktop,Credit Card,Referral,0,4,0,7,1,0
C02562,Mexico,41,Male,Free,2/1/2025,3,63.72,23.69,39,Clothing & Apparel,Mobile,PayPal,Organic Search,0,4,0,0,0,0
C02563,United States,18,Male,Gold,2/20/2024,7,1986.04,296.38,24,Home & Kitchen,Mobile,Credit Card,Paid Ad,0,4.4,0,5,1,0
C02564,Germany,29,Female,Platinum,3/13/2025,44,7211.91,186.37,33,Beauty & Personal Care,Desktop,Credit Card,Social Media,9,3,5,9,0,0
C02565,United Kingdom,24,Female,Free,5/16/2024,8,776.16,95.37,3,Toys & Games,Mobile,Debit Card,Email Campaign,1,4.6,0,0,1,0
C02566,United States,25,Male,Gold,3/25/2025,13,617.71,49.1,271,Clothing & Apparel,Tablet,Debit Card,Organic Search,1,4.1,0,16,1,0
C02567,France,28,Female,Free,10/3/2025,31,5196.45,167.63,23,Clothing & Apparel,Mobile,Credit Card,Organic Search,10,4.3,1,7,0,0
C02568,United States,32,Male,Free,10/9/2024,9,286.48,29.12,74,Electronics,Desktop,Credit Card,Organic Search,2,3.4,1,0,0,0
C02569,Germany,42,Other,Gold,7/26/2024,1,56.89,61.11,0,Home & Kitchen,Desktop,PayPal,Direct,0,4.2,0,6,1,0
C02570,India,32,Female,Silver,8/19/2022,3,139.66,44.96,57,Toys & Games,Mobile,Credit Card,Direct,1,4.8,0,7,0,0
C02571,Netherlands,30,Male,Gold,5/30/2025,30,1518.82,44.87,8,Electronics,Mobile,Credit Card,Referral,5,4.9,2,3,1,0
C02572,Canada,45,Female,Gold,12/13/2025,9,640.88,74.43,174,Electronics,Tablet,UPI / Digital Wallet,Email Campaign,3,4.4,0,11,1,0
C02573,United States,31,Female,Free,6/10/2024,15,1470.45,107.31,254,Home & Kitchen,Mobile,Credit Card,Direct,5,4.2,0,10,1,0
C02574,United Kingdom,31,Female,Free,3/15/2023,24,2795.99,125.25,13,Beauty & Personal Care,Mobile,PayPal,Email Campaign,3,4.6,2,5,1,1
C02575,Singapore,18,Female,Free,12/26/2025,8,228.45,32.34,1,Electronics,Desktop,Credit Card,Social Media,2,4.2,1,2,0,0
C02576,Germany,39,Male,Free,6/19/2025,44,2263.81,58.86,167,Office Supplies,Mobile,Debit Card,Direct,4,4.3,2,0,1,0
C02577,United States,27,Male,Free,3/4/2026,28,1013.14,35.74,116,Home & Kitchen,Desktop,Debit Card,Organic Search,9,4.3,0,15,0,1
C02578,Spain,23,Female,Free,11/14/2025,6,771.59,135.77,11,Toys & Games,Mobile,Bank Transfer,Direct,2,4,0,4,1,0
C02579,United States,37,Female,Silver,8/24/2025,15,948.8,64.19,5,Books,Desktop,UPI / Digital Wallet,Direct,3,3.7,1,1,0,0
C02580,United States,32,Female,Free,2/19/2025,39,1361.33,35.36,30,Books,Desktop,PayPal,Direct,5,3.7,2,1,0,0
C02581,India,47,Female,Free,4/30/2025,12,468.65,44.96,20,Sports & Outdoors,Desktop,Debit Card,Direct,4,4.1,0,22,1,0
C02582,South Korea,43,Female,Silver,9/23/2025,11,997.86,81.24,99,Toys & Games,Desktop,PayPal,Direct,1,4.5,0,7,1,0
C02583,United States,20,Female,Free,5/24/2023,7,384.49,62.89,31,Health & Wellness,Mobile,Credit Card,Referral,1,3.2,0,4,1,0
C02584,United States,42,Male,Free,12/18/2025,20,927.1,40.43,65,Home & Kitchen,Desktop,PayPal,Organic Search,3,4.4,1,0,0,0
C02585,United States,37,Female,Silver,7/11/2023,25,3533.3,128.4,2,Beauty & Personal Care,Desktop,Credit Card,Email Campaign,6,4.4,1,4,1,0
C02586,Turkey,44,Female,Free,8/13/2025,1,48.89,45.45,195,Sports & Outdoors,Desktop,Buy Now Pay Later,Direct,0,4.6,0,0,1,0
C02587,Netherlands,18,Female,Silver,3/10/2026,36,4447.82,131.54,24,Beauty & Personal Care,Desktop,Debit Card,Paid Ad,10,4.4,2,22,1,0
C02588,India,49,Female,Silver,12/22/2022,41,2496.53,63.3,69,Electronics,Desktop,Credit Card,Organic Search,6,4.8,0,0,0,0
C02589,United States,43,Female,Free,3/21/2026,10,1968.88,195.7,17,Books,Mobile,PayPal,Direct,2,4.2,0,0,1,0
C02590,United States,31,Male,Free,12/22/2022,21,1215.81,50.57,95,Jewelry & Accessories,Mobile,Credit Card,Organic Search,1,3.5,1,15,0,0
C02591,United States,31,Female,Gold,4/1/2026,16,2341.4,153.82,69,Electronics,Desktop,Bank Transfer,Social Media,4,4.7,0,0,1,0
C02592,South Africa,35,Female,Free,1/15/2024,25,1079.31,40.87,72,Electronics,Desktop,Debit Card,Social Media,2,3.9,3,6,0,0
C02593,United States,42,Male,Free,8/16/2025,27,1173.29,46.44,72,Toys & Games,Tablet,Credit Card,Organic Search,3,4.4,0,2,0,0
C02594,United States,36,Female,Gold,2/10/2026,33,12247.36,403.89,26,Clothing & Apparel,Desktop,Credit Card,Email Campaign,2,4.7,2,5,0,0
C02595,France,26,Male,Gold,7/4/2024,15,958.14,67.51,18,Jewelry & Accessories,Mobile,Credit Card,Social Media,5,3.6,0,1,0,0
C02596,Germany,28,Female,Gold,11/8/2023,20,2237.71,101.49,33,Electronics,Mobile,Credit Card,Email Campaign,2,3,1,0,0,0
C02597,India,40,Female,Free,6/18/2025,11,443.89,43.02,12,Health & Wellness,Mobile,Credit Card,Referral,1,4.5,0,2,0,0
C02598,Singapore,38,Male,Free,9/15/2025,24,1975.38,71.58,42,Clothing & Apparel,Desktop,Debit Card,Email Campaign,9,4.3,3,0,0,0
C02599,United Kingdom,29,Female,Free,9/4/2024,2,189.45,89.52,71,Office Supplies,Mobile,Credit Card,Paid Ad,0,4.1,0,2,1,0
C02600,Japan,40,Male,Gold,3/30/2026,3,159.67,57.89,82,Home & Kitchen,Mobile,UPI / Digital Wallet,Organic Search,0,3.6,0,3,1,0
C02601,India,35,Male,Gold,7/6/2024,1,21.56,24.33,50,Clothing & Apparel,Desktop,Credit Card,Direct,0,3.9,0,1,1,0
C02602,Sweden,18,Female,Silver,8/2/2024,2,266.03,145.2,16,Pet Supplies,Mobile,PayPal,Organic Search,0,4.5,0,0,1,1
C02603,Australia,27,Male,Gold,7/2/2024,10,2250.36,213.63,11,Food & Grocery,Mobile,UPI / Digital Wallet,Organic Search,1,3.1,0,2,1,0
C02604,United States,28,Female,Free,12/12/2025,5,133.06,23.84,3,Toys & Games,Desktop,Debit Card,Paid Ad,0,4.8,0,2,1,0
C02605,United States,28,Male,Free,9/30/2021,6,598.67,101.94,3,Home & Kitchen,Desktop,Credit Card,Referral,1,4.2,0,6,0,0
C02606,India,28,Female,Platinum,7/29/2024,9,544.76,69.7,11,Home & Kitchen,Mobile,Credit Card,Direct,0,4,0,6,1,1
C02607,United States,42,Male,Free,5/29/2025,13,1391.77,94.65,137,Sports & Outdoors,Mobile,PayPal,Social Media,3,4.7,1,1,1,0
C02608,Japan,44,Male,Free,3/8/2026,6,273.99,42.03,21,Beauty & Personal Care,Mobile,Debit Card,Social Media,1,4.4,0,0,1,1
C02609,Japan,24,Female,Free,3/14/2026,16,276.29,18.27,36,Clothing & Apparel,Desktop,Credit Card,Organic Search,2,3.6,2,0,1,0
C02610,India,23,Female,Free,10/19/2021,7,549.97,82.41,161,Books,Mobile,Credit Card,Organic Search,2,4.1,0,0,1,0
C02611,UAE,41,Male,Free,2/5/2026,12,1447.91,138.3,23,Pet Supplies,Mobile,Credit Card,Organic Search,2,4.5,1,1,1,0
C02612,United States,18,Male,Free,3/13/2025,37,3034.98,85.33,244,Electronics,Tablet,PayPal,Social Media,5,4.1,2,0,1,1
C02613,India,25,Female,Free,9/16/2025,14,545.03,34.43,35,Beauty & Personal Care,Mobile,Debit Card,Referral,1,4.5,1,5,0,0
C02614,United Kingdom,31,Female,Platinum,7/27/2025,16,1928.13,105.35,122,Sports & Outdoors,Desktop,Debit Card,Email Campaign,2,2.9,1,2,1,0
C02615,Germany,29,Female,Free,4/16/2023,44,3703.8,74.53,36,Books,Tablet,PayPal,Direct,8,4,5,7,1,0
C02616,United States,31,Male,Silver,9/14/2025,3,105.48,32.75,128,Health & Wellness,Tablet,PayPal,Organic Search,0,3.5,0,0,0,0
C02617,Germany,52,Female,Silver,4/15/2024,9,438.87,50.97,196,Electronics,Desktop,Debit Card,Email Campaign,1,2.8,0,5,1,1
C02618,India,18,Male,Free,2/13/2026,6,191.35,32.62,13,Beauty & Personal Care,Desktop,Credit Card,Organic Search,1,3.8,0,0,1,0
C02619,United Kingdom,22,Male,Free,3/21/2023,5,522.56,119.99,71,Electronics,Mobile,PayPal,Organic Search,0,3.2,0,2,0,0
C02620,United States,30,Female,Silver,3/3/2024,3,173.7,55.44,18,Electronics,Mobile,PayPal,Paid Ad,1,3.3,0,7,1,0
C02621,Singapore,25,Male,Free,3/30/2025,5,89.1,17.45,175,Beauty & Personal Care,Tablet,Credit Card,Organic Search,0,4,0,7,1,0
C02622,Germany,39,Male,Platinum,9/21/2025,18,3657.53,182.14,120,Pet Supplies,Mobile,Credit Card,Social Media,3,3.9,0,2,1,0
C02623,United Kingdom,35,Male,Gold,3/30/2025,6,800.33,116.69,36,Beauty & Personal Care,Mobile,Debit Card,Paid Ad,1,2.1,0,3,1,0
C02624,France,40,Female,Silver,11/30/2025,28,1425.46,58.12,157,Sports & Outdoors,Desktop,Debit Card,Email Campaign,5,4.5,2,0,1,0
C02625,United Kingdom,43,Male,Free,9/4/2025,13,204.37,17.46,38,Food & Grocery,Desktop,Credit Card,Paid Ad,3,3.7,0,3,1,0
C02626,South Korea,49,Female,Silver,4/11/2023,11,813.06,83.76,23,Beauty & Personal Care,Desktop,Debit Card,Social Media,3,4.1,1,0,1,0
C02627,France,25,Male,Silver,9/5/2025,2,224.5,126.74,5,Jewelry & Accessories,Mobile,Credit Card,Email Campaign,0,4.2,0,3,1,0
C02628,Netherlands,40,Male,Free,1/9/2026,19,1715.02,100.5,68,Clothing & Apparel,Tablet,Credit Card,Organic Search,3,4.8,2,0,1,0
C02629,United States,44,Female,Gold,5/12/2024,13,452.88,31.66,189,Books,Mobile,Buy Now Pay Later,Social Media,0,4.2,0,3,1,1
C02630,United States,42,Other,Free,5/5/2024,1,77.51,72.48,0,Books,Desktop,PayPal,Referral,0,4.3,0,8,1,1
C02631,Mexico,24,Female,Gold,3/9/2025,3,127.15,42.69,42,Electronics,Mobile,Credit Card,Organic Search,0,2.9,0,8,1,0
C02632,Germany,48,Male,Free,6/13/2021,4,413.38,97.61,69,Home & Kitchen,Mobile,Credit Card,Organic Search,0,4.7,0,5,0,0
C02633,Germany,35,Female,Silver,11/14/2025,1,30.33,31.35,33,Health & Wellness,Mobile,Debit Card,Email Campaign,0,4.9,0,12,0,0
C02634,United Kingdom,28,Female,Free,8/16/2023,10,477.21,48.11,179,Electronics,Tablet,Buy Now Pay Later,Paid Ad,2,4.3,1,2,0,0
C02635,United Kingdom,41,Female,Platinum,5/12/2023,19,3719.01,189.36,34,Books,Mobile,Bank Transfer,Social Media,3,3.4,0,1,0,0
C02636,Netherlands,35,Male,Gold,3/27/2025,7,1842.03,276.9,44,Home & Kitchen,Desktop,Credit Card,Organic Search,0,4.2,0,3,1,0
C02637,Canada,30,Female,Platinum,3/6/2025,4,436.4,108.93,27,Home & Kitchen,Desktop,Credit Card,Referral,0,3.8,0,5,1,0
C02638,United States,32,Female,Platinum,6/26/2022,3,442.92,136.87,66,Clothing & Apparel,Desktop,Credit Card,Paid Ad,0,4.6,0,3,0,0
C02639,United States,34,Male,Free,6/6/2018,16,4037.13,254.92,97,Clothing & Apparel,Desktop,Debit Card,Email Campaign,4,4.7,2,0,1,0
C02640,France,33,Male,Silver,9/5/2023,49,1573.54,29.87,4,Sports & Outdoors,Desktop,Cryptocurrency,Social Media,17,4,3,0,1,0
C02641,United States,18,Male,Free,6/26/2022,22,650.96,34.02,25,Food & Grocery,Mobile,PayPal,Referral,5,2.9,0,1,0,0
C02642,Germany,38,Female,Silver,6/3/2024,3,304.58,110.14,11,Food & Grocery,Tablet,Debit Card,Organic Search,0,3.7,0,0,1,0
C02643,Turkey,41,Male,Free,9/11/2024,52,2966.19,60.48,103,Electronics,Desktop,Credit Card,Paid Ad,9,3.9,1,1,0,0
C02644,United States,27,Male,Free,9/10/2024,26,1775.26,62.89,15,Clothing & Apparel,Desktop,Debit Card,Organic Search,2,4.1,1,3,1,0
C02645,United States,34,Female,Free,3/5/2026,16,2397.42,153.5,46,Jewelry & Accessories,Mobile,Credit Card,Social Media,1,4.7,0,3,1,0
C02646,France,47,Male,Free,3/30/2026,8,532.82,59.64,43,Food & Grocery,Mobile,Credit Card,Paid Ad,1,4.3,1,2,1,0
C02647,United Kingdom,38,Female,Free,2/11/2024,4,581.87,166.5,11,Jewelry & Accessories,Mobile,UPI / Digital Wallet,Social Media,1,4.3,0,0,0,0
C02648,South Korea,29,Male,Free,1/17/2026,20,3909.27,178.82,78,Automotive,Mobile,PayPal,Paid Ad,1,3.9,0,1,0,0
C02649,Poland,29,Male,Free,7/23/2025,5,161.1,35.02,31,Clothing & Apparel,Desktop,PayPal,Social Media,0,3.4,0,3,0,0
C02650,United States,31,Male,Free,4/5/2025,29,2721.06,103.31,38,Books,Desktop,Credit Card,Organic Search,2,4,4,6,1,0
C02651,Australia,52,Male,Silver,12/12/2025,65,969.77,13.24,1,Clothing & Apparel,Mobile,PayPal,Social Media,14,3.9,8,0,0,0
C02652,United States,31,Female,Free,3/10/2023,62,2854.21,41.06,140,Jewelry & Accessories,Mobile,Debit Card,Direct,20,4.5,6,0,1,0
C02653,Italy,45,Female,Free,1/11/2025,7,776.73,121.82,122,Clothing & Apparel,Mobile,Credit Card,Email Campaign,2,4.2,0,5,1,0
C02654,Singapore,23,Male,Free,4/18/2024,8,374.54,50.85,15,Beauty & Personal Care,Mobile,Bank Transfer,Organic Search,0,3.4,1,0,0,0
C02655,Poland,39,Female,Silver,3/31/2026,10,573.42,51.64,4,Electronics,Desktop,PayPal,Organic Search,3,3.7,0,2,0,0
C02656,United States,23,Female,Silver,12/10/2024,10,764.86,87.06,130,Clothing & Apparel,Mobile,Credit Card,Paid Ad,1,4.7,0,6,1,0
C02657,United States,26,Female,Gold,7/4/2022,17,1171.38,65.02,7,Toys & Games,Mobile,Debit Card,Email Campaign,5,4.7,0,1,1,0
C02658,United States,31,Female,Free,6/15/2017,28,553.36,23.21,12,Food & Grocery,Tablet,Debit Card,Referral,7,4.8,1,0,1,0
C02659,India,45,Male,Silver,7/19/2025,37,795.38,22.39,52,Travel & Luggage,Tablet,Credit Card,Organic Search,8,3.2,1,1,1,0
C02660,United States,38,Male,Free,2/23/2021,18,748.5,37.28,168,Sports & Outdoors,Mobile,Debit Card,Social Media,6,3.8,0,1,0,0
C02661,Brazil,46,Male,Gold,8/4/2024,7,324.55,42.1,8,Food & Grocery,Desktop,Credit Card,Email Campaign,1,4.2,0,0,0,0
C02662,United States,23,Female,Gold,12/21/2025,16,2646.75,172.54,172,Electronics,Mobile,Buy Now Pay Later,Email Campaign,3,3.5,1,1,0,0
C02663,Canada,35,Male,Free,1/20/2026,28,1767.33,71.25,47,Home & Kitchen,Tablet,Credit Card,Social Media,2,3.8,2,2,0,0
C02664,Singapore,18,Male,Free,5/30/2024,23,1148.9,52.64,36,Clothing & Apparel,Mobile,Cryptocurrency,Referral,2,4,2,9,0,0
C02665,France,42,Female,Free,4/28/2024,9,358,41.85,0,Office Supplies,Tablet,UPI / Digital Wallet,Organic Search,0,4.2,0,1,1,0
C02666,South Korea,25,Female,Free,3/13/2026,13,282.65,20.61,190,Toys & Games,Tablet,Credit Card,Social Media,2,3.8,1,0,0,0
C02667,Singapore,18,Female,Free,10/27/2025,23,528.43,23.51,52,Clothing & Apparel,Mobile,PayPal,Referral,5,3.7,1,12,1,0
C02668,India,58,Male,Free,1/15/2026,17,419.54,28.62,35,Books,Mobile,Debit Card,Organic Search,3,3.1,0,1,0,0
C02669,Singapore,26,Female,Silver,9/3/2022,10,428.3,40.2,26,Automotive,Mobile,Credit Card,Social Media,2,4.3,1,7,1,0
C02670,Germany,25,Male,Free,8/6/2024,30,1449.69,54.08,132,Automotive,Desktop,PayPal,Paid Ad,3,4.8,0,0,1,0
C02671,United States,28,Male,Gold,5/24/2023,6,1040.36,181.35,15,Electronics,Mobile,PayPal,Organic Search,1,3.1,0,5,0,0
C02672,France,25,Female,Platinum,5/11/2025,9,695.69,74.57,25,Food & Grocery,Desktop,Debit Card,Social Media,2,4,0,9,1,0
C02673,Italy,18,Female,Free,1/8/2025,6,271.58,51.63,63,Food & Grocery,Mobile,Credit Card,Social Media,2,3.4,0,1,1,0
C02674,Italy,32,Male,Silver,12/17/2024,16,1086.95,70.06,43,Clothing & Apparel,Mobile,PayPal,Paid Ad,6,3.9,1,1,0,0
C02675,United Kingdom,37,Male,Silver,12/14/2024,25,457.68,20.28,6,Home & Kitchen,Tablet,Debit Card,Organic Search,1,4.3,1,0,1,0
C02676,United Kingdom,38,Female,Silver,12/4/2018,14,1172.92,81.18,133,Food & Grocery,Mobile,PayPal,Paid Ad,1,3.9,2,19,0,0
C02677,Turkey,61,Female,Free,5/18/2024,33,2947.66,77.91,22,Clothing & Apparel,Mobile,Debit Card,Organic Search,6,4.2,1,17,0,0
C02678,Brazil,19,Male,Gold,7/2/2024,1,87.42,86.59,138,Clothing & Apparel,Mobile,Debit Card,Direct,0,4.5,0,5,0,0
C02679,Netherlands,40,Male,Free,9/12/2025,20,1437.46,80.68,73,Home & Kitchen,Mobile,Buy Now Pay Later,Paid Ad,4,4.8,1,5,0,0
C02680,United States,49,Female,Free,12/12/2024,11,432.41,39.26,12,Electronics,Mobile,Credit Card,Direct,0,3.9,0,3,0,0
C02681,India,18,Other,Free,1/4/2026,1,170.23,151.84,41,Toys & Games,Tablet,UPI / Digital Wallet,Organic Search,0,3.9,0,9,1,1
C02682,Australia,24,Male,Platinum,5/30/2025,6,391.82,64.07,60,Electronics,Mobile,UPI / Digital Wallet,Social Media,1,3.9,0,11,0,0
C02683,India,34,Female,Silver,3/20/2022,15,4016.33,245.56,91,Clothing & Apparel,Desktop,Credit Card,Email Campaign,2,4.7,2,2,1,0
C02684,United States,48,Female,Free,9/27/2025,25,1178.84,42,13,Home & Kitchen,Desktop,Buy Now Pay Later,Email Campaign,5,3.6,0,2,0,0
C02685,South Korea,29,Female,Free,1/13/2025,17,1770.75,98.06,69,Electronics,Mobile,Buy Now Pay Later,Organic Search,5,4.6,2,4,1,0
C02686,Japan,32,Male,Silver,9/18/2025,23,595.22,26.84,54,Food & Grocery,Mobile,Credit Card,Social Media,1,4.2,2,1,0,0
C02687,Canada,29,Male,Gold,1/10/2026,3,654.12,217.54,7,Books,Mobile,PayPal,Social Media,0,4.3,0,8,0,0
C02688,Germany,49,Female,Platinum,4/1/2024,8,135.3,16.6,17,Jewelry & Accessories,Mobile,Debit Card,Social Media,0,4.5,0,5,1,0
C02689,Brazil,40,Female,Free,2/19/2024,13,801.43,70.07,69,Pet Supplies,Mobile,Credit Card,Organic Search,4,4.3,1,3,0,0
C02690,Poland,44,Female,Gold,6/23/2025,4,564.67,144.81,106,Toys & Games,Mobile,Credit Card,Referral,0,4.2,0,5,1,0
C02691,Singapore,30,Male,Gold,4/21/2023,9,740.47,82.04,182,Electronics,Mobile,Debit Card,Email Campaign,1,4.6,1,11,0,0
C02692,Japan,18,Male,Platinum,6/15/2025,13,503.55,37.04,53,Clothing & Apparel,Tablet,Credit Card,Social Media,0,3.8,0,2,1,0
C02693,India,45,Female,Free,12/5/2025,72,14003.76,208.2,157,Clothing & Apparel,Mobile,Debit Card,Paid Ad,10,3.6,8,3,0,0
C02694,United States,32,Female,Free,10/17/2025,28,3889.15,137.02,11,Food & Grocery,Mobile,Credit Card,Organic Search,4,3.7,1,3,1,0
C02695,South Africa,35,Female,Free,9/3/2025,7,885.36,110.87,124,Books,Mobile,PayPal,Paid Ad,0,3.4,1,4,1,0
C02696,United States,42,Female,Platinum,9/6/2024,6,257.6,44.13,11,Health & Wellness,Mobile,Credit Card,Organic Search,0,4,0,14,1,0
C02697,United Kingdom,37,Female,Silver,6/6/2024,13,537.38,40.6,11,Books,Mobile,Debit Card,Email Campaign,2,4.6,1,27,1,0
C02698,South Korea,18,Female,Silver,4/1/2026,4,204.25,54.57,24,Electronics,Tablet,Credit Card,Organic Search,1,3.9,0,10,1,0
C02699,India,18,Male,Gold,10/13/2025,21,823.77,43.1,115,Toys & Games,Tablet,Credit Card,Email Campaign,4,3.9,2,4,1,0
C02700,United States,45,Male,Free,9/10/2025,4,218.32,61.91,275,Clothing & Apparel,Desktop,Debit Card,Email Campaign,1,3.9,0,1,1,1
C02701,India,42,Female,Free,5/19/2025,18,644.82,42.04,32,Books,Mobile,Credit Card,Social Media,5,3.7,0,1,1,0
C02702,South Africa,28,Male,Gold,1/31/2024,20,1239,69.52,31,Books,Desktop,Cryptocurrency,Social Media,1,4.5,2,5,0,0
C02703,Germany,25,Male,Gold,9/30/2024,5,585.25,113.97,77,Books,Desktop,Credit Card,Organic Search,0,4.1,0,9,1,0
C02704,India,35,Other,Gold,6/16/2025,34,4793.85,164.66,3,Home & Kitchen,Mobile,Credit Card,Social Media,3,4.7,2,14,1,0
C02705,United States,32,Female,Free,1/17/2026,23,4163.96,194.23,40,Electronics,Mobile,UPI / Digital Wallet,Social Media,4,4.7,3,4,1,0
C02706,South Africa,61,Male,Free,9/4/2025,4,207.2,49.97,21,Electronics,Desktop,PayPal,Organic Search,1,4.7,0,8,0,0
C02707,United States,35,Male,Free,9/16/2024,52,3807.65,71.11,15,Books,Desktop,Credit Card,Referral,15,4.3,6,4,0,0
C02708,Italy,37,Male,Gold,3/1/2025,14,592.42,45.07,158,Clothing & Apparel,Mobile,Debit Card,Email Campaign,1,4.7,0,2,0,0
C02709,United States,24,Male,Free,12/13/2024,18,1617.79,81.81,0,Books,Mobile,Debit Card,Social Media,6,4.7,2,1,0,1
C02710,United Kingdom,41,Female,Platinum,4/7/2025,3,1118.7,341.55,20,Books,Tablet,Cryptocurrency,Social Media,0,4.1,0,3,0,1
C02711,India,20,Male,Gold,3/7/2026,38,1461.71,35.33,41,Beauty & Personal Care,Mobile,Credit Card,Organic Search,3,4.7,2,5,0,0
C02712,Japan,32,Male,Silver,4/12/2025,14,1107.44,83.62,26,Clothing & Apparel,Mobile,Debit Card,Social Media,2,4,2,3,1,0
C02713,Germany,32,Female,Silver,1/20/2026,5,1242.36,237.3,188,Toys & Games,Mobile,Debit Card,Email Campaign,1,4.8,0,1,0,0
C02714,Germany,37,Female,Free,1/5/2025,12,496.88,37.71,55,Beauty & Personal Care,Mobile,PayPal,Organic Search,2,4.4,0,5,0,0
C02715,United States,23,Male,Silver,1/8/2026,7,547.25,69.97,82,Electronics,Mobile,Credit Card,Paid Ad,1,4.6,0,5,1,0
C02716,Australia,38,Female,Silver,8/2/2025,9,850.5,95.54,166,Travel & Luggage,Desktop,Bank Transfer,Paid Ad,2,4.4,0,6,0,0
C02717,United States,45,Female,Free,4/3/2025,47,2774.95,54.29,42,Automotive,Desktop,Debit Card,Paid Ad,3,4.7,4,4,1,0
C02718,Germany,35,Female,Gold,6/12/2025,3,133.02,39.54,11,Electronics,Desktop,PayPal,Organic Search,0,4.1,0,1,1,1
C02719,Mexico,42,Female,Gold,2/4/2026,2,196.65,97.92,2,Pet Supplies,Desktop,PayPal,Organic Search,0,3.8,0,0,1,0
C02720,Spain,59,Female,Silver,12/25/2025,70,3958.84,60.19,13,Food & Grocery,Mobile,Debit Card,Social Media,11,4.6,7,4,1,0
C02721,United Kingdom,53,Female,Silver,1/10/2026,32,2638.51,92.67,1,Health & Wellness,Tablet,UPI / Digital Wallet,Direct,3,4.6,2,5,0,0
C02722,Brazil,57,Female,Free,9/25/2025,25,2357.36,86.51,1,Electronics,Mobile,PayPal,Email Campaign,2,4.6,3,18,1,0
C02723,India,48,Male,Free,1/18/2025,29,2138.75,80.45,75,Home & Kitchen,Desktop,PayPal,Organic Search,1,4.3,3,4,0,0
C02724,Brazil,39,Male,Free,1/1/2026,12,1041.93,80.04,92,Office Supplies,Mobile,Debit Card,Organic Search,1,4.2,1,5,1,0
C02725,United States,35,Female,Free,1/11/2026,21,851.05,42.28,18,Sports & Outdoors,Desktop,Debit Card,Email Campaign,6,3.6,1,8,1,0
C02726,Canada,38,Female,Silver,8/3/2025,2,107.41,59.59,74,Automotive,Desktop,PayPal,Social Media,0,4.5,0,0,1,1
C02727,Italy,31,Male,Free,11/26/2023,24,2355.21,93.72,87,Clothing & Apparel,Mobile,Credit Card,Direct,3,4.5,0,10,1,0
C02728,France,41,Male,Free,3/2/2025,21,2046.96,103.5,118,Sports & Outdoors,Mobile,Credit Card,Organic Search,6,4.8,0,7,1,0
C02729,Australia,54,Male,Free,1/12/2024,76,3340.26,42.5,4,Electronics,Desktop,Credit Card,Direct,13,3.5,2,1,1,0
C02730,South Korea,40,Other,Free,12/11/2024,7,2623.66,352.83,169,Food & Grocery,Mobile,Credit Card,Organic Search,1,4.7,0,4,0,0
C02731,United States,45,Female,Silver,4/15/2024,20,587.48,31.31,49,Pet Supplies,Desktop,PayPal,Organic Search,6,4.3,0,5,0,0
C02732,Germany,30,Female,Free,10/21/2024,10,452.58,40.88,32,Clothing & Apparel,Tablet,Cryptocurrency,Email Campaign,0,2.6,0,1,0,0
C02733,United States,49,Female,Gold,2/17/2026,4,246.88,70.25,11,Health & Wellness,Mobile,UPI / Digital Wallet,Social Media,1,4.8,0,13,1,0
C02734,United Kingdom,29,Female,Free,3/16/2026,28,919.65,38.57,2,Electronics,Mobile,PayPal,Organic Search,6,4.8,0,0,0,0
C02735,Canada,48,Female,Free,9/15/2025,14,1449.78,108.43,4,Home & Kitchen,Mobile,Credit Card,Direct,3,4.4,0,11,0,0
C02736,Poland,18,Male,Free,12/17/2024,2,190.9,107.45,10,Books,Mobile,PayPal,Email Campaign,0,3.8,0,9,0,0
C02737,United Kingdom,21,Other,Silver,5/13/2022,38,1410.01,36.35,50,Electronics,Mobile,Debit Card,Social Media,6,4.6,1,12,1,0
C02738,United Kingdom,38,Female,Free,6/24/2025,15,1303.34,80.35,42,Food & Grocery,Mobile,PayPal,Paid Ad,5,4.5,0,1,0,0
C02739,United States,42,Male,Silver,2/20/2026,13,775.31,52.14,14,Sports & Outdoors,Desktop,Credit Card,Organic Search,1,3.9,0,0,0,0
C02740,United States,23,Female,Free,12/4/2024,5,1176.86,254.4,46,Jewelry & Accessories,Mobile,PayPal,Organic Search,0,2.8,0,5,1,0
C02741,United States,40,Female,Free,1/2/2026,9,714.28,83.77,81,Books,Mobile,Debit Card,Paid Ad,3,3.9,0,0,1,0
C02742,United States,35,Female,Free,1/10/2026,5,761.08,141.13,34,Electronics,Desktop,Buy Now Pay Later,Social Media,1,3.9,0,10,1,0
C02743,United Kingdom,45,Male,Silver,2/22/2026,10,794.15,89.67,12,Beauty & Personal Care,Desktop,Credit Card,Organic Search,0,4.7,0,4,1,0
C02744,Spain,49,Male,Gold,2/1/2025,38,3767.9,102.6,45,Clothing & Apparel,Desktop,Credit Card,Referral,9,4.5,4,5,1,1
C02745,United Kingdom,34,Male,Free,4/5/2025,1,55.91,51.36,42,Home & Kitchen,Mobile,Credit Card,Direct,0,3.2,0,3,1,0
C02746,India,33,Female,Free,10/26/2024,1,93.01,102.12,37,Sports & Outdoors,Mobile,Credit Card,Social Media,0,3.9,0,0,1,1
C02747,Brazil,45,Male,Free,11/5/2024,9,537.59,61.09,22,Jewelry & Accessories,Mobile,Credit Card,Paid Ad,3,4.6,1,4,1,0
C02748,Sweden,44,Female,Silver,7/12/2025,7,331.88,42.31,23,Food & Grocery,Mobile,Debit Card,Paid Ad,1,4.5,0,2,1,0
C02749,France,45,Female,Free,1/2/2026,10,1120.14,108.55,8,Electronics,Desktop,UPI / Digital Wallet,Email Campaign,0,4.2,0,0,0,0
C02750,India,30,Male,Free,1/10/2022,12,1405.93,116.85,37,Clothing & Apparel,Desktop,Debit Card,Social Media,4,3.7,0,2,0,0
C02751,Germany,23,Male,Free,10/11/2024,40,8409.08,232.16,26,Pet Supplies,Mobile,Debit Card,Paid Ad,3,4.4,2,2,1,0
C02752,Australia,45,Male,Free,3/17/2026,9,211.62,26.55,47,Home & Kitchen,Mobile,PayPal,Referral,3,3,0,0,1,0
C02753,United States,33,Female,Free,12/20/2021,51,6198.36,123.96,26,Health & Wellness,Desktop,Debit Card,Paid Ad,17,3.2,6,2,1,0
C02754,United States,52,Female,Silver,11/26/2025,9,1818.75,205.83,10,Sports & Outdoors,Tablet,Bank Transfer,Email Campaign,2,4.7,1,4,0,0
C02755,United Kingdom,35,Female,Silver,4/13/2023,21,980.19,53.26,6,Electronics,Mobile,Bank Transfer,Organic Search,6,3.4,1,9,1,0
C02756,United States,24,Male,Free,7/18/2024,4,262.32,60.48,24,Clothing & Apparel,Mobile,Credit Card,Social Media,1,4.2,0,1,0,0
C02757,United States,28,Female,Free,10/10/2024,11,465.64,41.3,65,Electronics,Desktop,Credit Card,Email Campaign,3,3.9,0,2,1,0
C02758,India,40,Male,Free,2/5/2024,43,1520.18,39.21,103,Electronics,Mobile,UPI / Digital Wallet,Email Campaign,13,4.2,0,1,0,0
C02759,United Kingdom,43,Male,Free,6/9/2025,7,1974.33,278.7,68,Office Supplies,Mobile,Credit Card,Social Media,0,3.7,0,1,1,0
C02760,United States,39,Male,Silver,9/9/2025,9,969.6,96.12,111,Sports & Outdoors,Mobile,Debit Card,Paid Ad,2,4.3,1,1,1,0
C02761,Canada,56,Other,Silver,3/24/2021,25,1006.62,35.98,7,Home & Kitchen,Mobile,PayPal,Paid Ad,9,4.6,3,1,1,0
C02762,Netherlands,28,Male,Silver,12/12/2025,2,47.39,23.66,38,Pet Supplies,Mobile,Credit Card,Paid Ad,0,4.8,0,4,1,0
C02763,United States,36,Male,Free,10/20/2025,8,562.09,82.52,1,Clothing & Apparel,Tablet,Credit Card,Referral,2,4,0,2,1,0
C02764,Singapore,34,Female,Silver,3/31/2024,1,143.36,130.2,109,Clothing & Apparel,Mobile,Bank Transfer,Referral,0,3.8,0,1,0,0
C02765,Netherlands,53,Female,Silver,3/16/2026,6,580.16,102.72,57,Clothing & Apparel,Desktop,Debit Card,Social Media,1,4.5,0,5,1,1
C02766,United States,25,Male,Silver,8/21/2022,9,367.49,37.8,34,Clothing & Apparel,Mobile,PayPal,Direct,3,3.9,0,15,0,0
C02767,Italy,25,Male,Silver,2/25/2025,10,570.07,58.25,50,Jewelry & Accessories,Mobile,Debit Card,Paid Ad,0,4.2,0,2,0,0
C02768,United States,19,Male,Free,7/15/2025,20,301.81,17.07,1,Electronics,Desktop,PayPal,Organic Search,7,3.8,0,5,0,0
C02769,United States,18,Female,Free,5/20/2020,25,2470.12,108.47,15,Electronics,Desktop,UPI / Digital Wallet,Social Media,7,4.2,1,11,0,0
C02770,United States,45,Female,Silver,10/21/2023,28,1702.43,58.33,14,Travel & Luggage,Mobile,Credit Card,Direct,3,4.9,3,3,0,0
C02771,United Kingdom,18,Female,Free,4/22/2025,3,264.69,89.28,99,Clothing & Apparel,Tablet,Credit Card,Email Campaign,0,4.1,0,9,1,0
C02772,Canada,46,Female,Silver,4/25/2025,5,242.67,54.31,154,Clothing & Apparel,Desktop,Credit Card,Email Campaign,1,4.5,0,2,0,0
C02773,France,34,Male,Free,1/24/2026,17,702.74,38.07,49,Clothing & Apparel,Mobile,Credit Card,Organic Search,2,3.1,2,10,1,0
C02774,Japan,26,Male,Platinum,10/26/2025,22,2134.76,86.49,12,Beauty & Personal Care,Mobile,Credit Card,Organic Search,6,4.2,0,3,1,0
C02775,United States,36,Male,Free,2/8/2024,6,277.9,42.87,82,Jewelry & Accessories,Desktop,Debit Card,Referral,1,4.3,0,12,0,1
C02776,Germany,43,Male,Silver,2/7/2026,5,184.79,43.21,0,Clothing & Apparel,Mobile,Credit Card,Organic Search,1,4.4,0,1,1,0
C02777,Australia,45,Female,Free,2/23/2026,6,294.09,54.97,104,Jewelry & Accessories,Mobile,UPI / Digital Wallet,Organic Search,2,4.1,0,4,1,0
C02778,Brazil,33,Female,Free,1/5/2023,8,484.49,67.34,58,Electronics,Desktop,PayPal,Social Media,2,3.3,0,0,1,0
C02779,United States,30,Male,Free,6/26/2025,33,1241.52,36.79,35,Clothing & Apparel,Mobile,Debit Card,Paid Ad,12,4.3,1,5,1,0
C02780,Canada,30,Female,Free,6/6/2023,6,2930.22,492.83,110,Beauty & Personal Care,Mobile,Debit Card,Organic Search,2,4,0,7,0,0
C02781,Canada,34,Male,Free,1/11/2025,50,2851.42,49.92,46,Toys & Games,Mobile,Bank Transfer,Organic Search,13,4.2,2,3,1,0
C02782,United States,45,Female,Gold,12/6/2025,14,630.12,39.95,121,Electronics,Tablet,Credit Card,Social Media,1,4.5,1,24,0,0
C02783,United Kingdom,31,Female,Silver,9/29/2024,39,6924.57,195.96,53,Electronics,Desktop,Debit Card,Social Media,8,4,4,0,1,0
C02784,Italy,40,Male,Free,8/10/2025,41,2815.37,72.7,107,Toys & Games,Desktop,Bank Transfer,Paid Ad,8,4.6,4,3,1,0
C02785,United States,34,Male,Free,3/24/2026,16,1242.64,90.48,3,Electronics,Mobile,Debit Card,Email Campaign,3,3,2,1,1,0
C02786,Canada,35,Female,Platinum,2/19/2026,19,1661.9,76.42,22,Beauty & Personal Care,Desktop,Credit Card,Paid Ad,1,3.2,1,3,1,0
C02787,United Kingdom,18,Female,Free,3/4/2025,15,1160.56,69.64,19,Clothing & Apparel,Mobile,Debit Card,Organic Search,5,3.9,1,16,1,0
C02788,India,32,Female,Free,2/12/2023,13,698.47,49.92,63,Travel & Luggage,Desktop,Credit Card,Paid Ad,4,4.6,1,0,0,0
C02789,Germany,18,Male,Gold,12/29/2022,25,4382.13,165.52,15,Clothing & Apparel,Tablet,Debit Card,Referral,8,3.7,0,9,1,0
C02790,Japan,37,Female,Gold,9/4/2025,7,1010.55,161.59,26,Books,Desktop,UPI / Digital Wallet,Organic Search,2,4.5,0,1,0,0
C02791,United States,47,Male,Silver,3/15/2026,13,1685.95,135.72,26,Electronics,Desktop,PayPal,Direct,1,4.2,0,0,1,0
C02792,Australia,42,Male,Silver,2/7/2025,7,247.15,41.05,113,Clothing & Apparel,Desktop,Credit Card,Email Campaign,2,4.6,1,7,0,0
C02793,France,39,Female,Platinum,3/9/2026,18,648.51,31.54,13,Clothing & Apparel,Desktop,Debit Card,Paid Ad,1,4.4,1,0,0,0
C02794,Australia,18,Male,Free,10/2/2023,27,9148.88,344.49,48,Electronics,Desktop,Credit Card,Paid Ad,9,3.9,3,5,0,0
C02795,Germany,46,Female,Silver,10/27/2024,47,2381.1,55.93,23,Toys & Games,Desktop,UPI / Digital Wallet,Email Campaign,8,3.7,6,2,1,0
C02796,United States,34,Male,Free,6/24/2023,12,1100.94,91.44,158,Clothing & Apparel,Desktop,Debit Card,Email Campaign,3,4.2,0,1,0,0
C02797,Mexico,33,Male,Free,7/16/2021,11,1152.27,120.05,68,Sports & Outdoors,Mobile,Buy Now Pay Later,Social Media,2,3.8,0,6,1,0
C02798,United States,23,Other,Free,5/22/2023,9,1239.38,127.16,91,Clothing & Apparel,Tablet,PayPal,Email Campaign,2,4,0,0,1,0
C02799,United States,47,Male,Free,7/8/2023,20,817.24,44.73,63,Home & Kitchen,Desktop,Credit Card,Social Media,4,4.2,1,0,0,0
C02800,Spain,59,Female,Silver,1/2/2026,9,263.57,32.51,0,Health & Wellness,Tablet,Credit Card,Organic Search,1,4.8,0,1,1,0
C02801,Turkey,21,Male,Gold,3/26/2026,29,1824.92,62.97,116,Home & Kitchen,Tablet,Debit Card,Direct,9,4.6,3,10,1,0
C02802,Singapore,37,Male,Free,5/6/2025,12,809.84,60.34,10,Home & Kitchen,Desktop,Buy Now Pay Later,Paid Ad,1,4.8,0,2,1,0
C02803,United Kingdom,32,Female,Silver,6/7/2025,4,145.08,36.42,75,Jewelry & Accessories,Mobile,Debit Card,Referral,0,4.7,0,1,1,0
C02804,United Kingdom,46,Female,Silver,3/11/2023,29,2364.73,93.52,185,Travel & Luggage,Mobile,Credit Card,Email Campaign,4,4,3,7,1,1
C02805,United States,69,Male,Gold,3/2/2026,5,586.48,124.1,109,Home & Kitchen,Desktop,Credit Card,Organic Search,1,4.6,0,4,0,0
C02806,United States,38,Male,Free,11/29/2025,36,7015.57,226.65,21,Beauty & Personal Care,Desktop,Debit Card,Referral,9,4.6,2,0,0,0
C02807,United States,28,Male,Platinum,8/2/2025,5,840.5,170.34,65,Food & Grocery,Mobile,PayPal,Social Media,1,3.5,0,5,1,0
C02808,Canada,46,Male,Gold,5/20/2023,33,5430.96,154.27,18,Home & Kitchen,Tablet,Credit Card,Organic Search,12,4.6,2,8,1,0
C02809,Poland,39,Female,Gold,12/14/2022,32,3078.22,108.64,73,Electronics,Mobile,Credit Card,Paid Ad,8,3.6,3,0,1,0
C02810,France,36,Female,Gold,7/9/2023,32,11099.37,314,217,Jewelry & Accessories,Tablet,PayPal,Social Media,5,3.8,1,4,0,1
C02811,Germany,38,Male,Platinum,4/24/2024,13,5221.95,363.82,157,Travel & Luggage,Mobile,UPI / Digital Wallet,Email Campaign,1,4.1,0,0,1,0
C02812,South Africa,28,Female,Silver,11/3/2025,21,4006.65,208.37,26,Sports & Outdoors,Mobile,UPI / Digital Wallet,Email Campaign,7,3.5,1,2,0,0
C02813,Germany,45,Female,Free,3/25/2025,9,696.5,83.88,13,Electronics,Mobile,Buy Now Pay Later,Organic Search,1,4.2,0,7,0,0
C02814,Germany,23,Female,Free,8/24/2024,70,3531.19,49.99,104,Electronics,Mobile,Debit Card,Paid Ad,25,4.5,1,14,1,0
C02815,Brazil,38,Female,Gold,7/16/2025,15,534.07,36.62,144,Electronics,Mobile,Debit Card,Social Media,4,4.3,2,3,1,0
C02816,Mexico,43,Male,Silver,3/8/2026,9,1345.46,167.61,132,Health & Wellness,Mobile,Credit Card,Social Media,0,3.7,0,13,0,0
C02817,United States,54,Female,Platinum,10/18/2021,10,815.17,88.73,82,Toys & Games,Mobile,UPI / Digital Wallet,Direct,3,3.8,0,1,0,0
C02818,Brazil,21,Male,Free,10/20/2023,28,1945.69,63.35,6,Electronics,Mobile,Credit Card,Paid Ad,8,3.9,0,3,0,0
C02819,Brazil,45,Male,Gold,8/20/2024,3,429.23,138.55,24,Beauty & Personal Care,Desktop,Debit Card,Social Media,0,3.4,0,2,0,0
C02820,France,37,Female,Free,8/16/2025,13,1635.47,129.91,144,Beauty & Personal Care,Mobile,PayPal,Email Campaign,4,3,1,1,1,0
C02821,United States,47,Male,Free,4/26/2022,12,402.62,33.66,77,Clothing & Apparel,Mobile,UPI / Digital Wallet,Social Media,1,4.7,0,2,1,0
C02822,Japan,32,Male,Silver,4/10/2021,11,1173.3,105.11,25,Home & Kitchen,Tablet,Debit Card,Social Media,0,4.8,1,4,1,0
C02823,United Kingdom,42,Other,Gold,9/22/2023,32,3873.99,126.5,70,Clothing & Apparel,Desktop,Credit Card,Organic Search,8,3.9,4,3,0,0
C02824,Mexico,22,Male,Silver,3/26/2014,6,426.06,75.4,55,Clothing & Apparel,Mobile,Cryptocurrency,Paid Ad,1,4.5,0,0,0,0
C02825,United States,42,Female,Silver,11/23/2025,71,4093.28,52.98,208,Books,Desktop,Debit Card,Social Media,14,3.8,10,3,1,0
C02826,India,27,Female,Silver,9/6/2021,1,114.24,109.64,48,Sports & Outdoors,Tablet,UPI / Digital Wallet,Social Media,0,3.3,0,10,1,1
C02827,France,57,Male,Silver,3/29/2026,8,422.78,61.72,8,Electronics,Mobile,Debit Card,Organic Search,3,4.8,0,4,0,0
C02828,United Kingdom,20,Female,Free,10/11/2023,7,807.33,129.41,157,Clothing & Apparel,Mobile,Credit Card,Organic Search,2,4.4,0,14,0,0
C02829,Singapore,42,Female,Free,1/14/2026,17,1366.59,88.73,141,Clothing & Apparel,Desktop,Credit Card,Direct,3,4.4,0,6,1,0
C02830,United States,47,Male,Silver,12/15/2025,45,996.1,19.96,40,Electronics,Mobile,Debit Card,Organic Search,7,3.6,3,2,1,0
C02831,United States,38,Female,Free,2/20/2025,35,2113.33,53.01,36,Beauty & Personal Care,Mobile,Debit Card,Organic Search,4,4.3,0,2,0,0
C02832,United States,29,Female,Free,5/3/2025,3,159.15,51.14,3,Home & Kitchen,Desktop,PayPal,Social Media,0,4.6,0,10,0,0
C02833,Brazil,18,Female,Silver,4/12/2024,6,1106.36,179.59,14,Books,Desktop,Credit Card,Email Campaign,1,4.4,0,19,0,0
C02834,France,63,Male,Silver,3/5/2026,15,3792.1,276.24,13,Toys & Games,Tablet,Bank Transfer,Organic Search,1,4.2,0,3,1,0
C02835,United States,27,Male,Silver,10/1/2024,46,1803.66,34.11,12,Sports & Outdoors,Desktop,Debit Card,Social Media,12,3.9,3,3,1,0
C02836,Canada,18,Female,Free,5/30/2025,3,86.51,28.84,165,Home & Kitchen,Mobile,Debit Card,Email Campaign,0,3.8,0,2,1,0
C02837,United States,31,Female,Free,1/1/2026,3,509.98,168.46,103,Clothing & Apparel,Mobile,Credit Card,Social Media,0,3.8,0,4,0,0
C02838,United States,37,Male,Gold,1/28/2025,8,508.95,68.29,13,Home & Kitchen,Desktop,Debit Card,Paid Ad,0,4.2,1,17,1,0
C02839,Mexico,37,Female,Gold,7/5/2024,3,81.13,25.85,21,Electronics,Desktop,Credit Card,Social Media,0,2,0,3,1,0
C02840,United Kingdom,37,Male,Silver,2/2/2024,14,531.75,34.1,13,Jewelry & Accessories,Mobile,UPI / Digital Wallet,Organic Search,4,3.6,1,3,1,0
C02841,United States,49,Male,Free,1/31/2026,35,1514.47,48.97,30,Food & Grocery,Desktop,Credit Card,Organic Search,6,3.9,1,8,0,0
C02842,South Korea,55,Male,Free,6/27/2025,4,177.44,49.73,54,Home & Kitchen,Desktop,Buy Now Pay Later,Referral,1,4.6,0,5,1,0
C02843,Sweden,37,Male,Free,4/19/2025,4,90.64,24.49,14,Clothing & Apparel,Mobile,PayPal,Social Media,0,3.1,0,7,0,0
C02844,Germany,60,Male,Free,1/5/2024,8,317.2,41.54,126,Pet Supplies,Desktop,Credit Card,Organic Search,1,3.8,0,4,1,0
C02845,United States,38,Male,Silver,3/13/2024,13,572.57,47.55,29,Electronics,Desktop,UPI / Digital Wallet,Organic Search,0,4.4,0,4,1,0
C02846,Canada,54,Female,Platinum,2/21/2026,11,787.33,66.89,46,Beauty & Personal Care,Tablet,Credit Card,Direct,3,3.5,0,6,1,0
C02847,India,46,Other,Silver,3/4/2025,11,707.36,62.28,92,Sports & Outdoors,Desktop,Credit Card,Email Campaign,3,3.4,0,10,0,0
C02848,Germany,53,Female,Silver,9/21/2024,24,1048.22,38,56,Electronics,Mobile,Debit Card,Direct,8,4.4,2,1,0,0
C02849,United States,44,Female,Free,12/1/2025,1,85.75,85.41,34,Health & Wellness,Mobile,PayPal,Direct,0,3.7,0,3,1,0
C02850,United States,41,Male,Free,11/5/2022,4,1486.27,324.07,26,Automotive,Desktop,Buy Now Pay Later,Organic Search,1,3.3,0,1,0,0
C02851,Italy,44,Female,Silver,11/2/2025,27,5438.57,201.16,64,Electronics,Mobile,Buy Now Pay Later,Social Media,10,4.3,0,11,0,0
C02852,United States,35,Female,Free,5/23/2025,12,617.36,47.78,125,Sports & Outdoors,Tablet,Credit Card,Paid Ad,2,4.5,0,4,1,0
C02853,Germany,20,Female,Free,9/29/2024,17,1215.13,69.26,12,Books,Tablet,UPI / Digital Wallet,Social Media,5,3.8,2,2,1,0
C02854,Germany,36,Male,Free,6/16/2023,13,2980.15,214.29,32,Health & Wellness,Desktop,Credit Card,Organic Search,4,2.6,1,7,1,0
C02855,India,18,Female,Platinum,12/9/2025,20,2463.84,110.07,3,Books,Desktop,Buy Now Pay Later,Social Media,2,3.8,0,3,1,0
C02856,United States,40,Male,Gold,1/28/2026,3,138.16,50.29,19,Clothing & Apparel,Mobile,Credit Card,Social Media,0,4,0,12,1,0
C02857,Germany,38,Female,Platinum,7/27/2024,15,4513.55,271.75,12,Home & Kitchen,Mobile,Bank Transfer,Social Media,3,3.9,0,2,1,0
C02858,United States,37,Female,Free,9/19/2016,15,444.35,30.34,25,Electronics,Mobile,UPI / Digital Wallet,Social Media,3,3.6,1,4,0,0
C02859,United Kingdom,18,Male,Free,10/31/2025,15,637.39,44.54,127,Automotive,Desktop,UPI / Digital Wallet,Direct,3,4.2,2,9,1,0
C02860,United States,47,Female,Free,9/10/2024,10,1084.31,97.76,145,Electronics,Mobile,Debit Card,Social Media,3,3.8,0,2,1,0
C02861,United States,52,Female,Free,10/31/2024,17,984.41,67.2,4,Home & Kitchen,Mobile,UPI / Digital Wallet,Social Media,4,4.1,2,4,1,0
C02862,United Kingdom,24,Female,Silver,4/9/2023,31,3942.48,111.57,12,Clothing & Apparel,Tablet,Debit Card,Paid Ad,1,4,1,3,0,0
C02863,United States,19,Male,Free,3/1/2026,27,802.47,28.92,7,Health & Wellness,Desktop,Debit Card,Social Media,7,3.7,0,8,1,0
C02864,United States,45,Female,Platinum,5/8/2019,2,320.36,155.38,49,Home & Kitchen,Mobile,Debit Card,Referral,0,4.2,0,10,1,0
C02865,Mexico,40,Female,Platinum,2/26/2026,16,1048.93,65.35,73,Pet Supplies,Tablet,Credit Card,Direct,6,3.9,1,14,1,0
C02866,Australia,34,Male,Free,7/31/2025,1,24.16,24.29,18,Food & Grocery,Mobile,Credit Card,Social Media,0,4.7,0,5,0,1
C02867,South Korea,22,Female,Free,7/20/2022,47,1684.18,35.1,20,Home & Kitchen,Tablet,Debit Card,Organic Search,17,3.5,4,8,0,0
C02868,Spain,31,Male,Free,2/10/2026,6,994.83,169.66,14,Home & Kitchen,Tablet,Debit Card,Organic Search,1,4.7,0,4,0,0
C02869,Italy,57,Male,Free,2/22/2025,9,876.2,84.74,35,Health & Wellness,Desktop,PayPal,Paid Ad,0,4.1,0,1,1,0
C02870,Netherlands,34,Male,Free,3/3/2025,1,49.99,45.8,8,Office Supplies,Desktop,Credit Card,Organic Search,0,4.7,0,6,1,0
C02871,United States,48,Female,Free,8/23/2025,18,4206.21,271.13,8,Home & Kitchen,Mobile,Credit Card,Social Media,3,4.6,2,32,1,0
C02872,Germany,34,Male,Platinum,4/8/2025,33,2212.52,64.08,9,Sports & Outdoors,Mobile,Debit Card,Organic Search,9,4.6,4,9,0,0
C02873,Spain,24,Male,Free,3/23/2023,13,3086.51,244.31,55,Sports & Outdoors,Desktop,Debit Card,Social Media,2,3.5,1,2,0,0
C02874,United States,49,Male,Free,12/8/2024,10,894.75,89.19,96,Sports & Outdoors,Mobile,Credit Card,Social Media,2,4,1,5,1,0
C02875,Germany,65,Male,Free,10/5/2024,21,2259.25,124.06,34,Food & Grocery,Mobile,Credit Card,Paid Ad,3,3.8,0,13,1,0
C02876,Japan,38,Male,Free,1/4/2025,8,483.41,52.74,87,Beauty & Personal Care,Desktop,Credit Card,Social Media,2,4.2,0,0,1,0
C02877,India,39,Female,Gold,10/5/2024,59,6484.25,123.3,15,Health & Wellness,Desktop,Debit Card,Direct,11,3.8,3,3,0,0
C02878,Spain,27,Female,Silver,1/9/2026,15,1653.77,104.41,39,Electronics,Desktop,Credit Card,Paid Ad,5,4.1,0,7,1,0
C02879,India,39,Female,Free,11/19/2024,8,797.12,94.25,100,Electronics,Mobile,PayPal,Email Campaign,0,4,0,1,1,0
C02880,United States,18,Female,Gold,5/6/2025,19,2749.51,157.95,121,Food & Grocery,Desktop,Debit Card,Paid Ad,7,3.9,1,4,1,0
C02881,United States,18,Female,Free,1/26/2026,3,143.97,49.63,165,Toys & Games,Mobile,Credit Card,Organic Search,0,3.5,0,5,0,0
C02882,Japan,41,Male,Free,9/15/2023,22,6338.21,322.33,192,Electronics,Mobile,PayPal,Email Campaign,4,4.3,2,4,1,1
C02883,France,44,Male,Free,12/6/2025,5,317.51,66.78,72,Health & Wellness,Mobile,Credit Card,Social Media,1,3.6,0,10,0,0
C02884,Turkey,23,Female,Platinum,5/3/2025,5,1572.38,299.66,53,Toys & Games,Mobile,Credit Card,Social Media,0,3.9,0,0,1,0
C02885,United States,28,Male,Platinum,2/12/2026,8,237.38,26.68,9,Clothing & Apparel,Mobile,PayPal,Paid Ad,3,4.3,0,7,1,0
C02886,France,27,Female,Free,12/4/2024,32,1477.33,44.67,12,Health & Wellness,Mobile,PayPal,Paid Ad,11,4.4,4,3,1,0
C02887,Spain,27,Other,Silver,3/30/2025,19,994.89,56.36,61,Clothing & Apparel,Mobile,Credit Card,Organic Search,2,4.4,0,0,1,0
C02888,Singapore,49,Male,Free,3/19/2025,22,3281.58,148.52,54,Books,Mobile,Debit Card,Email Campaign,2,4.7,0,2,1,0
C02889,Netherlands,26,Male,Free,4/28/2023,5,954.63,166.06,53,Beauty & Personal Care,Desktop,PayPal,Email Campaign,1,4.5,0,7,1,0
C02890,Spain,30,Female,Free,1/12/2021,5,334.19,66.05,34,Health & Wellness,Mobile,Bank Transfer,Email Campaign,1,4.2,0,0,0,0
C02891,Brazil,18,Male,Free,1/14/2026,4,673.61,155.98,53,Electronics,Tablet,Debit Card,Email Campaign,1,4.3,0,6,1,0
C02892,United Kingdom,56,Female,Free,1/13/2023,45,1227.19,25.08,13,Health & Wellness,Mobile,Credit Card,Email Campaign,14,4.2,6,1,1,0
C02893,Canada,43,Female,Platinum,8/30/2023,29,3452.66,109.56,75,Pet Supplies,Mobile,PayPal,Social Media,1,3.3,1,15,0,0
C02894,United States,52,Female,Free,12/1/2025,5,256.31,45.41,84,Clothing & Apparel,Mobile,Credit Card,Email Campaign,0,4.9,0,0,0,0
C02895,United States,37,Male,Silver,3/1/2026,6,593.73,109.54,149,Books,Desktop,Buy Now Pay Later,Paid Ad,0,3.8,0,4,1,0
C02896,Australia,18,Male,Platinum,11/12/2025,3,497.05,148.97,1,Books,Mobile,Credit Card,Organic Search,0,3.8,0,11,1,0
C02897,India,38,Female,Free,9/7/2023,5,266.89,49.91,8,Electronics,Tablet,Buy Now Pay Later,Paid Ad,1,4.8,0,0,0,1
C02898,United States,47,Female,Free,9/17/2024,61,9797.09,140.63,24,Office Supplies,Tablet,UPI / Digital Wallet,Paid Ad,18,3.4,3,2,1,0
C02899,United Kingdom,40,Female,Platinum,3/12/2026,26,3203.57,124.58,59,Automotive,Desktop,UPI / Digital Wallet,Organic Search,1,3.4,1,1,1,0
C02900,United States,59,Female,Free,6/14/2025,29,5534.67,186.06,138,Home & Kitchen,Desktop,UPI / Digital Wallet,Social Media,4,4.7,0,2,1,0
C02901,United States,44,Male,Free,5/5/2025,16,2595.41,143.41,2,Office Supplies,Desktop,Credit Card,Email Campaign,2,3,2,1,1,0
C02902,United States,36,Male,Gold,12/13/2025,19,4744.36,221.67,33,Office Supplies,Desktop,Credit Card,Social Media,7,4.3,1,0,1,0
C02903,Canada,32,Male,Free,6/24/2025,8,494.35,67.11,70,Sports & Outdoors,Tablet,Credit Card,Paid Ad,0,4.7,0,5,0,0
C02904,Canada,43,Female,Free,10/21/2023,29,1122.6,38.29,11,Electronics,Mobile,PayPal,Email Campaign,5,3.1,3,2,1,0
C02905,Singapore,37,Female,Free,5/12/2024,69,3275.71,55.42,14,Health & Wellness,Mobile,Credit Card,Paid Ad,22,4.2,4,9,0,0
C02906,Germany,38,Male,Free,2/18/2023,8,1200.64,139.25,53,Books,Desktop,Debit Card,Social Media,1,4.5,0,3,0,0
C02907,United Kingdom,24,Female,Platinum,2/8/2026,17,2801.08,143.64,2,Electronics,Tablet,Credit Card,Organic Search,5,4.3,2,0,0,0
C02908,Australia,18,Female,Gold,10/14/2024,33,1859.18,54.57,14,Food & Grocery,Mobile,Buy Now Pay Later,Social Media,10,4.2,3,0,1,0
C02909,United States,30,Female,Gold,10/2/2025,5,236.91,50.87,72,Electronics,Mobile,Debit Card,Organic Search,0,4.9,0,0,1,0
C02910,United Kingdom,44,Female,Free,2/24/2024,15,985.43,65.75,56,Jewelry & Accessories,Desktop,Credit Card,Paid Ad,5,4.4,0,1,0,0
C02911,United States,36,Male,Free,1/7/2025,39,1908.48,43.3,7,Clothing & Apparel,Desktop,Debit Card,Social Media,10,4.5,2,0,0,0
C02912,United Kingdom,31,Female,Free,12/14/2024,1,26.78,28.33,105,Electronics,Mobile,Credit Card,Organic Search,0,4.5,0,0,0,0
C02913,United States,29,Female,Free,4/8/2025,11,2741.89,262.16,32,Jewelry & Accessories,Mobile,Credit Card,Social Media,0,3.1,0,3,0,0
C02914,Mexico,35,Male,Silver,1/9/2026,29,2377.3,88.31,20,Health & Wellness,Desktop,Credit Card,Email Campaign,3,4,2,1,1,0
C02915,United Kingdom,59,Female,Free,8/17/2023,2,242.19,106.08,40,Clothing & Apparel,Mobile,Debit Card,Organic Search,0,4.2,0,10,0,1
C02916,India,36,Male,Gold,10/26/2024,3,362.27,119.57,41,Sports & Outdoors,Desktop,Buy Now Pay Later,Social Media,0,4.6,0,0,1,0
C02917,United States,23,Male,Free,12/6/2019,3,38.46,14.58,23,Health & Wellness,Mobile,Credit Card,Social Media,0,4.8,0,0,1,0
C02918,United States,29,Male,Free,3/21/2026,7,184.53,24.29,72,Home & Kitchen,Desktop,Bank Transfer,Paid Ad,2,3.7,0,7,1,0
C02919,India,41,Male,Free,8/26/2025,5,776.87,153.33,73,Pet Supplies,Mobile,PayPal,Organic Search,1,3.5,0,2,0,0
C02920,United Kingdom,47,Female,Silver,3/6/2024,4,267.74,61.26,89,Clothing & Apparel,Desktop,Credit Card,Paid Ad,0,4.6,0,9,1,0
C02921,United States,43,Female,Silver,12/5/2025,7,1089.25,150.04,13,Clothing & Apparel,Mobile,PayPal,Social Media,0,4,1,1,0,1
C02922,United States,38,Male,Gold,10/14/2021,14,1108.77,75.64,2,Food & Grocery,Tablet,Credit Card,Organic Search,1,4.2,0,15,1,0
C02923,Brazil,26,Female,Silver,9/29/2025,14,667.72,42.02,53,Food & Grocery,Mobile,Credit Card,Social Media,4,3.3,0,2,1,0
C02924,Japan,21,Female,Silver,8/2/2023,11,401.36,32.22,86,Toys & Games,Mobile,UPI / Digital Wallet,Organic Search,2,4.2,0,5,1,0
C02925,India,44,Male,Platinum,2/27/2026,4,158.04,44.75,136,Clothing & Apparel,Desktop,PayPal,Paid Ad,0,4.3,0,2,0,0
C02926,United States,51,Male,Silver,11/17/2023,5,1206.47,229.92,12,Electronics,Tablet,PayPal,Organic Search,0,3.8,0,0,1,0
C02927,Italy,65,Other,Free,1/8/2024,20,5555.35,273.24,129,Electronics,Desktop,Debit Card,Organic Search,3,3.9,1,12,0,0
C02928,Poland,36,Female,Silver,1/4/2025,10,361.63,39.49,4,Pet Supplies,Mobile,Debit Card,Paid Ad,3,4,1,0,0,0
C02929,Sweden,59,Male,Gold,12/23/2025,11,1165.58,92.36,40,Clothing & Apparel,Desktop,Debit Card,Email Campaign,2,4.5,1,4,1,0
C02930,Singapore,30,Female,Gold,11/16/2025,32,7477.92,254.75,1,Home & Kitchen,Tablet,UPI / Digital Wallet,Social Media,6,4.4,3,6,1,0
C02931,Australia,55,Female,Free,10/17/2022,2,37.59,21.06,166,Food & Grocery,Mobile,Credit Card,Organic Search,0,3.9,0,2,1,0
C02932,United Kingdom,44,Female,Free,6/25/2025,5,97.45,17.52,33,Health & Wellness,Desktop,PayPal,Referral,1,3.3,0,11,1,0
C02933,United Kingdom,18,Female,Gold,8/23/2022,18,2467.66,126.16,101,Electronics,Tablet,PayPal,Social Media,4,3.9,1,1,1,0
C02934,United Kingdom,37,Male,Free,6/8/2020,19,3893.16,186,84,Electronics,Mobile,Credit Card,Organic Search,1,4.2,0,25,0,0
C02935,India,33,Female,Silver,2/26/2026,9,332.72,41.79,1,Health & Wellness,Desktop,Credit Card,Paid Ad,3,4,0,0,0,0
C02936,Canada,28,Female,Gold,6/25/2025,5,835.3,167.91,13,Home & Kitchen,Mobile,Credit Card,Organic Search,1,3.5,0,8,0,0
C02937,United States,50,Male,Gold,12/23/2025,16,701.72,48.53,16,Clothing & Apparel,Tablet,Buy Now Pay Later,Social Media,1,4.1,2,15,0,0
C02938,United States,24,Male,Free,3/28/2025,14,426.45,35.11,32,Clothing & Apparel,Mobile,Credit Card,Paid Ad,2,4.3,2,12,1,0
C02939,Sweden,47,Male,Gold,1/4/2024,17,833.04,56.02,1,Clothing & Apparel,Desktop,Debit Card,Social Media,2,4.2,1,0,1,0
C02940,United States,18,Female,Free,2/3/2024,6,1086.44,157.55,99,Books,Desktop,Debit Card,Paid Ad,1,4.1,0,5,1,0
C02941,France,43,Female,Free,3/12/2024,2,214.8,122.61,31,Sports & Outdoors,Desktop,Cryptocurrency,Direct,0,3.9,0,0,1,0
C02942,United States,25,Female,Silver,2/5/2026,34,6536.12,186.02,2,Home & Kitchen,Tablet,PayPal,Paid Ad,6,4.8,1,7,0,0
C02943,India,24,Female,Free,9/30/2025,1,61.34,55.48,22,Home & Kitchen,Mobile,Cryptocurrency,Social Media,0,4,0,8,0,1
C02944,United Kingdom,42,Female,Silver,6/10/2025,13,1984.34,133.55,27,Pet Supplies,Desktop,Credit Card,Organic Search,4,4.8,1,3,1,0
C02945,Australia,32,Female,Silver,3/23/2026,6,314.81,56.4,27,Office Supplies,Mobile,Credit Card,Social Media,2,4.6,0,13,0,0
C02946,France,45,Male,Platinum,3/22/2026,1,166.49,166.33,48,Books,Desktop,Debit Card,Organic Search,0,4.1,0,1,1,0
C02947,Canada,55,Male,Free,8/1/2024,4,362.23,80.6,156,Electronics,Mobile,Debit Card,Social Media,1,3.5,0,2,0,0
C02948,United States,31,Male,Silver,8/10/2024,22,380.68,17.49,0,Toys & Games,Desktop,PayPal,Email Campaign,6,4.3,3,2,1,0
C02949,United States,36,Female,Free,5/14/2025,3,151.87,49.13,73,Clothing & Apparel,Mobile,Credit Card,Email Campaign,0,4.1,0,3,1,0
C02950,United States,36,Female,Silver,11/25/2019,5,1283.19,240.49,10,Clothing & Apparel,Mobile,Bank Transfer,Social Media,0,4.1,0,8,1,0
C02951,Netherlands,18,Female,Free,1/15/2026,7,413.57,56.2,52,Beauty & Personal Care,Desktop,Credit Card,Organic Search,0,4.3,0,0,0,0
C02952,France,37,Female,Silver,2/5/2024,4,379.13,83.74,5,Electronics,Mobile,PayPal,Email Campaign,0,3.5,0,1,1,0
C02953,United States,34,Female,Silver,11/11/2020,27,547.58,23.25,92,Electronics,Mobile,UPI / Digital Wallet,Email Campaign,4,3.3,3,2,0,0
C02954,Australia,40,Male,Free,10/24/2023,7,1219.78,160.38,77,Toys & Games,Mobile,UPI / Digital Wallet,Paid Ad,0,2.9,0,2,1,0
C02955,Mexico,35,Female,Free,2/1/2026,5,398.32,74.23,13,Books,Tablet,Credit Card,Social Media,1,3.3,0,4,1,0
C02956,India,37,Female,Free,9/23/2025,14,1529.69,123.08,34,Electronics,Desktop,PayPal,Organic Search,3,4.4,0,2,0,0
C02957,France,18,Female,Free,2/5/2025,2,165.06,95.07,42,Pet Supplies,Mobile,Debit Card,Email Campaign,0,2.7,0,11,0,0
C02958,United States,35,Male,Silver,3/24/2026,7,284.56,43.94,39,Electronics,Mobile,Debit Card,Paid Ad,1,4.5,0,0,1,0
C02959,UAE,30,Male,Free,7/9/2022,28,3367.2,135.84,5,Electronics,Mobile,Credit Card,Direct,5,3.9,1,3,0,0
C02960,France,53,Male,Free,11/18/2025,6,239.71,38.78,67,Electronics,Mobile,Debit Card,Social Media,1,4.3,0,6,0,0
C02961,United States,33,Female,Free,7/17/2025,2,92.8,45.32,4,Food & Grocery,Mobile,Credit Card,Organic Search,0,3.6,0,15,0,1
C02962,Brazil,40,Female,Free,10/28/2020,5,271.14,55.15,72,Pet Supplies,Desktop,PayPal,Social Media,0,4.7,0,0,1,0
C02963,Brazil,44,Male,Silver,12/7/2024,73,4666.56,66.77,179,Office Supplies,Mobile,Debit Card,Direct,24,4.8,5,4,0,0
C02964,United Kingdom,26,Female,Platinum,1/4/2026,4,1372.52,357.82,113,Food & Grocery,Desktop,PayPal,Direct,0,4.9,0,5,0,0
C02965,United Kingdom,32,Female,Silver,11/25/2025,44,4042.03,85.58,10,Electronics,Mobile,Credit Card,Organic Search,17,3.9,6,0,0,0
C02966,United States,49,Female,Free,4/2/2024,12,1202.97,100.39,21,Books,Mobile,Debit Card,Paid Ad,1,4.1,1,0,1,0
C02967,United States,48,Male,Free,5/24/2023,9,2236.14,220.51,3,Food & Grocery,Tablet,UPI / Digital Wallet,Social Media,2,4.7,0,0,0,0
C02968,United States,42,Female,Gold,10/11/2024,39,4124.92,105.26,23,Food & Grocery,Desktop,Credit Card,Paid Ad,12,4.2,2,1,0,0
C02969,Germany,47,Male,Silver,9/16/2025,21,1902.74,93.91,101,Beauty & Personal Care,Desktop,Credit Card,Organic Search,1,4.6,0,3,0,0
C02970,France,56,Male,Silver,7/22/2025,35,2012.46,53.78,22,Electronics,Mobile,Credit Card,Referral,6,3.5,3,8,0,0
C02971,United States,18,Male,Silver,9/21/2023,32,2173.03,62.15,23,Home & Kitchen,Tablet,UPI / Digital Wallet,Organic Search,5,3.2,3,1,0,0
C02972,UAE,18,Male,Free,11/27/2025,27,817.5,27.93,70,Electronics,Mobile,Debit Card,Email Campaign,3,4.8,2,8,1,0
C02973,United States,38,Female,Platinum,3/5/2024,18,856.42,42.44,77,Sports & Outdoors,Mobile,Credit Card,Email Campaign,7,4.9,0,3,0,0
C02974,Germany,24,Female,Free,12/21/2025,1,91.37,94.46,81,Electronics,Mobile,Buy Now Pay Later,Organic Search,0,4.2,0,7,0,0
C02975,Germany,26,Female,Platinum,6/30/2024,32,4347.42,119.05,38,Electronics,Mobile,Credit Card,Social Media,9,4.1,0,3,1,0
C02976,United States,28,Female,Silver,3/23/2026,1,127.79,121.55,133,Books,Mobile,PayPal,Email Campaign,0,3.9,0,8,0,0
C02977,Mexico,20,Female,Free,4/27/2025,26,2318.01,84.22,14,Beauty & Personal Care,Mobile,Buy Now Pay Later,Social Media,1,4,1,6,1,0
C02978,United States,45,Male,Gold,2/11/2026,2,136,75.98,106,Beauty & Personal Care,Tablet,Credit Card,Email Campaign,0,4,0,0,1,0
C02979,United Kingdom,28,Female,Free,2/14/2023,4,292.7,80.76,80,Electronics,Mobile,Bank Transfer,Direct,0,3.9,0,6,1,0
C02980,United States,37,Other,Free,8/15/2023,24,3576.46,165.24,64,Automotive,Mobile,Credit Card,Social Media,1,3.9,1,0,0,0
C02981,India,50,Male,Silver,9/15/2025,6,322.45,55.98,3,Pet Supplies,Mobile,Bank Transfer,Direct,0,4.4,0,2,1,0
C02982,Poland,60,Male,Gold,4/4/2025,44,7262.37,144.27,27,Books,Desktop,PayPal,Social Media,10,3.8,4,15,0,1
C02983,Canada,30,Female,Free,3/24/2026,16,1003.21,57.04,55,Clothing & Apparel,Mobile,Credit Card,Organic Search,2,3.7,1,1,1,0
C02984,Spain,43,Female,Free,1/7/2024,8,448.18,57.85,66,Food & Grocery,Desktop,Credit Card,Organic Search,0,3.9,0,3,0,0
C02985,South Korea,42,Male,Free,5/5/2025,17,2661.06,138.19,16,Clothing & Apparel,Mobile,Debit Card,Organic Search,4,4.5,2,16,1,0
C02986,United Kingdom,34,Female,Free,5/17/2025,8,1235.61,164.96,48,Health & Wellness,Mobile,PayPal,Email Campaign,1,3.6,0,1,1,0
C02987,United States,35,Female,Free,10/26/2023,16,1387.46,101.26,3,Home & Kitchen,Desktop,Debit Card,Social Media,5,4,2,3,1,0
C02988,United States,42,Other,Platinum,11/10/2023,29,7140.05,281.72,115,Books,Mobile,PayPal,Organic Search,8,3.5,1,0,0,0
C02989,United States,24,Female,Silver,3/24/2022,4,499.57,109.31,63,Home & Kitchen,Desktop,Debit Card,Organic Search,0,3.7,0,11,0,0
C02990,United States,48,Female,Gold,4/7/2025,36,1360.22,36.07,78,Electronics,Mobile,Debit Card,Social Media,12,4.6,0,0,0,0
C02991,Brazil,47,Male,Silver,11/23/2023,8,688.78,91.08,18,Toys & Games,Desktop,UPI / Digital Wallet,Organic Search,1,4.2,0,2,1,0
C02992,United States,48,Female,Free,7/25/2025,5,630.19,123.42,20,Home & Kitchen,Mobile,Debit Card,Social Media,1,3.9,0,0,0,0
C02993,India,46,Female,Gold,6/26/2024,2,947.69,422.24,64,Books,Desktop,UPI / Digital Wallet,Organic Search,0,4.3,0,9,1,0
C02994,Japan,20,Female,Silver,2/16/2023,38,2255.47,51.93,74,Food & Grocery,Desktop,Credit Card,Social Media,2,4.1,1,2,0,0
C02995,United States,29,Male,Free,8/26/2025,8,1005.38,122.37,14,Electronics,Mobile,Debit Card,Social Media,1,4.4,0,5,1,0
C02996,Canada,40,Male,Free,11/28/2024,2,187.55,103.52,102,Health & Wellness,Tablet,Credit Card,Organic Search,0,4.6,0,3,1,0
C02997,Italy,42,Other,Free,7/6/2025,29,2337.8,85.14,20,Home & Kitchen,Mobile,Credit Card,Paid Ad,11,4.8,3,3,1,0
C02998,Australia,41,Male,Silver,9/22/2025,25,1444.48,62.97,26,Toys & Games,Mobile,PayPal,Social Media,6,3.8,3,6,1,0
C02999,Japan,22,Male,Free,5/29/2025,24,659.94,25.8,35,Clothing & Apparel,Mobile,Cryptocurrency,Social Media,2,4.2,3,0,1,0
C03000,Germany,37,Male,Free,8/11/2025,54,7771.1,126.59,179,Clothing & Apparel,Mobile,UPI / Digital Wallet,Email Campaign,16,4.6,5,2,1,0
C03001,United States,29,Female,Free,2/17/2025,20,428.33,22.63,103,Home & Kitchen,Desktop,PayPal,Direct,4,4.4,2,0,1,0
C03002,Singapore,35,Male,Free,1/29/2024,4,970.12,218.91,3,Clothing & Apparel,Tablet,UPI / Digital Wallet,Organic Search,0,4.8,0,1,0,0
C03003,Japan,27,Male,Free,8/15/2024,3,192.54,61.21,81,Food & Grocery,Mobile,Credit Card,Paid Ad,0,4.4,0,8,1,0
C03004,Japan,33,Female,Free,1/30/2025,12,1193.93,94.78,39,Electronics,Desktop,Debit Card,Email Campaign,4,3.7,0,9,0,0
C03005,Mexico,36,Female,Free,9/8/2024,23,797.32,37.77,49,Home & Kitchen,Mobile,PayPal,Social Media,2,4.8,0,8,1,0
C03006,Australia,28,Female,Gold,3/16/2025,56,5877.01,122.24,43,Travel & Luggage,Mobile,Bank Transfer,Organic Search,12,3.7,4,1,1,0
C03007,Poland,31,Male,Free,7/31/2022,2,179.8,103.4,14,Health & Wellness,Mobile,Bank Transfer,Organic Search,0,3.7,0,1,0,0
C03008,United Kingdom,32,Male,Silver,2/26/2025,20,880.7,51.14,16,Electronics,Mobile,Credit Card,Email Campaign,7,4.4,1,0,1,1
C03009,Brazil,36,Male,Silver,11/30/2024,7,744.28,114.52,57,Automotive,Mobile,Credit Card,Email Campaign,1,4.5,0,1,0,0
C03010,Canada,32,Female,Free,12/14/2025,32,3058.34,85.58,1,Electronics,Mobile,Credit Card,Paid Ad,2,4.1,1,4,1,0
C03011,United Kingdom,32,Female,Free,3/20/2023,28,8560.32,266.17,13,Jewelry & Accessories,Desktop,Credit Card,Email Campaign,5,4.3,0,2,1,0
C03012,United Kingdom,33,Male,Silver,7/5/2025,39,4973.25,130.67,3,Home & Kitchen,Mobile,PayPal,Paid Ad,13,3.7,1,1,1,0
C03013,India,51,Male,Free,12/4/2024,15,329.09,23.77,5,Health & Wellness,Mobile,Credit Card,Email Campaign,3,3.9,1,3,0,0
C03014,United Kingdom,40,Other,Free,4/4/2025,42,3766.89,93.62,34,Electronics,Mobile,PayPal,Social Media,3,4.1,3,4,1,0
C03015,Australia,40,Female,Silver,7/17/2022,9,539.12,53.43,29,Food & Grocery,Mobile,Credit Card,Social Media,2,4.3,0,0,0,0
C03016,Sweden,18,Female,Free,12/4/2025,1,59.74,57.09,53,Home & Kitchen,Mobile,Credit Card,Organic Search,0,3.4,0,0,0,0
C03017,United States,25,Female,Gold,8/3/2024,11,1499.12,149.87,41,Toys & Games,Tablet,PayPal,Organic Search,3,4.3,1,0,1,0
C03018,United Kingdom,18,Female,Platinum,12/12/2024,36,2563.44,79.32,69,Electronics,Mobile,Debit Card,Organic Search,13,3,4,2,1,0
C03019,United States,52,Female,Free,8/23/2024,12,1536.4,120.02,105,Food & Grocery,Mobile,Debit Card,Social Media,4,3.5,0,4,1,1
C03020,Italy,50,Female,Free,2/19/2025,26,1367.13,49,1,Electronics,Mobile,Buy Now Pay Later,Direct,1,4.2,2,3,1,0
C03021,United Kingdom,40,Female,Silver,5/22/2024,6,98.85,18.36,116,Clothing & Apparel,Desktop,Debit Card,Email Campaign,0,4.8,0,1,0,0
C03022,Poland,30,Female,Free,8/18/2023,5,126.34,22.61,108,Electronics,Desktop,PayPal,Paid Ad,0,3.7,0,2,1,0
C03023,Germany,19,Male,Free,3/31/2022,52,1222.38,26.55,32,Electronics,Mobile,PayPal,Email Campaign,9,4.3,6,2,0,0
C03024,Mexico,42,Female,Free,10/30/2025,62,11195.16,189.1,28,Jewelry & Accessories,Mobile,PayPal,Email Campaign,19,4.8,4,5,0,0
C03025,Germany,59,Male,Free,3/3/2026,38,1966.72,47.05,3,Electronics,Desktop,PayPal,Organic Search,9,3.3,1,2,1,0
C03026,United States,23,Female,Free,12/24/2024,7,494.83,64.51,14,Electronics,Mobile,PayPal,Paid Ad,2,4.2,0,4,1,0
C03027,United States,39,Female,Gold,3/21/2025,4,163.39,40.03,5,Home & Kitchen,Desktop,UPI / Digital Wallet,Email Campaign,1,3.9,0,6,1,0
C03028,United States,38,Male,Free,6/4/2024,28,1764.8,65.79,90,Electronics,Mobile,PayPal,Organic Search,1,4.7,1,0,0,0
C03029,Mexico,39,Female,Free,5/16/2023,25,897.11,39.83,14,Clothing & Apparel,Mobile,Debit Card,Organic Search,5,3.7,1,4,1,0
C03030,Australia,31,Male,Free,10/23/2024,26,946.53,35.21,37,Toys & Games,Mobile,Credit Card,Social Media,2,4.6,0,14,0,0
C03031,United States,44,Female,Silver,5/10/2025,6,302.2,52.11,84,Toys & Games,Mobile,Debit Card,Email Campaign,1,3.8,0,2,1,0
C03032,United States,32,Female,Free,10/26/2025,15,505.46,38.16,124,Health & Wellness,Desktop,PayPal,Paid Ad,1,3.4,0,8,1,0
C03033,United States,31,Male,Silver,12/4/2019,21,2343.26,105.25,44,Home & Kitchen,Mobile,PayPal,Email Campaign,3,4,0,0,1,0
C03034,France,18,Male,Free,5/3/2025,17,810.51,52.8,32,Home & Kitchen,Tablet,Credit Card,Paid Ad,2,4,1,3,1,0
C03035,United States,36,Female,Platinum,3/31/2026,14,1294.58,107.24,8,Pet Supplies,Desktop,UPI / Digital Wallet,Paid Ad,5,4.4,0,10,0,0
C03036,France,27,Male,Silver,10/3/2025,14,688.62,55.29,72,Electronics,Desktop,Credit Card,Email Campaign,1,4.3,1,1,1,0
C03037,France,36,Male,Free,9/19/2025,11,250.07,23.34,40,Clothing & Apparel,Mobile,Credit Card,Direct,1,3.9,1,1,1,0
C03038,Mexico,24,Male,Free,4/14/2023,5,147.36,27.66,10,Pet Supplies,Desktop,Buy Now Pay Later,Organic Search,0,4.6,0,0,0,0
C03039,United Kingdom,34,Male,Free,2/21/2026,13,691.55,56.72,107,Home & Kitchen,Mobile,Debit Card,Paid Ad,0,2.9,0,10,1,0
C03040,United States,18,Female,Silver,9/19/2025,4,39.23,11.47,27,Toys & Games,Desktop,PayPal,Organic Search,1,3.6,0,3,0,0
C03041,United Kingdom,34,Male,Free,11/15/2025,11,587.48,55.19,31,Sports & Outdoors,Desktop,PayPal,Paid Ad,4,3.7,1,1,0,0
C03042,United States,38,Female,Platinum,10/13/2025,12,4252.35,312.51,104,Home & Kitchen,Desktop,Credit Card,Organic Search,3,4.3,1,15,0,0
C03043,United States,49,Male,Silver,2/27/2024,18,647.53,33.95,443,Home & Kitchen,Desktop,PayPal,Paid Ad,1,4.1,0,5,0,1
C03044,Japan,53,Female,Silver,12/22/2022,16,1687.77,97.27,20,Travel & Luggage,Mobile,Credit Card,Organic Search,3,3.3,1,0,1,0
C03045,Japan,26,Male,Free,7/11/2025,1,41.85,40.98,99,Home & Kitchen,Mobile,Debit Card,Referral,0,3.5,0,2,1,0
C03046,Germany,31,Male,Silver,1/29/2025,9,443.17,46.57,229,Electronics,Desktop,Debit Card,Email Campaign,1,3.9,1,1,1,1
C03047,India,44,Male,Silver,2/2/2026,17,784.08,49.78,129,Home & Kitchen,Mobile,Debit Card,Email Campaign,6,4.5,2,8,1,0
C03048,Sweden,29,Female,Silver,6/6/2025,15,1159.04,79.18,140,Electronics,Tablet,Buy Now Pay Later,Direct,1,4.5,1,1,0,0
C03049,United Kingdom,18,Male,Platinum,4/28/2025,44,6029.65,159.62,23,Clothing & Apparel,Desktop,Debit Card,Paid Ad,13,4.6,4,1,1,0
C03050,Germany,37,Female,Free,6/24/2025,11,364.5,34.29,31,Travel & Luggage,Mobile,Debit Card,Referral,2,4.8,1,0,0,0
C03051,United States,44,Male,Free,1/8/2026,1,15.33,16.59,2,Clothing & Apparel,Mobile,Debit Card,Email Campaign,0,4.9,0,14,0,0
C03052,United Kingdom,39,Male,Free,12/30/2025,19,2589.94,125.89,48,Food & Grocery,Mobile,UPI / Digital Wallet,Organic Search,5,4.2,1,0,1,0
C03053,United Kingdom,29,Male,Silver,5/3/2024,17,755.73,46.13,122,Automotive,Desktop,PayPal,Email Campaign,6,4.3,2,0,1,0
C03054,United States,30,Male,Gold,7/18/2024,13,1103.4,91.55,117,Clothing & Apparel,Mobile,Credit Card,Direct,2,3.9,1,5,1,0
C03055,United States,45,Female,Free,12/12/2025,40,13124.07,293.4,37,Beauty & Personal Care,Desktop,Credit Card,Email Campaign,3,4.6,2,5,0,1
C03056,United States,34,Female,Free,11/2/2023,30,2175.59,70.08,68,Food & Grocery,Mobile,Credit Card,Organic Search,1,4.7,0,14,1,0
C03057,Germany,44,Female,Free,2/6/2025,14,1030.42,67.32,56,Home & Kitchen,Desktop,Credit Card,Paid Ad,4,4.3,1,1,0,0
C03058,Germany,19,Female,Free,11/29/2024,12,237.7,20.06,56,Health & Wellness,Mobile,Debit Card,Paid Ad,3,3.9,0,6,0,0
C03059,United States,51,Female,Free,3/1/2025,1,36.7,32.99,146,Clothing & Apparel,Mobile,Credit Card,Email Campaign,0,4.5,0,0,1,0
C03060,United States,18,Male,Gold,8/16/2025,9,1079.87,110.15,72,Clothing & Apparel,Mobile,PayPal,Email Campaign,1,4.7,0,24,0,1
C03061,India,32,Male,Platinum,4/14/2025,23,1843.86,87.01,1,Food & Grocery,Mobile,PayPal,Social Media,2,3.1,3,17,0,0
C03062,Italy,39,Male,Free,9/23/2024,3,320.89,113.74,3,Clothing & Apparel,Desktop,Debit Card,Social Media,0,4.9,0,3,1,0
C03063,United Kingdom,25,Male,Free,8/17/2024,4,270.54,76.17,273,Beauty & Personal Care,Desktop,Bank Transfer,Email Campaign,0,4.4,0,0,0,0
C03064,Canada,47,Female,Free,8/8/2023,30,1516.32,54.08,55,Home & Kitchen,Mobile,Cryptocurrency,Email Campaign,5,4.7,3,7,0,0
C03065,United States,33,Female,Free,10/13/2023,62,1365.4,25.55,18,Clothing & Apparel,Tablet,PayPal,Paid Ad,17,4.6,1,3,1,0
C03066,Germany,18,Male,Platinum,9/21/2025,16,1462.63,85.24,193,Clothing & Apparel,Mobile,Credit Card,Social Media,5,4.4,2,10,1,0
C03067,United States,37,Male,Gold,2/12/2025,1,31.6,33.99,82,Electronics,Mobile,UPI / Digital Wallet,Direct,0,4.4,0,6,1,0
C03068,Germany,21,Male,Gold,1/20/2025,17,1256.92,71.09,4,Beauty & Personal Care,Desktop,PayPal,Social Media,2,4.7,0,5,1,0
C03069,South Africa,40,Female,Silver,9/12/2024,14,1068.19,79.42,2,Electronics,Tablet,Credit Card,Direct,5,3.9,0,1,0,0
C03070,Netherlands,37,Female,Free,11/25/2025,3,139.26,40.77,34,Electronics,Mobile,PayPal,Organic Search,0,3.8,0,2,1,0
C03071,United Kingdom,43,Female,Free,5/28/2024,29,3640.1,112.13,28,Electronics,Mobile,Cryptocurrency,Email Campaign,5,4.1,0,7,1,0
C03072,Germany,49,Female,Silver,8/17/2024,2,254.64,142.27,34,Sports & Outdoors,Tablet,Bank Transfer,Paid Ad,0,3.5,0,0,1,0
C03073,United States,20,Female,Free,4/19/2024,5,584.93,137.24,91,Clothing & Apparel,Tablet,Credit Card,Email Campaign,0,4.3,0,3,1,0
C03074,Germany,30,Male,Free,9/27/2025,35,2956.36,87.39,131,Home & Kitchen,Desktop,Credit Card,Social Media,8,3.9,0,0,0,0
C03075,United States,36,Male,Free,11/5/2020,14,556.06,40.84,9,Clothing & Apparel,Mobile,Credit Card,Organic Search,1,4.4,0,4,1,0
C03076,France,37,Female,Free,3/26/2025,42,3967.43,95.19,82,Toys & Games,Mobile,Credit Card,Organic Search,16,4.4,3,11,1,0
C03077,United Kingdom,56,Female,Free,3/9/2025,13,1715.86,132.36,77,Pet Supplies,Desktop,Debit Card,Organic Search,3,4.6,1,0,1,0
C03078,Germany,52,Female,Free,3/28/2026,1,56.4,66.03,40,Jewelry & Accessories,Mobile,Credit Card,Email Campaign,0,3.6,0,4,1,1
C03079,United States,32,Female,Silver,10/30/2024,6,336.93,53.42,18,Sports & Outdoors,Mobile,Buy Now Pay Later,Email Campaign,1,3.2,0,9,0,0
C03080,Netherlands,33,Male,Free,8/18/2023,6,2211.48,326.25,95,Books,Mobile,Cryptocurrency,Social Media,1,4.7,0,1,1,0
C03081,India,30,Female,Free,12/29/2025,13,2469.76,169.33,16,Clothing & Apparel,Mobile,UPI / Digital Wallet,Paid Ad,2,3.2,1,1,0,0
C03082,Canada,18,Male,Silver,11/1/2025,2,77.67,45.46,200,Clothing & Apparel,Mobile,UPI / Digital Wallet,Organic Search,0,3.8,0,2,1,0
C03083,United States,38,Male,Free,3/18/2023,20,3000.41,141.43,173,Books,Desktop,Credit Card,Direct,4,4.5,1,9,0,0
C03084,United States,42,Female,Silver,7/25/2025,24,752.25,31.04,142,Home & Kitchen,Mobile,Debit Card,Organic Search,6,4.2,1,0,0,0
C03085,United Kingdom,43,Male,Free,9/21/2025,9,401.33,40.03,211,Travel & Luggage,Mobile,PayPal,Referral,2,3,0,2,0,0
C03086,France,24,Female,Platinum,1/21/2026,18,394.05,20.08,7,Books,Tablet,UPI / Digital Wallet,Social Media,4,4.8,0,0,1,0
C03087,Germany,31,Male,Free,1/6/2026,38,1867.88,48.73,103,Food & Grocery,Mobile,Bank Transfer,Paid Ad,8,3.4,3,10,1,0
C03088,United States,21,Male,Silver,10/12/2022,2,347.63,152.7,36,Clothing & Apparel,Mobile,Buy Now Pay Later,Social Media,0,4.4,0,0,1,1
C03089,United States,24,Female,Free,5/2/2025,52,3926.84,68.71,108,Food & Grocery,Tablet,Credit Card,Organic Search,11,4,6,18,1,0
C03090,Germany,30,Female,Free,10/28/2024,5,187.64,37.39,82,Electronics,Mobile,UPI / Digital Wallet,Organic Search,1,3.9,0,16,1,0
C03091,Canada,34,Female,Free,10/4/2025,2,121.66,53.48,8,Sports & Outdoors,Desktop,PayPal,Email Campaign,0,4.5,0,7,1,0
C03092,Mexico,30,Female,Gold,12/14/2023,20,1087.26,62.19,196,Books,Mobile,Credit Card,Direct,3,3.7,0,0,1,1
C03093,United States,36,Male,Platinum,3/13/2026,11,965.49,81.24,1,Toys & Games,Desktop,Debit Card,Social Media,2,3.2,0,3,1,0
C03094,United Kingdom,37,Female,Free,2/18/2023,2,292.15,143.9,47,Electronics,Mobile,PayPal,Social Media,0,4.7,0,4,0,1
C03095,UAE,18,Female,Free,9/6/2025,26,1467.9,65.85,152,Clothing & Apparel,Desktop,Credit Card,Social Media,5,4.1,2,2,1,0
C03096,Germany,21,Male,Silver,2/18/2026,22,2842.98,120.06,76,Beauty & Personal Care,Desktop,Credit Card,Social Media,5,4.6,1,5,1,0
C03097,Brazil,34,Male,Free,3/21/2022,5,655.05,135.59,36,Jewelry & Accessories,Mobile,Credit Card,Email Campaign,1,3.7,0,0,1,0
C03098,Germany,37,Male,Free,7/28/2024,30,1515.58,50.35,105,Books,Mobile,UPI / Digital Wallet,Email Campaign,6,3.2,3,0,1,0
C03099,United States,18,Male,Gold,2/14/2025,19,1072.83,50.96,18,Home & Kitchen,Mobile,Debit Card,Social Media,5,4.5,1,4,1,0
C03100,Netherlands,42,Male,Free,4/14/2025,11,234.69,22.61,51,Toys & Games,Mobile,PayPal,Social Media,3,4.6,1,3,0,0
C03101,United States,18,Female,Free,12/29/2025,21,1856.23,93.97,24,Food & Grocery,Desktop,Credit Card,Direct,6,4.3,2,1,1,0
C03102,United States,40,Male,Gold,2/17/2021,1,63.88,64.22,28,Jewelry & Accessories,Desktop,Credit Card,Referral,0,3.7,0,5,1,1
C03103,United States,28,Female,Gold,3/7/2025,6,1937.63,283.21,26,Toys & Games,Mobile,Credit Card,Social Media,2,3.6,0,0,1,0
C03104,Canada,49,Male,Free,5/4/2024,16,651.35,45.4,0,Electronics,Desktop,Debit Card,Organic Search,0,3.9,0,8,1,1
C03105,Canada,40,Other,Free,5/1/2025,72,3475.67,53.88,22,Toys & Games,Desktop,Debit Card,Paid Ad,22,4.1,3,8,1,0
C03106,United States,21,Female,Silver,10/7/2024,14,639.12,50.09,29,Home & Kitchen,Mobile,Credit Card,Referral,2,4.3,1,17,1,1
C03107,South Korea,43,Female,Free,9/21/2025,17,1811.24,118.14,34,Sports & Outdoors,Desktop,Buy Now Pay Later,Paid Ad,1,4.4,1,1,1,0
C03108,India,35,Male,Free,11/7/2024,28,1182.66,42.46,111,Automotive,Desktop,Credit Card,Direct,5,4.8,2,14,1,0
C03109,Australia,18,Female,Gold,12/30/2023,4,196.42,42.97,61,Toys & Games,Mobile,Debit Card,Organic Search,1,4.5,0,14,0,0
C03110,United Kingdom,18,Female,Free,10/5/2025,4,152.39,34.6,253,Sports & Outdoors,Tablet,Credit Card,Paid Ad,1,3.4,0,0,1,0
C03111,United States,26,Female,Free,9/4/2023,7,127.13,17.05,127,Clothing & Apparel,Mobile,Credit Card,Social Media,2,4.5,0,6,0,0
C03112,Brazil,48,Female,Gold,3/17/2026,1,58.37,52.14,39,Jewelry & Accessories,Mobile,Debit Card,Paid Ad,0,3.7,0,3,0,0
C03113,United States,37,Male,Silver,4/9/2022,8,1233.53,160,3,Clothing & Apparel,Mobile,Credit Card,Email Campaign,2,4.3,0,7,0,0
C03114,United States,48,Female,Free,1/12/2022,2,103,47.7,37,Office Supplies,Desktop,Credit Card,Paid Ad,0,4,0,2,0,1
C03115,Australia,27,Male,Free,11/9/2024,23,3983.82,164.02,195,Sports & Outdoors,Desktop,Credit Card,Paid Ad,5,4.1,0,8,0,0
C03116,South Korea,63,Female,Platinum,10/31/2025,63,6250.43,87.71,45,Books,Mobile,PayPal,Email Campaign,6,3.7,8,3,0,0
C03117,Australia,25,Male,Silver,5/1/2023,12,752.69,66.74,20,Clothing & Apparel,Mobile,PayPal,Social Media,4,3.8,0,2,1,0
C03118,Canada,28,Female,Free,1/10/2026,5,812.61,142.19,103,Office Supplies,Mobile,Credit Card,Email Campaign,0,3.4,0,3,0,0
C03119,United States,63,Female,Platinum,2/11/2024,13,1545.64,128.82,140,Home & Kitchen,Mobile,Debit Card,Paid Ad,1,4.2,1,0,1,0
C03120,United States,30,Male,Free,3/27/2026,3,124.55,45.26,2,Health & Wellness,Mobile,PayPal,Email Campaign,0,3.9,0,6,1,0
C03121,United Kingdom,35,Male,Silver,12/29/2025,9,670.99,75.7,6,Books,Mobile,Credit Card,Social Media,2,4.2,1,9,0,0
C03122,South Korea,51,Male,Free,7/30/2022,6,482.81,73.28,19,Books,Mobile,PayPal,Social Media,1,3.2,0,4,1,0
C03123,India,32,Female,Platinum,8/17/2025,21,1255.19,56.65,17,Beauty & Personal Care,Tablet,Credit Card,Paid Ad,7,4.3,0,4,1,0
C03124,United States,36,Female,Silver,9/7/2024,8,506.97,60.89,20,Sports & Outdoors,Mobile,PayPal,Social Media,0,4.2,0,0,1,0
C03125,Canada,36,Female,Gold,2/12/2026,14,2715.17,195.59,58,Books,Desktop,Credit Card,Paid Ad,4,3.4,0,4,1,0
C03126,Canada,32,Male,Free,12/14/2025,53,2926.02,58.8,44,Clothing & Apparel,Mobile,Debit Card,Organic Search,15,4,6,3,1,1
C03127,United Kingdom,18,Male,Free,8/5/2025,10,395.92,36.55,25,Beauty & Personal Care,Desktop,Credit Card,Social Media,1,4.9,0,3,0,0
C03128,Sweden,54,Male,Silver,1/23/2026,31,1247.52,46.62,55,Pet Supplies,Mobile,Debit Card,Social Media,2,3.2,1,0,1,0
C03129,United States,45,Male,Free,12/3/2025,45,3203.53,76.71,35,Toys & Games,Desktop,Credit Card,Social Media,16,4.4,2,1,1,0
C03130,United States,23,Female,Silver,12/25/2024,5,218.15,41.89,109,Home & Kitchen,Desktop,Credit Card,Social Media,1,4.5,0,15,0,0
C03131,Mexico,25,Female,Free,12/14/2024,27,789.9,31.95,84,Electronics,Tablet,Credit Card,Direct,10,4,3,3,0,0
C03132,France,41,Male,Gold,1/5/2026,26,10291.32,462.47,12,Toys & Games,Mobile,Credit Card,Social Media,6,4.5,1,5,0,0
C03133,United States,40,Male,Silver,7/6/2025,1,32.86,28.93,60,Automotive,Desktop,Buy Now Pay Later,Organic Search,0,4.4,0,1,1,0
C03134,United States,40,Male,Free,12/22/2025,25,3458.77,135.18,172,Home & Kitchen,Mobile,Credit Card,Direct,4,3.5,2,4,0,0
C03135,United States,48,Male,Silver,3/6/2026,35,1008.17,29.86,15,Food & Grocery,Desktop,Bank Transfer,Social Media,6,4.6,3,1,1,0
C03136,United Kingdom,32,Male,Silver,1/11/2025,27,4711.11,175.37,7,Beauty & Personal Care,Mobile,Credit Card,Organic Search,6,3.9,2,10,0,0
C03137,United Kingdom,36,Male,Silver,1/4/2025,26,3305.18,133.59,35,Clothing & Apparel,Desktop,PayPal,Direct,1,4.6,0,4,1,0
C03138,United States,30,Male,Platinum,11/16/2022,48,3173.02,59.94,19,Electronics,Desktop,Credit Card,Organic Search,16,4.2,4,4,0,0
C03139,Mexico,18,Female,Gold,5/11/2025,12,852.68,67.1,79,Electronics,Tablet,PayPal,Organic Search,1,4.9,1,3,1,0
C03140,Canada,24,Male,Silver,12/4/2025,6,509.94,88.8,32,Food & Grocery,Desktop,Debit Card,Organic Search,2,4,0,1,0,0
C03141,United States,52,Female,Gold,12/8/2024,23,1546.82,71.27,99,Toys & Games,Desktop,Credit Card,Social Media,2,4.2,1,3,1,1
C03142,United States,27,Female,Free,2/2/2025,6,598.52,90.17,1,Clothing & Apparel,Desktop,Credit Card,Direct,2,4.8,0,3,0,0
C03143,United States,18,Female,Free,3/26/2022,31,563.3,18.1,37,Clothing & Apparel,Mobile,Debit Card,Email Campaign,11,4.3,2,5,1,0
C03144,France,43,Male,Silver,7/26/2023,6,740.89,108.16,3,Automotive,Mobile,PayPal,Organic Search,0,4.2,0,4,1,0
C03145,Netherlands,38,Male,Free,12/16/2025,4,150.24,33.86,140,Health & Wellness,Mobile,Credit Card,Organic Search,0,3.8,0,7,1,0
C03146,United Kingdom,43,Male,Free,7/5/2025,30,1291.36,38.35,128,Toys & Games,Desktop,Credit Card,Social Media,5,3.9,4,2,1,0
C03147,United States,32,Female,Platinum,2/18/2026,18,2649.96,133.89,48,Books,Mobile,Credit Card,Referral,1,4.1,1,0,0,0
C03148,Germany,18,Male,Silver,12/3/2024,16,582.05,41.5,9,Clothing & Apparel,Mobile,Credit Card,Organic Search,2,2.8,1,0,0,1
C03149,Germany,32,Male,Silver,1/9/2026,1,27,30.33,64,Electronics,Mobile,Credit Card,Email Campaign,0,3.9,0,3,0,1
C03150,Italy,46,Male,Free,1/16/2026,3,131.44,42.41,44,Home & Kitchen,Tablet,Debit Card,Organic Search,0,3.9,0,2,1,0
C03151,Germany,39,Male,Free,8/24/2025,19,1016.55,52.07,14,Clothing & Apparel,Desktop,PayPal,Organic Search,2,3.6,2,1,1,0
C03152,Sweden,42,Female,Free,10/10/2022,5,45.04,8.33,23,Books,Mobile,Credit Card,Direct,1,3.9,0,3,1,0
C03153,Germany,49,Female,Silver,2/27/2026,12,1907.16,169.59,50,Electronics,Mobile,Credit Card,Email Campaign,1,5,1,0,0,0
C03154,United States,31,Other,Free,12/21/2025,7,212.33,31.65,36,Clothing & Apparel,Tablet,Credit Card,Paid Ad,0,4.6,0,2,0,0
C03155,United Kingdom,30,Female,Free,3/7/2026,6,591.1,98.85,7,Jewelry & Accessories,Mobile,Cryptocurrency,Organic Search,2,3.5,0,4,1,0
C03156,Germany,27,Female,Silver,7/28/2021,10,488.57,54.79,80,Sports & Outdoors,Desktop,Buy Now Pay Later,Paid Ad,3,3.6,1,0,1,0
C03157,United Kingdom,19,Male,Gold,12/29/2025,30,2335.55,69.95,329,Electronics,Mobile,UPI / Digital Wallet,Social Media,10,3.7,3,5,1,1
C03158,Poland,18,Male,Free,12/7/2025,3,168.62,52.01,18,Clothing & Apparel,Mobile,Debit Card,Referral,0,4.7,0,1,1,0
C03159,India,26,Male,Free,3/3/2026,16,770.23,45.7,205,Electronics,Desktop,Credit Card,Email Campaign,4,4.6,2,0,0,0
C03160,Spain,33,Female,Silver,8/2/2025,27,1119.58,38.27,39,Electronics,Mobile,Debit Card,Organic Search,8,4.7,3,3,1,0
C03161,Italy,22,Female,Silver,9/28/2025,13,1390.84,112.14,131,Sports & Outdoors,Desktop,Credit Card,Direct,3,4.6,0,5,1,0
C03162,United States,35,Female,Free,11/16/2025,6,381.42,72.02,11,Books,Mobile,Credit Card,Organic Search,1,4.5,0,3,1,0
C03163,United States,52,Female,Free,1/4/2026,23,3090.61,146.24,56,Clothing & Apparel,Mobile,Debit Card,Social Media,5,4.4,3,11,0,0
C03164,France,25,Female,Free,1/26/2026,19,645.92,30.59,19,Electronics,Mobile,PayPal,Organic Search,6,4.4,0,0,0,0
C03165,France,42,Male,Free,10/31/2022,57,14180.65,258.42,30,Sports & Outdoors,Mobile,Debit Card,Email Campaign,5,4.3,8,5,1,0
C03166,Poland,44,Male,Silver,2/5/2026,49,2396.39,50.06,29,Books,Desktop,Credit Card,Direct,8,3.5,7,0,0,0
C03167,Netherlands,21,Female,Silver,3/18/2026,7,1851.27,233.87,0,Home & Kitchen,Desktop,PayPal,Organic Search,2,2.8,0,0,1,0
C03168,United States,18,Male,Gold,5/10/2023,12,661.98,54.85,103,Home & Kitchen,Desktop,PayPal,Paid Ad,3,3.4,0,14,1,0
C03169,Spain,18,Male,Free,7/13/2021,38,3557.9,86.39,10,Jewelry & Accessories,Desktop,Credit Card,Organic Search,4,3.9,3,1,0,0
C03170,India,48,Male,Platinum,4/19/2019,17,3221.1,174.29,73,Electronics,Desktop,PayPal,Social Media,2,3.8,0,4,1,0
C03171,United States,38,Male,Silver,4/18/2019,17,396.42,26.88,92,Clothing & Apparel,Mobile,Debit Card,Direct,4,3,0,6,1,0
C03172,United States,48,Male,Free,5/21/2025,12,618.66,58.72,72,Sports & Outdoors,Mobile,PayPal,Email Campaign,4,3.9,1,0,1,0
C03173,South Korea,32,Male,Free,3/31/2023,7,568.31,73.33,87,Clothing & Apparel,Mobile,Debit Card,Organic Search,2,4.7,0,2,0,0
C03174,Brazil,39,Female,Free,12/25/2025,13,557.81,39.84,20,Health & Wellness,Mobile,Debit Card,Paid Ad,1,4.2,1,14,0,0
C03175,United States,31,Male,Free,12/2/2025,19,1890.95,93.35,33,Travel & Luggage,Mobile,UPI / Digital Wallet,Social Media,6,3.2,1,5,1,0
C03176,India,29,Other,Free,12/26/2023,18,4863.67,313.46,1,Home & Kitchen,Desktop,Credit Card,Organic Search,4,3.8,2,0,1,0
C03177,France,61,Male,Free,9/22/2023,1,253.65,223.14,169,Books,Desktop,Credit Card,Direct,0,3.7,0,2,1,0
C03178,United States,33,Male,Gold,5/18/2020,4,208.34,55.45,8,Books,Desktop,Cryptocurrency,Paid Ad,0,3.5,0,3,0,1
C03179,Germany,32,Female,Silver,2/11/2026,20,2244.04,106.82,87,Electronics,Mobile,Credit Card,Organic Search,1,4,2,9,0,0
C03180,Germany,31,Female,Free,7/29/2025,51,2980.44,67.79,31,Clothing & Apparel,Mobile,Debit Card,Email Campaign,17,4.2,2,1,1,0
C03181,United States,23,Male,Free,4/3/2023,32,1809.59,53.76,54,Electronics,Desktop,Bank Transfer,Organic Search,3,4.4,3,6,1,0
C03182,United States,37,Female,Free,8/6/2022,1,85.91,85.49,103,Clothing & Apparel,Mobile,UPI / Digital Wallet,Referral,0,3.9,0,1,0,1
C03183,United States,24,Female,Free,4/16/2016,23,771.5,33.67,182,Clothing & Apparel,Mobile,PayPal,Email Campaign,8,3.8,1,5,0,1
C03184,United States,41,Female,Silver,6/14/2025,4,80.91,18.5,44,Books,Mobile,PayPal,Paid Ad,0,4.6,0,1,0,0
C03185,Australia,65,Female,Free,9/1/2023,24,927.12,41.98,13,Clothing & Apparel,Mobile,PayPal,Email Campaign,2,4.3,1,1,1,0
C03186,United Kingdom,41,Female,Silver,11/30/2023,29,2718.47,100.77,3,Electronics,Mobile,Credit Card,Organic Search,6,2.4,3,3,0,1
C03187,United States,36,Other,Silver,2/23/2021,17,581.84,34.3,54,Clothing & Apparel,Desktop,PayPal,Paid Ad,3,4.8,0,3,1,0
C03188,United States,18,Male,Free,12/29/2023,15,978.56,58.38,1,Toys & Games,Mobile,Credit Card,Social Media,3,4.4,2,1,0,0
C03189,United States,40,Female,Free,10/18/2024,1,115.45,131.14,1,Clothing & Apparel,Desktop,PayPal,Organic Search,0,3.3,0,0,1,0
C03190,Brazil,51,Male,Free,8/5/2022,12,1247.66,110,13,Health & Wellness,Desktop,Debit Card,Direct,1,4.1,0,0,1,0
C03191,Brazil,46,Male,Free,1/26/2024,6,685.35,109.41,7,Clothing & Apparel,Mobile,PayPal,Social Media,1,4.8,0,7,0,0
C03192,United States,38,Male,Free,7/30/2023,3,179.52,61.72,96,Sports & Outdoors,Mobile,Buy Now Pay Later,Organic Search,1,4.2,0,2,1,1
C03193,Mexico,18,Male,Gold,2/8/2023,22,2609.65,109.53,232,Toys & Games,Mobile,PayPal,Organic Search,1,4.8,2,5,0,1
C03194,United States,45,Female,Silver,6/20/2025,23,922.66,35.04,101,Sports & Outdoors,Tablet,Debit Card,Organic Search,5,5,1,6,0,0
C03195,Brazil,45,Female,Gold,6/26/2023,12,1455.89,116.33,183,Clothing & Apparel,Mobile,Credit Card,Email Campaign,2,4.7,1,1,0,0
C03196,United States,28,Female,Free,12/31/2025,10,1862.84,203.05,109,Clothing & Apparel,Desktop,Credit Card,Email Campaign,1,3,0,0,0,0
C03197,Germany,52,Female,Platinum,5/29/2024,1,80.12,70.14,11,Toys & Games,Mobile,UPI / Digital Wallet,Organic Search,0,2.9,0,0,0,1
C03198,Canada,36,Male,Silver,1/5/2025,7,283.32,44.69,42,Home & Kitchen,Mobile,PayPal,Organic Search,0,4.1,0,13,1,0
C03199,Singapore,34,Female,Silver,4/18/2025,48,6925.08,126.77,4,Electronics,Mobile,Credit Card,Organic Search,5,4.7,4,6,0,0
C03200,United Kingdom,45,Female,Silver,10/20/2025,34,5117.2,158.28,73,Home & Kitchen,Mobile,Debit Card,Email Campaign,4,4.2,4,0,1,1
C03201,India,36,Female,Free,5/9/2024,16,2535.89,185.23,21,Sports & Outdoors,Mobile,Debit Card,Direct,4,4.5,0,24,0,0
C03202,France,31,Male,Gold,5/12/2025,18,2376.9,123.06,101,Health & Wellness,Mobile,Debit Card,Referral,5,3,0,0,1,0
C03203,United States,60,Other,Free,10/12/2023,68,4465.55,77.18,39,Electronics,Mobile,UPI / Digital Wallet,Email Campaign,4,4.6,8,4,1,0
C03204,Brazil,29,Male,Free,11/15/2024,33,1554.34,44.98,57,Office Supplies,Tablet,Credit Card,Social Media,1,2.5,1,3,0,0
C03205,United States,42,Female,Silver,6/2/2025,15,3665.31,225.57,51,Toys & Games,Desktop,PayPal,Referral,2,3.8,0,1,1,0
C03206,Australia,48,Male,Silver,2/8/2026,4,221.74,62.31,9,Books,Desktop,Credit Card,Social Media,1,4.1,0,8,1,0
C03207,United States,45,Male,Gold,11/25/2023,2,73.67,42.63,105,Electronics,Mobile,UPI / Digital Wallet,Direct,0,4.1,0,9,1,0
C03208,South Korea,35,Male,Free,5/21/2024,2,28.12,15.85,55,Home & Kitchen,Mobile,UPI / Digital Wallet,Social Media,0,4.8,0,1,1,1
C03209,Brazil,45,Male,Gold,3/14/2025,16,1748.47,105.55,18,Electronics,Desktop,Credit Card,Social Media,1,3.4,1,9,1,0
C03210,France,18,Female,Platinum,2/18/2025,1,343.23,352.1,76,Sports & Outdoors,Desktop,PayPal,Organic Search,0,4.4,0,0,1,0
C03211,Mexico,42,Female,Gold,4/25/2025,61,3801.45,64.53,62,Books,Mobile,Debit Card,Paid Ad,18,3.7,5,1,0,0
C03212,Brazil,31,Female,Free,2/5/2024,26,2628.16,109.41,126,Home & Kitchen,Desktop,PayPal,Email Campaign,9,4.4,1,4,1,0
C03213,United Kingdom,28,Female,Free,10/29/2024,7,1046.17,143.64,44,Automotive,Tablet,PayPal,Email Campaign,2,4.6,0,2,0,0
C03214,Netherlands,46,Male,Free,5/30/2024,7,657.83,90.74,5,Clothing & Apparel,Desktop,Bank Transfer,Social Media,0,4,0,13,0,0
C03215,United States,34,Male,Free,9/4/2025,1,144.31,129.24,73,Office Supplies,Desktop,Credit Card,Organic Search,0,4.4,0,1,1,1
C03216,United States,38,Female,Free,11/9/2024,2,141.68,65.62,105,Beauty & Personal Care,Mobile,Credit Card,Email Campaign,0,3.8,0,3,1,0
C03217,Japan,24,Male,Free,11/7/2024,17,1837.23,95.62,148,Clothing & Apparel,Mobile,Debit Card,Email Campaign,4,3.6,1,4,0,0
C03218,United States,28,Male,Silver,11/29/2024,5,300.92,56.29,10,Clothing & Apparel,Mobile,PayPal,Paid Ad,1,4.3,0,0,1,0
C03219,United States,38,Female,Free,7/28/2024,12,1011.92,80.69,31,Beauty & Personal Care,Mobile,Debit Card,Social Media,1,4.1,0,1,0,0
C03220,United States,70,Male,Free,1/6/2024,17,1714.23,112.45,124,Sports & Outdoors,Mobile,Bank Transfer,Organic Search,6,4.3,0,1,1,0
C03221,United States,54,Male,Gold,12/10/2025,21,4409.35,245.95,35,Electronics,Mobile,Debit Card,Paid Ad,2,4.5,1,0,1,1
C03222,Singapore,48,Female,Platinum,3/19/2026,19,3235.73,171.1,25,Office Supplies,Mobile,UPI / Digital Wallet,Organic Search,7,3.9,2,6,1,0
C03223,Canada,46,Female,Silver,11/20/2025,12,382,32.32,48,Electronics,Desktop,Cryptocurrency,Paid Ad,3,4.3,0,1,1,0
C03224,United States,48,Female,Free,1/23/2025,48,2618.06,51.12,185,Electronics,Desktop,Credit Card,Organic Search,3,4.2,2,8,1,0
C03225,United States,26,Male,Free,2/19/2025,7,1656.95,238.48,56,Electronics,Mobile,Bank Transfer,Organic Search,2,3.7,0,1,1,0
C03226,France,70,Female,Free,1/2/2023,1,100.72,92.78,79,Electronics,Mobile,Credit Card,Paid Ad,0,4.5,0,9,0,0
C03227,Netherlands,42,Male,Platinum,12/12/2023,24,1849.37,82.92,82,Food & Grocery,Desktop,UPI / Digital Wallet,Social Media,7,5,0,1,1,0
C03228,India,56,Male,Silver,3/20/2022,4,373.67,90.15,16,Beauty & Personal Care,Desktop,Credit Card,Email Campaign,1,4.3,0,9,0,0
C03229,Germany,41,Female,Silver,2/13/2026,29,752.92,28.89,71,Health & Wellness,Mobile,Debit Card,Organic Search,11,4.1,1,3,1,0
C03230,Canada,33,Male,Free,2/5/2026,7,123.55,15.66,130,Home & Kitchen,Mobile,Debit Card,Direct,1,4.5,1,0,0,0
C03231,France,48,Female,Free,3/30/2026,54,6726.79,135.18,20,Home & Kitchen,Desktop,Cryptocurrency,Organic Search,15,4.3,4,1,1,0
C03232,Sweden,40,Female,Silver,9/18/2024,8,1422.01,170.15,73,Electronics,Mobile,PayPal,Paid Ad,2,4.2,0,1,0,0
C03233,Turkey,33,Female,Free,3/28/2024,5,284.03,52.55,87,Beauty & Personal Care,Desktop,Debit Card,Email Campaign,0,4.2,0,0,1,0
C03234,Canada,18,Female,Free,8/6/2022,34,4143.79,132.98,114,Sports & Outdoors,Mobile,Bank Transfer,Email Campaign,5,4.2,3,3,1,0
C03235,United Kingdom,57,Female,Gold,4/9/2025,14,1164.89,81.64,4,Beauty & Personal Care,Mobile,PayPal,Social Media,5,3.3,0,6,1,0
C03236,France,23,Female,Free,6/25/2025,10,1170.73,125.72,1,Clothing & Apparel,Desktop,Debit Card,Email Campaign,1,4.5,1,2,1,0
C03237,Brazil,26,Male,Platinum,11/17/2025,16,914.58,61.26,46,Books,Mobile,Debit Card,Email Campaign,1,3.1,1,8,0,0
C03238,United Kingdom,55,Male,Silver,8/14/2023,19,1277.9,70.13,7,Beauty & Personal Care,Desktop,PayPal,Referral,4,4.1,1,2,1,0
C03239,India,67,Female,Free,9/3/2025,17,2038.55,111.25,79,Electronics,Mobile,Debit Card,Organic Search,0,4.5,2,3,1,1
C03240,Australia,41,Female,Silver,2/28/2026,3,228.08,78.17,303,Books,Desktop,PayPal,Email Campaign,1,4.2,0,2,0,0
C03241,Sweden,18,Female,Silver,3/8/2024,7,288.37,36.68,4,Automotive,Desktop,PayPal,Social Media,1,4.8,0,3,0,0
C03242,India,29,Female,Silver,1/27/2024,41,816.65,19.03,153,Home & Kitchen,Mobile,Debit Card,Email Campaign,7,3.1,0,0,1,0
C03243,Sweden,36,Male,Free,10/8/2023,4,441.94,96.61,18,Home & Kitchen,Mobile,Credit Card,Paid Ad,0,3.6,0,1,0,0
C03244,Canada,44,Male,Free,7/15/2016,6,609.64,116.97,30,Clothing & Apparel,Tablet,PayPal,Social Media,0,3.9,0,2,1,0
C03245,France,32,Male,Free,7/19/2022,28,932.63,38.4,33,Office Supplies,Mobile,Credit Card,Paid Ad,9,4.5,0,21,0,0
C03246,Japan,20,Male,Gold,3/15/2026,27,3596.84,146.77,70,Jewelry & Accessories,Mobile,UPI / Digital Wallet,Organic Search,1,4.2,1,16,0,0
C03247,United States,35,Male,Free,1/29/2026,9,1431.82,156.19,27,Home & Kitchen,Mobile,PayPal,Organic Search,2,4.3,0,0,1,1
C03248,United States,51,Male,Gold,3/20/2022,63,12668.85,200,100,Electronics,Mobile,Debit Card,Direct,24,3.5,7,3,0,0
C03249,Spain,46,Female,Free,7/1/2025,13,819.01,57.56,387,Home & Kitchen,Desktop,Bank Transfer,Organic Search,3,4.5,0,0,0,0
C03250,United States,50,Male,Free,1/29/2026,21,1531.8,83.62,9,Food & Grocery,Desktop,Buy Now Pay Later,Email Campaign,3,4.4,1,4,1,0
C03251,Australia,24,Female,Free,8/1/2021,6,837.09,127.66,22,Home & Kitchen,Mobile,PayPal,Social Media,2,4.3,0,0,1,0
C03252,Mexico,20,Male,Gold,7/1/2025,2,206.51,119.57,17,Books,Mobile,Credit Card,Email Campaign,0,4.4,0,3,0,0
C03253,Australia,18,Other,Free,6/15/2025,52,4835.17,101,15,Health & Wellness,Mobile,UPI / Digital Wallet,Organic Search,11,4.9,7,2,0,0
C03254,Australia,42,Female,Platinum,8/18/2025,1,88.15,92.82,2,Clothing & Apparel,Desktop,Credit Card,Direct,0,4.3,0,17,0,0
C03255,Japan,36,Female,Free,4/22/2024,29,4770.41,144.21,44,Clothing & Apparel,Mobile,PayPal,Direct,8,4.3,3,4,1,0
C03256,United States,21,Female,Free,8/26/2025,9,234.35,26.07,189,Home & Kitchen,Mobile,UPI / Digital Wallet,Organic Search,2,4.8,1,1,0,0
C03257,Netherlands,28,Female,Free,4/29/2025,8,243.13,34.31,1,Health & Wellness,Desktop,Debit Card,Referral,2,4.5,0,4,1,0
C03258,United Kingdom,29,Male,Silver,5/24/2024,8,1140.58,161.08,14,Automotive,Desktop,Credit Card,Direct,1,4.2,0,1,1,0
C03259,Italy,32,Female,Silver,2/16/2022,4,306.15,82.78,21,Beauty & Personal Care,Mobile,Buy Now Pay Later,Email Campaign,0,4,0,0,0,0
C03260,Japan,30,Female,Gold,2/13/2025,15,730.31,42.91,53,Books,Mobile,Debit Card,Email Campaign,1,4.7,1,3,1,0
C03261,Mexico,33,Male,Platinum,8/17/2021,1,35.13,40.71,41,Automotive,Desktop,Credit Card,Organic Search,0,4.3,0,1,1,1
C03262,Germany,24,Male,Free,12/30/2025,17,5078.48,304.29,80,Food & Grocery,Mobile,PayPal,Paid Ad,5,4.3,1,16,1,0
C03263,Canada,26,Female,Free,11/29/2024,21,855.45,37.63,370,Health & Wellness,Mobile,Credit Card,Direct,3,3.5,3,3,1,0
C03264,United States,64,Female,Free,7/15/2025,12,401,31.51,54,Beauty & Personal Care,Mobile,PayPal,Organic Search,1,4.7,0,0,1,0
C03265,France,46,Male,Free,2/26/2025,5,442.19,77.28,131,Electronics,Desktop,Buy Now Pay Later,Direct,1,4.8,0,6,1,0
C03266,United States,27,Male,Free,3/18/2026,21,643.44,28.04,9,Health & Wellness,Tablet,PayPal,Organic Search,5,4.2,0,11,0,0
C03267,United States,33,Male,Platinum,3/17/2024,5,632.6,112.46,143,Jewelry & Accessories,Desktop,Credit Card,Organic Search,0,4.7,0,1,1,0
C03268,Italy,49,Male,Free,12/15/2025,1,76.74,88.71,58,Toys & Games,Mobile,Credit Card,Social Media,0,4.5,0,6,0,0
C03269,South Africa,39,Male,Silver,8/5/2024,4,251.73,61.2,23,Clothing & Apparel,Mobile,UPI / Digital Wallet,Direct,1,4,0,2,0,0
C03270,France,44,Male,Free,3/6/2024,3,197.24,59.86,59,Jewelry & Accessories,Mobile,Cryptocurrency,Organic Search,0,4.5,0,4,0,0
C03271,United States,45,Male,Silver,9/9/2025,1,70.16,75.95,49,Clothing & Apparel,Desktop,Debit Card,Social Media,0,4.4,0,9,1,0
C03272,UAE,47,Female,Gold,4/26/2024,8,269.13,33.96,46,Food & Grocery,Mobile,Credit Card,Paid Ad,3,3.2,0,2,0,0
C03273,United States,18,Female,Silver,1/4/2025,24,1070.95,39.88,92,Electronics,Mobile,UPI / Digital Wallet,Organic Search,5,4.8,0,1,1,0
C03274,France,59,Female,Free,2/18/2024,11,1652.8,138.86,1,Clothing & Apparel,Mobile,Credit Card,Organic Search,2,4.3,0,4,0,0
C03275,Sweden,35,Other,Silver,7/13/2024,8,847.84,105.93,15,Electronics,Tablet,Credit Card,Organic Search,2,3.8,0,4,1,0
C03276,France,35,Female,Free,10/10/2025,32,2607.48,74.19,240,Electronics,Desktop,PayPal,Organic Search,4,4,0,0,1,1
C03277,United States,22,Male,Free,10/6/2025,9,3021.09,353.35,175,Electronics,Mobile,PayPal,Paid Ad,1,2.4,0,10,1,0
C03278,Canada,18,Male,Gold,4/21/2024,9,1831.08,221.74,81,Home & Kitchen,Tablet,Debit Card,Organic Search,2,3.9,1,13,0,0
C03279,India,35,Female,Silver,1/21/2026,10,948.03,91.87,130,Pet Supplies,Desktop,Credit Card,Paid Ad,3,4.1,1,3,1,0
C03280,India,33,Male,Free,2/14/2026,20,1523.58,74.38,1,Clothing & Apparel,Mobile,PayPal,Email Campaign,7,4.1,1,10,1,0
C03281,Canada,18,Female,Free,6/11/2025,12,701.31,55.81,4,Clothing & Apparel,Desktop,PayPal,Direct,2,3.3,0,7,1,0
C03282,Brazil,43,Male,Free,3/29/2024,5,1006.36,191.81,87,Food & Grocery,Mobile,PayPal,Social Media,1,3.9,0,1,1,0
C03283,India,41,Male,Gold,11/17/2025,21,2883.62,121.25,74,Beauty & Personal Care,Mobile,Credit Card,Social Media,5,4.7,1,5,1,0
C03284,United States,53,Female,Silver,1/21/2026,5,1285.83,243.66,68,Toys & Games,Mobile,Credit Card,Organic Search,1,3.6,0,2,1,0
C03285,United States,27,Female,Gold,7/24/2025,4,306.71,78.21,24,Beauty & Personal Care,Mobile,Credit Card,Direct,0,3.8,0,1,1,0
C03286,France,48,Female,Platinum,5/8/2022,43,4876.67,113.34,80,Clothing & Apparel,Mobile,UPI / Digital Wallet,Organic Search,15,3.3,3,0,0,0
C03287,United States,31,Male,Free,7/13/2023,5,249.11,46.75,10,Books,Desktop,UPI / Digital Wallet,Paid Ad,0,4.7,0,1,0,0
C03288,United States,40,Female,Silver,10/19/2024,47,3104.22,62.2,24,Sports & Outdoors,Mobile,Credit Card,Social Media,7,4.7,0,21,1,0
C03289,United Kingdom,18,Female,Free,1/24/2019,18,708.87,41.52,36,Beauty & Personal Care,Desktop,PayPal,Organic Search,2,4.2,1,4,0,0
C03290,Spain,40,Female,Gold,10/3/2023,50,1487.58,34.27,17,Books,Mobile,Credit Card,Direct,11,4.3,2,3,1,0
C03291,India,47,Male,Gold,9/10/2025,4,533.67,123.79,113,Food & Grocery,Desktop,Debit Card,Paid Ad,0,4.3,0,4,1,0
C03292,United States,31,Male,Free,7/26/2025,24,2263.86,85.35,18,Electronics,Mobile,Debit Card,Email Campaign,3,3.6,0,1,1,0
C03293,Spain,31,Female,Free,2/18/2021,32,2837.8,87.61,42,Sports & Outdoors,Desktop,Bank Transfer,Organic Search,10,4.1,3,8,0,0
C03294,United States,25,Female,Free,2/7/2026,12,884.45,66.71,10,Travel & Luggage,Mobile,UPI / Digital Wallet,Email Campaign,0,4.8,0,1,1,1
C03295,United States,37,Male,Gold,11/12/2023,5,981.86,207.45,58,Clothing & Apparel,Mobile,Credit Card,Referral,1,3.3,0,20,0,0
C03296,United Kingdom,21,Male,Free,7/10/2025,3,576.67,207.76,90,Pet Supplies,Tablet,Debit Card,Direct,0,4.8,0,4,1,0
C03297,India,29,Female,Silver,7/25/2016,5,178.76,33.81,28,Clothing & Apparel,Desktop,PayPal,Email Campaign,0,4.6,0,0,1,0
C03298,United States,42,Female,Gold,4/28/2024,3,523.8,177.91,10,Beauty & Personal Care,Desktop,Credit Card,Referral,0,3.2,0,2,0,0
C03299,Brazil,32,Female,Platinum,1/10/2026,34,4252.29,143.24,157,Books,Tablet,UPI / Digital Wallet,Paid Ad,9,4.5,1,4,1,0
C03300,Japan,43,Female,Silver,9/26/2025,19,1819.51,91.82,31,Electronics,Desktop,UPI / Digital Wallet,Organic Search,1,3.2,0,2,0,0
C03301,United States,42,Female,Silver,8/9/2025,4,580.95,141.44,18,Electronics,Mobile,Buy Now Pay Later,Organic Search,1,3.9,0,1,0,0
C03302,Singapore,41,Female,Free,7/24/2025,9,1060.82,118.74,6,Toys & Games,Mobile,Debit Card,Paid Ad,0,4.1,1,5,1,0
C03303,United Kingdom,35,Female,Free,12/12/2024,7,647.88,99.59,55,Home & Kitchen,Desktop,Debit Card,Paid Ad,0,4.3,0,8,1,0
C03304,India,48,Male,Gold,7/28/2024,22,1054.46,52.5,12,Electronics,Desktop,Credit Card,Social Media,4,4.7,2,3,1,0
C03305,United States,18,Male,Free,12/6/2025,17,2713.92,139.76,47,Home & Kitchen,Desktop,Credit Card,Direct,3,3.5,1,5,0,0
C03306,Mexico,28,Female,Platinum,5/22/2025,1,63.11,68.15,228,Electronics,Mobile,Debit Card,Paid Ad,0,4,0,2,1,1
C03307,United States,49,Male,Free,2/7/2025,24,2477.35,119.68,7,Jewelry & Accessories,Mobile,Buy Now Pay Later,Referral,1,4.9,2,0,1,0
C03308,France,38,Female,Free,4/30/2024,14,2250.15,182.89,13,Jewelry & Accessories,Mobile,Credit Card,Social Media,4,4.6,1,1,0,0
C03309,India,49,Female,Free,1/8/2024,8,410.7,48.96,17,Clothing & Apparel,Mobile,Credit Card,Email Campaign,2,3.6,0,3,1,0
C03310,United Kingdom,22,Female,Platinum,7/28/2025,9,1536.18,149.32,54,Home & Kitchen,Tablet,PayPal,Organic Search,1,4.9,1,0,1,0
C03311,Mexico,36,Female,Free,2/27/2025,23,2374.04,120.97,21,Food & Grocery,Mobile,Credit Card,Paid Ad,8,4.1,1,4,0,0
C03312,Brazil,67,Female,Gold,7/27/2025,9,1651.15,164.53,51,Travel & Luggage,Desktop,Credit Card,Email Campaign,2,4.5,0,2,1,0
C03313,United States,33,Female,Free,2/4/2026,53,919.76,16.89,40,Home & Kitchen,Mobile,Debit Card,Email Campaign,10,4.5,7,1,1,1
C03314,Poland,43,Female,Free,1/21/2026,20,674.74,37.52,38,Automotive,Mobile,UPI / Digital Wallet,Social Media,2,4.4,0,6,1,1
C03315,United States,29,Female,Silver,1/5/2026,17,1032.26,61.58,50,Pet Supplies,Mobile,Debit Card,Email Campaign,1,4.1,1,1,0,0
C03316,Poland,36,Female,Gold,11/13/2025,17,3587.31,199.89,55,Home & Kitchen,Mobile,PayPal,Referral,1,4.4,0,8,1,0
C03317,Canada,30,Male,Gold,9/16/2023,44,10943.22,232.24,51,Clothing & Apparel,Mobile,Bank Transfer,Social Media,6,4,4,0,1,0
C03318,United States,18,Male,Free,7/19/2022,57,2625.52,40.46,195,Clothing & Apparel,Desktop,UPI / Digital Wallet,Organic Search,13,4.1,6,5,1,0
C03319,Canada,49,Male,Silver,8/30/2022,2,110.9,55.06,75,Jewelry & Accessories,Mobile,Credit Card,Direct,0,4.2,0,3,0,0
C03320,Brazil,44,Male,Free,3/27/2026,7,2461.83,402.91,82,Clothing & Apparel,Desktop,Debit Card,Organic Search,0,3.7,0,12,1,0
C03321,United Kingdom,61,Male,Gold,3/30/2026,24,3979.43,187.45,3,Clothing & Apparel,Desktop,PayPal,Organic Search,4,3.8,0,2,0,0
C03322,United States,20,Male,Free,8/18/2023,37,3117.12,93.8,32,Electronics,Desktop,Credit Card,Email Campaign,13,3.8,2,8,1,0
C03323,Netherlands,36,Male,Free,11/1/2025,2,115.53,57.37,62,Electronics,Desktop,PayPal,Email Campaign,0,3.5,0,1,1,0
C03324,Brazil,50,Male,Free,2/4/2025,3,859.46,257.14,42,Clothing & Apparel,Desktop,Credit Card,Social Media,0,2.3,0,2,1,0
C03325,Germany,40,Female,Silver,2/14/2026,8,1118.51,123.19,153,Books,Mobile,Credit Card,Social Media,2,4.1,0,4,1,0
C03326,Canada,35,Female,Free,3/13/2025,1,42.61,40.96,54,Toys & Games,Mobile,PayPal,Social Media,0,4.1,0,8,1,1
C03327,Spain,23,Female,Free,11/18/2025,7,324.59,47.46,25,Beauty & Personal Care,Tablet,Credit Card,Social Media,2,2.5,1,10,1,0
C03328,Germany,29,Female,Silver,3/28/2021,9,824.65,93.18,76,Electronics,Tablet,PayPal,Social Media,2,3.7,0,3,1,0
C03329,Mexico,38,Male,Platinum,6/22/2021,13,2979.34,228.13,198,Sports & Outdoors,Desktop,Debit Card,Direct,3,4.5,1,0,1,0
C03330,Germany,42,Male,Gold,4/19/2024,37,2214.57,62.3,71,Electronics,Tablet,Credit Card,Referral,2,4.2,3,1,0,0
C03331,United States,30,Female,Silver,8/4/2023,3,97.12,32.5,29,Home & Kitchen,Mobile,Credit Card,Paid Ad,1,3.9,0,2,1,0
C03332,United States,35,Female,Free,4/4/2025,6,364.97,62.77,12,Electronics,Desktop,UPI / Digital Wallet,Social Media,1,3.2,0,12,1,0
C03333,India,34,Male,Free,3/29/2023,8,649.14,85.04,10,Electronics,Mobile,Credit Card,Paid Ad,2,4,0,7,1,0
C03334,Japan,26,Female,Free,8/26/2025,14,775.01,51.61,117,Electronics,Mobile,UPI / Digital Wallet,Social Media,3,4.3,1,3,1,0
C03335,Brazil,35,Male,Free,8/8/2025,18,4177.27,225.17,48,Books,Mobile,UPI / Digital Wallet,Paid Ad,6,3.7,1,3,1,0
C03336,France,34,Female,Free,10/1/2025,18,2154.15,140.15,307,Clothing & Apparel,Mobile,PayPal,Social Media,7,4.2,1,5,0,1
C03337,Spain,49,Female,Gold,6/23/2025,50,3396.22,69.08,13,Home & Kitchen,Desktop,PayPal,Organic Search,8,4.4,5,4,1,0
C03338,Netherlands,33,Female,Free,10/9/2023,11,214.6,17.71,36,Jewelry & Accessories,Mobile,Debit Card,Direct,3,4.4,1,8,1,0
C03339,Brazil,53,Female,Platinum,6/7/2023,25,2184.36,85.67,14,Beauty & Personal Care,Mobile,Debit Card,Email Campaign,5,4.1,0,4,1,0
C03340,South Africa,21,Male,Free,12/7/2023,1,119.04,109.01,9,Food & Grocery,Tablet,PayPal,Organic Search,0,4,0,6,1,0
C03341,France,57,Female,Gold,2/1/2026,22,1185.72,46.92,27,Electronics,Tablet,PayPal,Paid Ad,2,3.9,2,4,0,0
C03342,United States,27,Male,Free,12/2/2025,26,695.19,25.08,20,Toys & Games,Mobile,Credit Card,Social Media,8,4.1,0,13,1,0
C03343,India,23,Male,Free,2/5/2026,4,674.75,183.16,6,Food & Grocery,Mobile,Debit Card,Organic Search,1,4.5,0,3,0,0
C03344,Spain,36,Female,Free,12/1/2024,18,1164.76,75.25,29,Home & Kitchen,Mobile,Buy Now Pay Later,Direct,1,4.9,1,11,0,0
C03345,United States,44,Male,Free,2/7/2025,4,180.97,52.41,110,Office Supplies,Mobile,UPI / Digital Wallet,Social Media,0,4.2,0,17,1,0
C03346,India,51,Female,Free,8/28/2017,43,5914.09,138.31,176,Books,Mobile,Debit Card,Direct,7,4.2,2,0,1,0
C03347,Brazil,33,Male,Gold,8/29/2024,2,211.47,101.31,12,Office Supplies,Tablet,PayPal,Social Media,0,4.9,0,5,1,0
C03348,South Africa,24,Male,Platinum,9/21/2024,1,73.24,82.31,17,Beauty & Personal Care,Desktop,Debit Card,Organic Search,0,3.6,0,4,1,0
C03349,United Kingdom,42,Male,Silver,2/22/2026,15,964.81,75,95,Sports & Outdoors,Mobile,UPI / Digital Wallet,Paid Ad,4,3.7,0,0,0,0
C03350,Germany,31,Female,Platinum,9/26/2025,46,9704.77,190.74,0,Sports & Outdoors,Desktop,UPI / Digital Wallet,Paid Ad,3,3.4,2,8,0,0
C03351,Spain,46,Male,Free,10/31/2025,1,55.92,51.69,7,Jewelry & Accessories,Mobile,Buy Now Pay Later,Paid Ad,0,4.6,0,4,0,0
C03352,Mexico,27,Male,Silver,5/7/2023,43,971.6,21.31,64,Clothing & Apparel,Mobile,Credit Card,Referral,7,3.9,4,4,0,0
C03353,Italy,43,Female,Silver,7/27/2023,47,2472.26,53.53,18,Electronics,Desktop,Bank Transfer,Social Media,17,3.7,4,0,1,0
C03354,United States,30,Female,Free,3/2/2026,21,334.43,17.37,88,Clothing & Apparel,Mobile,Credit Card,Email Campaign,4,4,0,0,0,0
C03355,United States,37,Male,Platinum,3/1/2026,11,1023.93,97.36,218,Electronics,Desktop,Debit Card,Organic Search,1,4.4,0,1,1,1
C03356,United States,39,Male,Silver,11/23/2025,8,262.75,35.93,72,Electronics,Mobile,Credit Card,Organic Search,2,4.7,1,0,1,0
C03357,Japan,19,Male,Gold,10/10/2025,15,552.9,37.21,47,Home & Kitchen,Mobile,Credit Card,Organic Search,2,4.5,0,0,1,0
C03358,Netherlands,45,Female,Gold,9/9/2023,7,426.8,55.67,6,Electronics,Desktop,Debit Card,Organic Search,1,2.8,0,7,0,0
C03359,Canada,25,Male,Free,12/1/2025,5,319.6,65.64,27,Home & Kitchen,Mobile,PayPal,Referral,1,4.8,0,4,0,0
C03360,United States,52,Female,Silver,5/1/2020,16,8656.56,521.79,148,Books,Mobile,Debit Card,Direct,6,4.4,2,9,1,0
C03361,United States,35,Female,Free,12/27/2025,9,231.97,23.88,0,Office Supplies,Mobile,PayPal,Social Media,1,4.4,0,6,1,0
C03362,United Kingdom,44,Male,Free,10/28/2024,8,492.46,59,19,Health & Wellness,Desktop,PayPal,Organic Search,1,3.6,0,2,1,0
C03363,Brazil,36,Male,Silver,12/22/2025,27,827.16,31.31,110,Books,Mobile,Debit Card,Paid Ad,8,4.7,1,4,0,0
C03364,Australia,36,Male,Gold,11/19/2024,7,404.25,54.44,167,Clothing & Apparel,Mobile,Buy Now Pay Later,Organic Search,1,4.7,1,5,1,0
C03365,Canada,53,Female,Free,9/27/2025,2,130.01,57.41,5,Health & Wellness,Mobile,Buy Now Pay Later,Social Media,0,4.3,0,2,1,1
C03366,India,24,Female,Silver,4/26/2025,22,431.45,19.83,14,Home & Kitchen,Desktop,Credit Card,Email Campaign,2,3.4,2,2,1,0
C03367,Singapore,24,Female,Silver,4/28/2023,21,1667.54,69.19,30,Clothing & Apparel,Desktop,Debit Card,Email Campaign,4,4.4,2,4,0,0
C03368,Canada,41,Male,Free,5/12/2024,33,2731.59,80.19,11,Home & Kitchen,Tablet,Credit Card,Email Campaign,4,3.7,1,5,1,0
C03369,Mexico,24,Female,Gold,8/17/2025,16,750.11,40.85,103,Books,Desktop,Credit Card,Organic Search,5,3.6,0,1,0,0
C03370,United Kingdom,33,Female,Free,8/26/2025,7,737.91,102.08,15,Clothing & Apparel,Mobile,Credit Card,Email Campaign,2,4.3,0,1,1,0
C03371,Brazil,33,Female,Platinum,7/16/2023,16,962.07,56.77,121,Clothing & Apparel,Mobile,PayPal,Organic Search,1,3.6,1,4,0,0
C03372,UAE,21,Female,Silver,12/19/2020,36,2053.1,52.58,1,Home & Kitchen,Mobile,Debit Card,Social Media,9,3.4,4,1,1,0
C03373,India,33,Female,Free,8/24/2023,25,4291.55,200.08,11,Home & Kitchen,Mobile,Credit Card,Email Campaign,8,3.7,2,11,1,0
C03374,United Kingdom,39,Male,Platinum,10/28/2025,4,484.81,133.55,56,Clothing & Apparel,Desktop,Credit Card,Paid Ad,1,4.2,0,4,1,0
C03375,Australia,35,Male,Free,3/17/2026,10,232.02,24.27,60,Sports & Outdoors,Desktop,Credit Card,Paid Ad,0,3.3,0,4,1,0
C03376,United States,32,Male,Gold,3/15/2023,14,959.44,68.18,69,Jewelry & Accessories,Desktop,Credit Card,Social Media,5,4.1,0,0,1,0
C03377,Sweden,42,Male,Free,12/24/2025,3,148.78,52.86,10,Office Supplies,Mobile,Credit Card,Social Media,0,4.5,0,4,0,0
C03378,South Africa,43,Female,Free,6/2/2024,20,988.42,52.82,1,Clothing & Apparel,Mobile,PayPal,Social Media,2,4.1,0,1,0,0
C03379,United States,29,Female,Silver,7/16/2023,4,183.29,40.8,86,Office Supplies,Desktop,UPI / Digital Wallet,Organic Search,1,4,0,9,1,0
C03380,United States,42,Female,Free,11/3/2023,39,746.71,19.7,76,Sports & Outdoors,Mobile,Buy Now Pay Later,Social Media,6,4.6,0,13,1,0
C03381,Brazil,49,Female,Silver,6/8/2025,31,2597.8,89.66,105,Electronics,Mobile,PayPal,Organic Search,7,3.6,4,0,1,0
C03382,South Korea,45,Female,Silver,10/28/2021,3,341.61,101.72,169,Health & Wellness,Desktop,PayPal,Social Media,0,4.3,0,2,0,0
C03383,United States,53,Male,Free,7/5/2025,7,584.3,78.84,4,Electronics,Mobile,PayPal,Paid Ad,0,4.4,0,3,0,0
C03384,Japan,36,Male,Free,2/14/2025,15,2487.65,158.29,60,Health & Wellness,Mobile,Buy Now Pay Later,Direct,1,4.6,1,5,1,0
C03385,Turkey,29,Female,Free,3/14/2026,24,2037.83,92.15,68,Books,Desktop,Debit Card,Email Campaign,7,3.5,1,27,0,1
C03386,Australia,34,Male,Gold,10/13/2024,5,613.13,108.59,60,Beauty & Personal Care,Mobile,Credit Card,Organic Search,1,4.1,0,0,1,1
C03387,Italy,45,Male,Free,3/24/2026,10,606.48,70.28,114,Clothing & Apparel,Tablet,Credit Card,Organic Search,2,4.2,1,1,0,0
C03388,United Kingdom,35,Male,Silver,11/27/2024,4,418.98,93.29,111,Electronics,Tablet,PayPal,Social Media,0,4.2,0,7,0,0
C03389,United Kingdom,43,Female,Gold,2/1/2026,19,1158.05,70.52,6,Beauty & Personal Care,Mobile,UPI / Digital Wallet,Social Media,6,4,0,5,0,0
C03390,Brazil,53,Female,Gold,8/9/2025,1,58.26,65.33,1,Clothing & Apparel,Mobile,Credit Card,Organic Search,0,4.8,0,1,0,0
C03391,India,35,Male,Silver,2/9/2022,8,263.13,35.52,2,Beauty & Personal Care,Mobile,Bank Transfer,Social Media,1,3.9,1,11,1,0
C03392,United States,22,Male,Free,11/26/2025,27,2438.36,103.85,0,Health & Wellness,Desktop,PayPal,Social Media,1,4.9,0,6,1,0
C03393,Germany,39,Female,Platinum,10/16/2025,27,1899.44,77.2,72,Home & Kitchen,Desktop,Buy Now Pay Later,Paid Ad,8,3,3,13,1,0
C03394,United States,25,Male,Silver,2/24/2025,2,197.93,116.36,5,Books,Mobile,Debit Card,Paid Ad,0,4.2,0,1,1,0
C03395,Netherlands,27,Female,Free,6/25/2025,7,283.53,40.17,38,Beauty & Personal Care,Tablet,Cryptocurrency,Direct,1,4.2,0,3,1,0
C03396,United States,18,Female,Free,7/14/2025,58,10245.49,178.47,30,Home & Kitchen,Mobile,UPI / Digital Wallet,Paid Ad,11,4.2,1,0,1,0
C03397,Japan,18,Male,Free,8/18/2025,8,511.2,65.03,132,Automotive,Mobile,Credit Card,Referral,1,4.3,0,8,1,0
C03398,Spain,18,Male,Silver,11/8/2025,7,219.83,35.7,58,Electronics,Desktop,UPI / Digital Wallet,Paid Ad,0,4.3,0,8,0,0
C03399,United States,44,Male,Free,10/3/2025,9,372.05,37.45,59,Automotive,Mobile,Debit Card,Organic Search,1,3.9,0,0,0,0
C03400,Netherlands,18,Male,Silver,12/6/2023,8,967.62,106.15,0,Clothing & Apparel,Mobile,PayPal,Email Campaign,2,4.2,0,0,1,0
C03401,United Kingdom,21,Female,Free,6/14/2024,4,180.47,52.21,84,Clothing & Apparel,Mobile,UPI / Digital Wallet,Paid Ad,0,4.4,0,1,0,0
C03402,India,38,Male,Free,2/12/2026,20,3705.44,196.69,10,Home & Kitchen,Desktop,Credit Card,Referral,3,4.8,1,7,0,0
C03403,Italy,25,Female,Gold,1/21/2023,11,1527.21,131.45,65,Clothing & Apparel,Desktop,Debit Card,Social Media,0,3.5,0,10,0,0
C03404,United States,35,Male,Free,1/10/2026,12,554.64,44.91,2,Electronics,Mobile,Credit Card,Direct,2,3.1,0,7,1,0
C03405,Brazil,50,Female,Free,9/19/2024,2,335.21,152.45,34,Food & Grocery,Tablet,Debit Card,Social Media,0,4,0,11,1,0
C03406,United States,18,Male,Free,10/29/2023,27,5592.25,196.81,0,Home & Kitchen,Mobile,Bank Transfer,Social Media,2,4.1,2,0,1,0
C03407,United States,30,Female,Gold,3/29/2026,16,2024.65,113.65,291,Books,Mobile,Bank Transfer,Email Campaign,2,3.9,2,2,1,1
C03408,Germany,42,Male,Platinum,10/17/2025,1,67.14,65.55,29,Clothing & Apparel,Tablet,Credit Card,Organic Search,0,4.4,0,16,1,1
C03409,Spain,42,Male,Free,5/21/2023,3,139.05,40.93,0,Sports & Outdoors,Desktop,Cryptocurrency,Organic Search,0,4.7,0,0,1,0
C03410,United Kingdom,28,Male,Free,1/24/2026,37,1255.64,34.69,21,Home & Kitchen,Mobile,Credit Card,Organic Search,4,4.2,3,2,0,0
C03411,Canada,31,Female,Platinum,8/4/2023,4,1183.79,338.46,52,Jewelry & Accessories,Mobile,Debit Card,Social Media,0,4.1,0,9,0,0
C03412,South Korea,31,Female,Free,10/5/2025,9,226.72,25.94,46,Electronics,Desktop,Credit Card,Organic Search,3,4.2,1,6,0,0
C03413,Poland,51,Male,Gold,3/31/2026,16,4201.62,235.68,33,Beauty & Personal Care,Mobile,UPI / Digital Wallet,Social Media,1,3.6,1,3,1,0
C03414,Italy,37,Male,Free,10/22/2022,1,129.16,123.95,29,Health & Wellness,Mobile,UPI / Digital Wallet,Email Campaign,0,4.3,0,3,1,0
C03415,Mexico,50,Male,Free,6/30/2021,12,1314.9,104.53,111,Clothing & Apparel,Tablet,PayPal,Email Campaign,3,4.3,0,0,1,0
C03416,United Kingdom,34,Female,Free,1/21/2026,11,1603.17,139.4,18,Clothing & Apparel,Desktop,Credit Card,Referral,3,4.5,0,2,1,0
C03417,United States,38,Female,Free,3/7/2025,19,3762.87,201.93,15,Toys & Games,Mobile,Credit Card,Organic Search,7,4.4,2,10,0,0
C03418,France,26,Female,Gold,7/2/2024,43,6786.74,157.7,52,Home & Kitchen,Mobile,Credit Card,Direct,3,4.3,1,0,0,0
C03419,Australia,40,Female,Free,9/8/2023,8,239.33,34.22,33,Electronics,Mobile,Debit Card,Direct,2,4.6,0,1,0,0
C03420,Germany,35,Female,Free,10/19/2024,16,2606.05,141.95,84,Jewelry & Accessories,Desktop,Credit Card,Organic Search,2,3.7,0,4,0,0
C03421,Brazil,18,Female,Free,2/18/2026,9,2270.2,268,80,Electronics,Mobile,Credit Card,Organic Search,0,3.4,0,8,0,0
C03422,India,18,Male,Silver,12/17/2025,16,2386.41,170.7,65,Sports & Outdoors,Desktop,UPI / Digital Wallet,Social Media,4,4.4,1,0,0,0
C03423,United Kingdom,52,Female,Gold,9/22/2025,1,64.79,58,118,Electronics,Mobile,Credit Card,Organic Search,0,3.4,0,1,1,1
C03424,India,42,Female,Silver,3/16/2026,13,680.4,54.49,71,Books,Mobile,Buy Now Pay Later,Direct,3,4.3,1,9,1,0
C03425,Spain,20,Male,Free,2/13/2026,10,323.43,37.89,62,Sports & Outdoors,Mobile,Credit Card,Organic Search,3,4.9,0,22,1,0
C03426,India,40,Male,Gold,10/17/2025,2,98.02,50.41,40,Home & Kitchen,Mobile,Credit Card,Organic Search,0,3.5,0,3,0,1
C03427,United States,36,Male,Free,7/21/2025,3,53.61,17.69,16,Books,Mobile,Debit Card,Organic Search,0,3.6,0,13,0,0
C03428,United States,30,Male,Gold,8/11/2025,22,6268.23,289.57,27,Electronics,Mobile,Bank Transfer,Direct,1,4,0,0,1,1
C03429,France,50,Female,Free,7/4/2025,3,473.37,149.85,20,Travel & Luggage,Desktop,Credit Card,Email Campaign,0,3.5,0,2,1,0
C03430,India,19,Male,Gold,12/3/2024,25,1055,48.67,26,Food & Grocery,Mobile,Credit Card,Social Media,6,4.8,2,9,0,0
C03431,Japan,34,Female,Free,5/8/2024,2,109.21,53.12,68,Clothing & Apparel,Tablet,UPI / Digital Wallet,Email Campaign,0,4,0,3,0,0
C03432,United Kingdom,20,Male,Free,4/4/2024,17,2222.75,146.16,64,Clothing & Apparel,Desktop,Buy Now Pay Later,Paid Ad,4,4.1,1,6,1,0
C03433,Germany,23,Male,Silver,9/8/2025,6,270.93,46.46,141,Electronics,Mobile,Credit Card,Referral,1,4.8,0,3,1,0
C03434,United States,29,Female,Silver,6/21/2025,2,124.3,62.97,269,Clothing & Apparel,Desktop,Bank Transfer,Social Media,0,3.3,0,1,0,1
C03435,Japan,22,Male,Free,2/23/2026,4,135.17,38.42,21,Electronics,Mobile,Credit Card,Social Media,0,4.6,0,0,1,0
C03436,Netherlands,51,Male,Platinum,6/26/2024,35,5599.59,167.42,101,Sports & Outdoors,Mobile,UPI / Digital Wallet,Email Campaign,12,2.7,2,5,1,1
C03437,India,19,Male,Free,2/18/2026,35,1340.4,43.06,110,Clothing & Apparel,Mobile,UPI / Digital Wallet,Email Campaign,10,4.3,4,17,1,0
C03438,France,49,Male,Free,5/5/2024,12,479.02,37.49,185,Books,Tablet,Credit Card,Paid Ad,1,5,1,5,0,0
C03439,United States,34,Female,Silver,8/22/2025,46,1298.21,28.92,150,Electronics,Tablet,Credit Card,Direct,8,4.3,0,5,1,0
C03440,Spain,38,Female,Free,12/11/2025,29,5681.48,183.42,40,Jewelry & Accessories,Mobile,Credit Card,Email Campaign,1,4.5,3,0,0,0
C03441,Canada,48,Female,Free,3/23/2026,7,227.22,29.75,4,Electronics,Desktop,PayPal,Organic Search,2,3.5,0,8,1,0
C03442,Spain,19,Female,Silver,8/4/2022,3,358.65,118.63,22,Health & Wellness,Mobile,Buy Now Pay Later,Email Campaign,0,4.4,0,8,1,0
C03443,India,18,Male,Gold,4/23/2025,44,1069.24,23.03,36,Office Supplies,Desktop,Credit Card,Paid Ad,11,3.9,0,3,1,0
C03444,Germany,39,Female,Free,7/8/2019,7,682.96,99.47,3,Electronics,Tablet,UPI / Digital Wallet,Social Media,2,3.8,0,4,1,0
C03445,United Kingdom,34,Male,Free,9/16/2025,11,419.95,41.58,3,Home & Kitchen,Desktop,PayPal,Paid Ad,4,4.6,0,5,1,0
C03446,Canada,40,Male,Free,3/24/2025,7,964.67,138.62,5,Home & Kitchen,Mobile,Debit Card,Social Media,2,3.6,0,8,1,0
C03447,United States,18,Female,Free,11/14/2025,1,39.94,42.65,6,Automotive,Mobile,Debit Card,Direct,0,4.5,0,3,1,0
C03448,Australia,41,Female,Gold,8/3/2025,7,849.25,111.09,7,Clothing & Apparel,Mobile,Debit Card,Email Campaign,1,4,0,2,0,0
C03449,United States,32,Male,Free,1/9/2026,32,1453.62,47.35,21,Beauty & Personal Care,Mobile,Credit Card,Organic Search,8,4,1,3,1,0
C03450,Japan,42,Female,Silver,10/13/2025,30,1751.51,66.09,12,Books,Mobile,PayPal,Organic Search,3,4.2,0,1,1,0
C03451,Brazil,20,Male,Free,9/16/2025,3,178.46,67.46,34,Home & Kitchen,Desktop,Debit Card,Organic Search,0,4.2,0,0,0,1
C03452,Mexico,48,Male,Silver,11/17/2024,35,4141.81,119.05,4,Pet Supplies,Desktop,Debit Card,Email Campaign,2,3.7,0,7,1,0
C03453,United States,30,Female,Gold,10/16/2021,1,98.97,107.54,64,Electronics,Tablet,Debit Card,Organic Search,0,3.8,0,4,1,1
C03454,France,38,Female,Free,5/21/2024,11,447.77,38.57,12,Sports & Outdoors,Mobile,PayPal,Paid Ad,1,4.3,1,10,0,0
C03455,United Kingdom,43,Female,Free,2/18/2026,23,1252.05,53.98,67,Clothing & Apparel,Mobile,UPI / Digital Wallet,Paid Ad,7,3.8,0,1,1,0
C03456,United Kingdom,45,Female,Free,11/18/2020,11,782.69,65.77,25,Electronics,Mobile,Debit Card,Email Campaign,0,4.3,0,8,1,0
C03457,Netherlands,25,Female,Free,4/13/2024,34,2205.5,61.05,89,Health & Wellness,Desktop,Credit Card,Email Campaign,9,4,3,6,1,1
C03458,Singapore,18,Male,Free,11/17/2023,47,1477.95,31.98,139,Sports & Outdoors,Desktop,Debit Card,Email Campaign,11,3,0,2,0,0
C03459,Turkey,23,Female,Free,10/16/2023,3,306.57,111.6,116,Beauty & Personal Care,Desktop,UPI / Digital Wallet,Organic Search,0,4.5,0,3,0,0
C03460,United States,32,Female,Silver,11/3/2025,69,679.08,9.28,70,Jewelry & Accessories,Desktop,Credit Card,Organic Search,15,3.9,7,7,1,0
C03461,Canada,52,Female,Free,12/24/2022,14,532.81,38.91,34,Home & Kitchen,Mobile,UPI / Digital Wallet,Referral,2,4.4,0,9,0,0
C03462,India,46,Female,Gold,8/18/2021,8,713.04,79.9,3,Beauty & Personal Care,Mobile,Credit Card,Organic Search,0,4.2,0,1,1,0
C03463,United States,37,Female,Free,8/16/2025,6,893.03,146.48,34,Books,Tablet,Credit Card,Organic Search,2,3.4,0,7,1,0
C03464,United States,24,Female,Free,4/1/2026,5,327.59,73.82,53,Toys & Games,Desktop,Debit Card,Organic Search,0,4.7,0,6,1,0
C03465,United Kingdom,35,Female,Free,3/4/2026,9,678.35,74,94,Clothing & Apparel,Mobile,PayPal,Social Media,1,4,0,9,0,0
C03466,United States,36,Male,Gold,6/13/2024,3,194.18,66.18,118,Office Supplies,Desktop,Credit Card,Email Campaign,0,3.3,0,0,1,0
C03467,United States,29,Male,Platinum,9/18/2025,25,5034.94,211.91,125,Electronics,Desktop,Debit Card,Social Media,4,4.6,0,5,1,0
C03468,United States,23,Female,Free,6/3/2024,11,419.57,39.72,209,Clothing & Apparel,Mobile,UPI / Digital Wallet,Direct,2,3.6,1,1,1,1
C03469,Japan,30,Male,Free,3/9/2025,2,71.29,35.49,95,Electronics,Desktop,UPI / Digital Wallet,Email Campaign,0,3.9,0,6,0,1
C03470,United Kingdom,27,Female,Free,7/12/2025,15,1953.76,138.78,0,Electronics,Mobile,Credit Card,Social Media,5,3.6,1,16,1,0
C03471,United Kingdom,32,Female,Gold,4/26/2025,21,1025.3,54.33,119,Electronics,Mobile,Debit Card,Organic Search,4,3.6,0,1,0,0
C03472,Japan,19,Female,Gold,7/21/2024,7,193.06,31.23,25,Health & Wellness,Tablet,Credit Card,Organic Search,0,4.2,0,2,1,0
C03473,United Kingdom,46,Female,Gold,8/18/2023,23,776.9,30.48,54,Clothing & Apparel,Mobile,Credit Card,Direct,8,4.1,0,0,1,0
C03474,United States,39,Female,Free,1/19/2025,4,185.22,51.69,12,Books,Desktop,Cryptocurrency,Organic Search,1,4.4,0,3,1,0
C03475,United Kingdom,24,Other,Gold,1/22/2025,1,191.32,185.28,43,Sports & Outdoors,Desktop,Credit Card,Email Campaign,0,4.5,0,2,0,0
C03476,United States,27,Female,Silver,3/9/2026,2,204.03,95.41,32,Office Supplies,Mobile,Debit Card,Email Campaign,0,3.4,0,3,1,1
C03477,United States,39,Male,Gold,5/31/2024,14,2106.71,133.59,8,Clothing & Apparel,Desktop,Debit Card,Organic Search,3,4.1,0,0,0,0
C03478,Brazil,27,Male,Free,4/28/2024,12,3803.18,306.56,85,Toys & Games,Desktop,Credit Card,Direct,1,3.8,0,3,1,0
C03479,South Africa,18,Male,Free,10/21/2024,10,951.67,88.37,64,Toys & Games,Mobile,Credit Card,Social Media,3,4.8,1,4,1,1
C03480,United States,34,Female,Silver,9/11/2022,42,5658.17,143.66,242,Electronics,Tablet,Credit Card,Email Campaign,16,4.1,2,7,1,0
C03481,United States,20,Male,Gold,12/10/2025,13,2381.58,178.06,34,Food & Grocery,Desktop,Credit Card,Organic Search,3,3.6,1,7,1,0
C03482,United States,52,Female,Free,11/2/2025,62,1956.05,33.15,4,Pet Supplies,Desktop,Buy Now Pay Later,Email Campaign,10,4,7,4,1,0
C03483,India,34,Male,Free,1/19/2022,8,958.42,108.53,68,Home & Kitchen,Mobile,Debit Card,Social Media,1,3.5,0,9,1,0
C03484,Germany,46,Male,Free,10/18/2023,10,1540.68,173.56,155,Travel & Luggage,Mobile,Debit Card,Referral,2,2.9,0,0,0,0
C03485,South Korea,18,Female,Silver,10/24/2024,17,1976.75,117.92,3,Automotive,Mobile,Debit Card,Organic Search,2,4.9,2,5,0,1
C03486,South Korea,62,Female,Silver,10/18/2025,37,1390.43,41.81,14,Electronics,Mobile,Credit Card,Email Campaign,4,4.6,1,0,0,0
C03487,Germany,39,Male,Gold,11/19/2025,17,1318.66,84.85,46,Clothing & Apparel,Mobile,Debit Card,Direct,3,4.2,1,3,0,0
C03488,South Korea,18,Male,Free,3/21/2024,8,877.66,115.94,15,Health & Wellness,Desktop,Buy Now Pay Later,Direct,3,3.3,0,2,1,0
C03489,Canada,36,Female,Gold,4/17/2020,6,975.94,182.82,3,Beauty & Personal Care,Tablet,Credit Card,Organic Search,1,3.9,0,18,1,0
C03490,Germany,41,Female,Free,11/19/2025,5,141.28,31.07,80,Clothing & Apparel,Mobile,UPI / Digital Wallet,Referral,1,3.7,0,2,1,0
C03491,United Kingdom,38,Female,Free,7/13/2024,20,2891.11,140.18,35,Health & Wellness,Mobile,PayPal,Paid Ad,2,4.2,0,0,1,0
C03492,Japan,26,Female,Free,1/12/2026,8,476.56,60.24,19,Sports & Outdoors,Desktop,Credit Card,Email Campaign,2,3.9,0,3,1,0
C03493,Brazil,34,Female,Free,8/9/2025,3,127.06,45.64,70,Pet Supplies,Desktop,PayPal,Organic Search,1,4.7,0,1,1,0
C03494,United States,19,Male,Free,8/15/2025,20,2358.9,134.22,129,Electronics,Tablet,Credit Card,Paid Ad,3,4.7,1,19,1,1
C03495,United Kingdom,55,Female,Free,6/21/2025,3,677.27,231.79,14,Electronics,Mobile,Credit Card,Organic Search,0,4,0,3,0,0
C03496,United States,38,Male,Free,12/28/2024,32,1769.18,53.19,28,Clothing & Apparel,Mobile,Credit Card,Direct,4,4.5,0,2,1,0
C03497,United States,51,Female,Free,8/1/2023,8,197.22,25.31,80,Books,Mobile,Debit Card,Referral,2,4.1,1,3,1,0
C03498,United States,33,Male,Silver,3/5/2026,3,219.93,65.26,108,Food & Grocery,Mobile,Credit Card,Paid Ad,0,4.2,0,13,0,0
C03499,India,29,Female,Free,1/2/2026,18,767.42,38.91,49,Clothing & Apparel,Desktop,PayPal,Direct,2,3.4,2,17,0,0
C03500,Australia,47,Male,Platinum,8/15/2023,13,1061.85,74.87,48,Clothing & Apparel,Desktop,PayPal,Organic Search,2,4.5,1,1,1,0
C03501,Germany,23,Female,Platinum,3/9/2026,4,488.1,111.28,281,Books,Tablet,PayPal,Email Campaign,0,4.5,0,2,1,1
C03502,United States,18,Female,Silver,10/20/2025,26,5059.94,173.47,14,Sports & Outdoors,Mobile,Credit Card,Paid Ad,3,4.2,0,8,0,0
C03503,United States,49,Female,Free,9/29/2025,9,237.24,28.96,24,Health & Wellness,Mobile,Buy Now Pay Later,Organic Search,0,4,1,1,1,0
C03504,France,23,Male,Free,10/31/2025,11,1175.12,108.01,7,Clothing & Apparel,Mobile,Credit Card,Paid Ad,1,3.9,0,4,0,0
C03505,Germany,49,Male,Free,4/16/2024,14,444.55,35.77,15,Food & Grocery,Mobile,PayPal,Organic Search,5,3.8,0,0,1,0
C03506,Japan,34,Male,Free,5/9/2025,33,706.19,19.03,46,Sports & Outdoors,Mobile,Credit Card,Organic Search,13,3.4,0,6,0,0
C03507,Japan,35,Male,Free,3/9/2026,36,2535.26,76.31,241,Food & Grocery,Desktop,Debit Card,Direct,10,4.5,3,7,0,0
C03508,Germany,40,Male,Free,2/18/2026,13,1686.19,131.57,135,Clothing & Apparel,Mobile,UPI / Digital Wallet,Social Media,4,4.6,1,24,0,0
C03509,United Kingdom,25,Female,Free,5/19/2025,1,154.17,137.54,16,Home & Kitchen,Desktop,PayPal,Social Media,0,4.9,0,1,1,0
C03510,United States,36,Male,Silver,7/15/2024,4,172.06,44.92,7,Home & Kitchen,Mobile,Credit Card,Organic Search,1,4.6,0,15,0,0
C03511,Germany,21,Male,Free,11/21/2023,12,814.71,60.45,25,Home & Kitchen,Desktop,Buy Now Pay Later,Referral,1,2.9,0,1,0,0
C03512,United Kingdom,34,Female,Free,3/23/2022,45,2655.01,57.23,1,Jewelry & Accessories,Mobile,PayPal,Email Campaign,6,4.3,3,13,0,0
C03513,Germany,31,Female,Gold,8/25/2025,1,77.2,82.36,15,Sports & Outdoors,Mobile,Credit Card,Paid Ad,0,4.7,0,0,0,0
C03514,Netherlands,42,Female,Silver,5/8/2025,3,250.08,72.66,22,Clothing & Apparel,Mobile,Credit Card,Organic Search,0,3.9,0,6,0,0
C03515,Mexico,66,Male,Gold,4/2/2025,6,210.4,33.74,50,Sports & Outdoors,Mobile,Debit Card,Direct,0,4.8,0,8,0,0
C03516,United States,50,Female,Platinum,12/24/2025,19,1192.73,64.63,22,Food & Grocery,Mobile,Credit Card,Paid Ad,5,4.9,2,4,1,0
C03517,France,47,Male,Free,12/29/2025,16,2668.26,173.7,90,Clothing & Apparel,Mobile,PayPal,Paid Ad,5,3.3,0,0,1,0
C03518,India,33,Male,Free,12/4/2022,10,412.51,46.25,11,Beauty & Personal Care,Mobile,UPI / Digital Wallet,Organic Search,2,3.7,0,4,0,0
C03519,Japan,48,Female,Silver,9/17/2023,29,1512.39,59.93,36,Clothing & Apparel,Desktop,PayPal,Social Media,10,4.7,0,0,1,0
C03520,Japan,39,Female,Free,7/9/2025,1,52.49,55.88,33,Home & Kitchen,Mobile,Bank Transfer,Paid Ad,0,4.1,0,1,1,0
C03521,United States,20,Female,Free,7/12/2020,2,141.85,75.75,122,Electronics,Tablet,Buy Now Pay Later,Direct,0,4.6,0,1,1,0
C03522,United Kingdom,46,Male,Free,11/27/2025,16,2011.18,119.96,4,Home & Kitchen,Mobile,PayPal,Paid Ad,6,4.8,1,1,1,0
C03523,Germany,53,Female,Free,7/19/2020,3,676.12,260.06,29,Home & Kitchen,Desktop,Debit Card,Organic Search,0,4.6,0,7,1,0
C03524,Germany,33,Male,Silver,12/25/2022,2,69.84,39.01,116,Electronics,Mobile,PayPal,Paid Ad,0,4.6,0,10,1,1
C03525,United States,52,Male,Free,3/14/2026,2,263.37,131.94,86,Sports & Outdoors,Mobile,Credit Card,Social Media,0,4.2,0,3,1,0
C03526,Mexico,33,Male,Free,5/19/2023,11,418.44,35.12,18,Beauty & Personal Care,Mobile,Bank Transfer,Organic Search,3,4.1,0,12,1,0
C03527,Australia,20,Male,Gold,6/8/2024,8,430.5,63.02,3,Electronics,Desktop,PayPal,Social Media,1,4.6,0,3,1,0
C03528,Germany,21,Male,Silver,10/19/2025,2,232.44,120.65,237,Home & Kitchen,Desktop,Debit Card,Email Campaign,0,3.4,0,12,1,0
C03529,Germany,51,Male,Free,11/25/2024,4,264.22,60.4,17,Electronics,Mobile,PayPal,Referral,1,3.7,0,4,1,0
C03530,Brazil,25,Female,Free,9/8/2024,10,575.26,54.26,58,Electronics,Mobile,Debit Card,Social Media,1,3.9,0,0,1,0
C03531,United Kingdom,43,Female,Free,12/29/2024,11,1421.22,126.32,52,Sports & Outdoors,Desktop,PayPal,Paid Ad,3,4.3,0,0,1,0
C03532,India,46,Male,Free,9/5/2025,18,726.68,39.63,56,Food & Grocery,Mobile,Credit Card,Email Campaign,4,3.5,0,16,0,0
C03533,India,46,Male,Free,10/18/2025,31,2285.72,70.29,4,Home & Kitchen,Desktop,Buy Now Pay Later,Social Media,11,4.5,0,10,1,0
C03534,Australia,47,Female,Platinum,4/23/2025,48,11328.9,213.92,183,Electronics,Mobile,Debit Card,Social Media,17,3.8,2,6,0,0
C03535,India,18,Female,Free,9/20/2021,12,358.71,32.1,78,Home & Kitchen,Mobile,Credit Card,Direct,3,3.2,0,3,0,0
C03536,United Kingdom,32,Male,Platinum,11/11/2022,10,1023.22,105.91,56,Home & Kitchen,Tablet,Credit Card,Social Media,2,4.6,0,11,1,0
C03537,United States,31,Male,Free,9/28/2025,7,651.46,87.73,7,Electronics,Mobile,Credit Card,Social Media,0,3.2,0,0,1,0
C03538,United States,58,Female,Gold,6/30/2023,3,796.02,293.72,35,Beauty & Personal Care,Mobile,Credit Card,Organic Search,0,3.3,0,2,1,0
C03539,Japan,25,Male,Free,12/2/2025,8,696.35,79.71,24,Clothing & Apparel,Mobile,PayPal,Email Campaign,2,3.3,0,4,0,0
C03540,France,40,Male,Platinum,6/14/2025,15,930.26,65.72,91,Electronics,Tablet,Credit Card,Email Campaign,1,2.8,0,3,0,0
C03541,United States,24,Male,Silver,11/29/2025,30,8115.5,266.37,22,Electronics,Mobile,UPI / Digital Wallet,Referral,9,4.5,4,4,1,0
C03542,France,24,Female,Free,6/26/2022,24,1793.16,84.39,143,Electronics,Mobile,Debit Card,Referral,6,4.3,1,1,1,0
C03543,United States,37,Male,Gold,7/29/2021,28,2318.68,96.64,190,Clothing & Apparel,Mobile,Credit Card,Email Campaign,7,3.3,0,10,1,0
C03544,United States,36,Female,Silver,8/18/2025,3,60.77,23.02,66,Electronics,Tablet,Debit Card,Organic Search,0,4.7,0,4,1,0
C03545,United States,25,Male,Free,2/8/2026,5,409.3,81.61,40,Clothing & Apparel,Tablet,Credit Card,Email Campaign,0,4.3,0,2,0,0
C03546,South Korea,21,Female,Free,11/9/2025,8,525.84,57.9,100,Food & Grocery,Desktop,Credit Card,Organic Search,3,3.6,0,1,1,0
C03547,India,20,Male,Free,3/13/2022,13,2241.99,159.88,32,Electronics,Tablet,PayPal,Referral,2,4.1,0,1,0,0
C03548,Germany,28,Female,Free,10/1/2025,9,1731.13,194.36,58,Books,Desktop,Credit Card,Paid Ad,1,4.4,0,0,0,0
C03549,South Korea,39,Male,Free,7/8/2023,13,741.06,64.7,35,Food & Grocery,Mobile,Buy Now Pay Later,Organic Search,2,4.3,0,0,0,0
C03550,France,23,Male,Gold,11/29/2025,3,72.67,24.13,144,Office Supplies,Desktop,UPI / Digital Wallet,Email Campaign,1,4.7,0,24,0,0
C03551,Canada,46,Female,Silver,2/24/2026,10,1613.61,187.11,42,Electronics,Desktop,Credit Card,Organic Search,2,4.7,0,1,0,0
C03552,South Korea,49,Male,Free,3/10/2025,22,1745.56,85.61,37,Books,Tablet,UPI / Digital Wallet,Referral,2,4.2,1,2,1,0
C03553,United States,33,Female,Silver,1/9/2023,28,2965.09,119.1,41,Toys & Games,Desktop,Credit Card,Paid Ad,10,3.7,0,1,1,0
C03554,India,25,Female,Silver,12/11/2024,8,310.05,35.24,111,Automotive,Mobile,Credit Card,Social Media,2,4.7,0,4,1,0
C03555,France,23,Male,Gold,12/16/2024,5,269.67,50.46,0,Electronics,Desktop,Bank Transfer,Social Media,1,4.2,0,7,1,0
C03556,United States,27,Male,Platinum,3/18/2018,12,1191.61,97.46,24,Electronics,Desktop,Debit Card,Social Media,4,4,0,3,0,0
C03557,United States,22,Female,Free,11/7/2024,6,369.22,56.67,18,Electronics,Mobile,Credit Card,Social Media,2,3.4,0,0,1,0
C03558,United States,41,Male,Platinum,12/17/2024,4,369.41,106.66,2,Sports & Outdoors,Mobile,Debit Card,Organic Search,0,4.7,0,8,0,0
C03559,Germany,37,Female,Platinum,1/6/2021,14,3307.55,217.86,18,Pet Supplies,Mobile,Cryptocurrency,Social Media,5,4.7,1,3,0,0
C03560,France,37,Male,Free,12/25/2025,11,408.48,40.3,37,Electronics,Tablet,Credit Card,Paid Ad,2,3.6,1,2,0,0
C03561,United States,39,Female,Free,1/18/2024,21,1412.38,73.56,41,Electronics,Desktop,Credit Card,Organic Search,3,4.9,2,1,1,0
C03562,Poland,56,Male,Free,6/18/2024,17,5208.64,289.78,4,Office Supplies,Desktop,PayPal,Organic Search,4,4.3,1,0,1,0
C03563,Japan,42,Male,Silver,7/4/2024,4,396.78,88.28,62,Automotive,Mobile,Buy Now Pay Later,Organic Search,0,3.5,0,1,1,0
C03564,Australia,32,Male,Gold,12/9/2025,15,539.97,32.4,166,Health & Wellness,Mobile,Debit Card,Organic Search,4,3.7,0,1,0,0
C03565,Canada,35,Female,Free,11/3/2023,23,638.76,27.01,7,Food & Grocery,Desktop,Credit Card,Paid Ad,6,4.3,3,1,1,0
C03566,France,28,Male,Free,9/24/2024,1,22.16,23.24,20,Books,Mobile,Debit Card,Social Media,0,3.9,0,1,1,1
C03567,Mexico,48,Female,Free,10/30/2025,17,944.77,61.92,82,Clothing & Apparel,Desktop,Credit Card,Direct,2,4.5,0,3,1,0
C03568,Canada,36,Male,Free,11/24/2019,37,1492.63,43.05,28,Electronics,Mobile,Credit Card,Organic Search,9,2.9,0,2,1,0
C03569,Germany,48,Male,Silver,9/26/2025,63,9839.12,137.96,18,Clothing & Apparel,Desktop,Cryptocurrency,Paid Ad,17,4.6,0,1,1,0
C03570,Brazil,27,Male,Free,10/8/2021,46,2453.7,50.43,33,Clothing & Apparel,Mobile,Credit Card,Email Campaign,3,3.6,5,2,0,1
C03571,Turkey,24,Female,Gold,9/13/2025,24,1470.6,67.05,5,Beauty & Personal Care,Mobile,Credit Card,Social Media,6,4.1,3,9,0,1
C03572,United Kingdom,45,Female,Silver,2/27/2024,13,1206.99,101.56,163,Electronics,Mobile,Debit Card,Social Media,2,4,1,7,0,0
C03573,United Kingdom,65,Male,Platinum,6/29/2024,7,374.03,52.85,73,Home & Kitchen,Mobile,PayPal,Referral,0,4.4,0,4,0,0
C03574,United States,31,Female,Free,11/19/2025,40,8449.62,197.19,8,Health & Wellness,Mobile,Debit Card,Social Media,2,3.4,2,6,1,1
C03575,South Korea,46,Male,Platinum,3/18/2026,4,426.21,104.38,114,Electronics,Mobile,PayPal,Email Campaign,0,4,0,3,0,0
C03576,Japan,42,Male,Platinum,5/28/2025,71,12669.35,159.75,1,Clothing & Apparel,Mobile,PayPal,Referral,6,4.1,1,1,0,0
C03577,United States,32,Male,Free,3/15/2026,50,2794.61,63.84,1,Books,Mobile,Credit Card,Email Campaign,5,3.2,1,1,1,0
C03578,United Kingdom,33,Male,Platinum,8/3/2024,15,1881.54,112.16,233,Food & Grocery,Desktop,Debit Card,Social Media,5,4.4,1,3,0,0
C03579,Netherlands,53,Female,Silver,8/18/2024,18,1587.81,78.53,38,Office Supplies,Mobile,Cryptocurrency,Organic Search,1,4.6,0,0,1,0
C03580,Germany,46,Male,Silver,2/2/2026,12,578.37,44.34,33,Clothing & Apparel,Mobile,Buy Now Pay Later,Social Media,2,3.9,1,0,0,0
C03581,United States,46,Female,Free,6/3/2023,31,2209.59,67.52,141,Pet Supplies,Desktop,PayPal,Email Campaign,10,3.8,1,4,0,0
C03582,Italy,40,Male,Silver,8/10/2025,2,202.3,93.17,0,Food & Grocery,Tablet,Bank Transfer,Organic Search,0,3.5,0,1,1,0
C03583,France,50,Male,Free,1/17/2024,4,130.5,32.07,5,Home & Kitchen,Desktop,Debit Card,Organic Search,1,3.7,0,6,0,0
C03584,Netherlands,43,Male,Free,6/9/2019,8,550.62,79.03,49,Sports & Outdoors,Desktop,PayPal,Paid Ad,3,4.9,0,14,0,0
C03585,Canada,18,Female,Free,7/18/2025,23,2106.34,104.15,21,Electronics,Mobile,Credit Card,Organic Search,7,4.4,0,3,1,0
C03586,United States,41,Female,Gold,5/31/2025,10,721.97,77.12,28,Office Supplies,Mobile,Credit Card,Direct,3,4.5,1,0,0,0
C03587,Germany,56,Male,Platinum,7/24/2023,30,2512.45,78.63,13,Beauty & Personal Care,Mobile,Debit Card,Direct,4,4.2,1,0,1,0
C03588,Japan,29,Male,Free,4/12/2021,29,1328.98,50.77,27,Electronics,Mobile,Credit Card,Paid Ad,2,4.6,0,1,1,0
C03589,Turkey,25,Female,Gold,1/28/2025,4,74.57,17.15,2,Automotive,Mobile,Credit Card,Social Media,1,2.8,0,10,0,0
C03590,Spain,30,Female,Free,9/19/2023,16,436,25.42,9,Beauty & Personal Care,Mobile,Buy Now Pay Later,Paid Ad,2,4.2,0,2,1,0
C03591,Germany,32,Male,Gold,7/18/2021,20,2142.18,122.17,66,Clothing & Apparel,Mobile,Credit Card,Social Media,7,4.6,0,2,0,0
C03592,Mexico,32,Male,Free,7/23/2024,17,390.04,22.71,137,Home & Kitchen,Mobile,PayPal,Organic Search,1,4.1,1,1,1,0
C03593,France,29,Female,Free,7/3/2025,9,417.31,42.33,55,Books,Desktop,Credit Card,Social Media,1,3.8,0,4,1,0
C03594,Australia,35,Male,Free,9/26/2025,4,435.57,111.93,73,Home & Kitchen,Desktop,Debit Card,Organic Search,0,3.8,0,18,1,0
C03595,United States,36,Female,Free,2/23/2026,1,151.95,145.59,9,Books,Tablet,Credit Card,Email Campaign,0,4,0,11,1,0
C03596,Germany,25,Male,Free,4/8/2025,21,2626.5,116.77,157,Clothing & Apparel,Mobile,Credit Card,Social Media,2,3.8,1,1,0,0
C03597,Netherlands,27,Male,Free,6/23/2025,2,144.54,63.93,21,Beauty & Personal Care,Mobile,Debit Card,Direct,0,4.6,0,14,0,0
C03598,United States,18,Female,Platinum,9/30/2025,1,188.19,175.85,83,Food & Grocery,Mobile,Credit Card,Paid Ad,0,4.6,0,1,1,0
C03599,India,35,Male,Platinum,3/31/2025,28,15388.27,498.38,45,Clothing & Apparel,Tablet,Credit Card,Email Campaign,4,4.8,2,0,1,0
C03600,United States,43,Female,Free,5/1/2018,19,1725.63,85.48,32,Electronics,Tablet,Credit Card,Email Campaign,1,4.4,0,10,1,0
C03601,Australia,34,Female,Free,7/17/2025,19,1719.7,80.27,3,Sports & Outdoors,Desktop,Debit Card,Organic Search,7,3.9,0,13,1,0
C03602,Canada,47,Male,Silver,9/1/2025,14,1116.4,74.73,12,Toys & Games,Desktop,PayPal,Email Campaign,4,3.6,1,6,1,0
C03603,Japan,33,Male,Free,12/17/2024,14,1702.03,123.14,82,Beauty & Personal Care,Desktop,Credit Card,Organic Search,4,3.6,0,8,0,0
C03604,United States,18,Female,Free,3/13/2023,22,6024.83,273.85,33,Electronics,Mobile,Credit Card,Organic Search,5,4.3,1,12,0,0
C03605,France,45,Male,Platinum,1/7/2026,17,1638.74,93,44,Clothing & Apparel,Mobile,PayPal,Social Media,6,4.1,0,9,1,0
C03606,United States,18,Male,Free,11/4/2024,6,141.4,22.96,69,Beauty & Personal Care,Tablet,Credit Card,Email Campaign,1,4.6,0,6,1,0
C03607,Brazil,39,Male,Silver,8/19/2024,10,1144.13,125.25,20,Electronics,Mobile,Credit Card,Paid Ad,1,4,0,0,0,0
C03608,Brazil,50,Male,Platinum,5/11/2025,30,1847.91,67.37,92,Clothing & Apparel,Mobile,Credit Card,Social Media,9,4.4,3,18,1,0
C03609,United States,58,Male,Free,12/28/2022,17,661.49,37.85,263,Health & Wellness,Mobile,PayPal,Social Media,2,4.6,1,6,0,0
C03610,United States,34,Female,Free,12/26/2021,52,2037.8,41.31,53,Jewelry & Accessories,Mobile,Credit Card,Organic Search,4,4.5,3,6,0,0
C03611,Brazil,44,Female,Free,12/8/2024,9,584.68,70.54,45,Books,Desktop,Bank Transfer,Direct,3,3.3,1,12,1,1
C03612,Mexico,35,Male,Free,11/9/2025,2,94.19,50.39,202,Office Supplies,Mobile,Credit Card,Paid Ad,0,4,0,10,0,1
C03613,United States,52,Female,Gold,9/8/2025,5,510.82,114.73,1,Home & Kitchen,Mobile,Credit Card,Email Campaign,0,4.1,0,0,0,0
C03614,United Kingdom,47,Male,Free,1/11/2024,16,3627.64,254.39,186,Health & Wellness,Desktop,Buy Now Pay Later,Social Media,1,4.1,2,2,1,0
C03615,South Korea,56,Male,Free,11/28/2025,21,768.15,41.95,45,Beauty & Personal Care,Mobile,Debit Card,Organic Search,1,4.3,0,0,0,0
C03616,United States,47,Female,Free,7/21/2025,24,2884.06,125.75,84,Clothing & Apparel,Desktop,Credit Card,Organic Search,8,3.8,2,2,1,0
C03617,India,38,Female,Free,5/17/2024,77,10106.27,138.03,11,Home & Kitchen,Mobile,Credit Card,Organic Search,7,4.4,5,0,0,0
C03618,Brazil,41,Male,Free,3/23/2025,12,979,83.38,139,Clothing & Apparel,Mobile,Debit Card,Organic Search,2,4.5,0,0,1,0
C03619,France,34,Male,Silver,3/26/2026,7,157.35,22.39,19,Jewelry & Accessories,Mobile,Debit Card,Social Media,1,4.1,0,4,1,0
C03620,Canada,40,Female,Gold,6/19/2025,43,2669.36,61.05,30,Sports & Outdoors,Desktop,Debit Card,Organic Search,15,4.7,1,1,1,0
C03621,Brazil,38,Male,Free,8/6/2019,14,478.8,29.95,44,Pet Supplies,Mobile,Debit Card,Social Media,1,4.4,0,4,1,0
C03622,United States,26,Female,Free,2/8/2025,50,8985.04,166.53,46,Clothing & Apparel,Desktop,PayPal,Paid Ad,18,3.6,3,3,0,0
C03623,France,30,Male,Free,1/7/2026,16,1374.25,88.88,8,Sports & Outdoors,Desktop,Debit Card,Direct,3,4,0,1,0,0
C03624,Mexico,18,Female,Free,9/29/2022,2,107.83,61.52,43,Electronics,Desktop,UPI / Digital Wallet,Organic Search,0,3.5,0,7,1,1
C03625,United Kingdom,50,Male,Free,1/7/2026,1,39.5,34.92,37,Sports & Outdoors,Mobile,Debit Card,Direct,0,3.8,0,0,1,0
C03626,United States,38,Female,Free,6/25/2023,4,239.85,63.21,180,Jewelry & Accessories,Desktop,Credit Card,Paid Ad,1,4,0,12,0,0
C03627,Germany,22,Female,Free,5/6/2024,8,607.77,86.44,7,Food & Grocery,Desktop,Debit Card,Social Media,1,4.9,0,7,1,0
C03628,South Korea,18,Female,Silver,1/20/2024,22,704.97,33.98,16,Jewelry & Accessories,Desktop,Debit Card,Social Media,4,4.3,0,7,1,0
C03629,United States,40,Female,Silver,7/14/2025,25,673,24.45,14,Electronics,Mobile,Credit Card,Direct,6,4.9,1,0,0,0
C03630,India,41,Female,Gold,12/6/2025,26,3629.56,128.74,2,Clothing & Apparel,Tablet,Credit Card,Email Campaign,1,4.9,0,1,1,0
C03631,India,21,Female,Free,12/28/2025,2,215.65,104.14,4,Electronics,Desktop,Credit Card,Organic Search,0,3.7,0,4,0,0
C03632,United Kingdom,35,Female,Silver,6/4/2023,6,392.42,69.72,16,Clothing & Apparel,Tablet,Credit Card,Paid Ad,0,3.9,0,3,0,0
C03633,Italy,31,Male,Gold,5/31/2025,12,3456.35,311.19,4,Health & Wellness,Mobile,Credit Card,Organic Search,2,4.4,1,8,1,0
C03634,United States,36,Male,Free,9/25/2025,33,3890.94,109.58,28,Sports & Outdoors,Mobile,Buy Now Pay Later,Paid Ad,12,4.4,2,19,1,0
C03635,Mexico,53,Male,Free,9/6/2025,7,388.66,52.83,2,Beauty & Personal Care,Tablet,Credit Card,Social Media,2,4.5,0,5,1,0
C03636,Singapore,41,Male,Free,2/14/2024,39,2486.2,66.95,45,Electronics,Mobile,Credit Card,Social Media,9,3.3,2,1,0,0
C03637,United States,27,Female,Gold,1/12/2026,2,353.59,189.81,13,Food & Grocery,Mobile,Cryptocurrency,Email Campaign,0,4.7,0,17,1,0
C03638,India,31,Male,Silver,8/9/2024,8,1361.82,185.94,12,Books,Mobile,UPI / Digital Wallet,Email Campaign,2,4.2,1,4,0,0
C03639,Germany,34,Female,Free,1/12/2024,38,1296.52,35.24,27,Home & Kitchen,Mobile,Credit Card,Email Campaign,13,3.5,2,2,1,0
C03640,United States,33,Female,Free,1/18/2026,20,2607.84,141.17,8,Home & Kitchen,Mobile,Debit Card,Email Campaign,6,4.4,2,2,0,0
C03641,France,47,Male,Free,7/28/2023,10,575.26,56.4,11,Jewelry & Accessories,Mobile,Debit Card,Social Media,3,3.7,0,8,1,1
C03642,Singapore,35,Male,Silver,9/17/2025,16,715.82,44.26,6,Books,Mobile,Debit Card,Organic Search,2,4.9,0,1,1,0
C03643,United States,37,Male,Free,3/9/2026,12,1423.25,113.83,93,Food & Grocery,Mobile,PayPal,Referral,1,3.4,1,3,0,0
C03644,Germany,31,Male,Free,5/13/2025,9,426.57,51.97,46,Toys & Games,Desktop,Bank Transfer,Social Media,2,3.5,0,5,1,0
C03645,United Kingdom,37,Male,Gold,8/11/2025,26,1256.51,45.71,141,Electronics,Mobile,Debit Card,Email Campaign,3,3.5,3,21,1,0
C03646,United States,19,Male,Free,10/4/2023,37,13434.58,344.45,3,Electronics,Desktop,Credit Card,Organic Search,11,2.6,1,0,1,0
C03647,France,31,Female,Silver,11/21/2025,7,216.89,33.12,59,Beauty & Personal Care,Mobile,Debit Card,Direct,1,4.6,0,13,1,0
C03648,France,44,Other,Silver,7/26/2024,63,4531.72,78.09,190,Home & Kitchen,Mobile,PayPal,Paid Ad,18,3.9,3,3,0,0
C03649,India,29,Female,Silver,2/19/2026,5,561.51,99.19,27,Pet Supplies,Mobile,Debit Card,Direct,0,3.7,0,2,0,0
C03650,Mexico,52,Female,Silver,3/19/2025,79,1301.85,18.3,4,Home & Kitchen,Desktop,Credit Card,Referral,15,4.6,1,4,1,0
C03651,Brazil,35,Male,Free,9/21/2025,46,2753.3,52.4,65,Automotive,Desktop,Credit Card,Social Media,9,4.7,1,3,0,0
C03652,Mexico,33,Male,Free,1/15/2026,28,2935.66,114.48,2,Toys & Games,Mobile,UPI / Digital Wallet,Social Media,6,4,1,9,0,0
C03653,Germany,60,Female,Free,7/21/2018,24,810,29.59,108,Jewelry & Accessories,Desktop,UPI / Digital Wallet,Referral,4,3.6,2,1,0,0
C03654,India,54,Female,Silver,8/14/2023,15,2214.44,130.48,69,Sports & Outdoors,Mobile,Debit Card,Email Campaign,2,4.3,1,0,0,0
C03655,Germany,43,Male,Free,10/11/2022,6,258.74,40,132,Electronics,Mobile,PayPal,Referral,1,3.8,0,10,1,0
C03656,United Kingdom,32,Female,Free,11/5/2025,13,384.83,32.59,2,Home & Kitchen,Mobile,Credit Card,Email Campaign,5,4.8,0,3,1,0
C03657,United States,23,Male,Platinum,6/5/2024,5,620.94,122.07,196,Clothing & Apparel,Mobile,PayPal,Direct,0,3.9,0,2,1,1
C03658,Germany,46,Female,Silver,7/6/2024,7,139.38,17.95,52,Beauty & Personal Care,Mobile,Credit Card,Organic Search,1,3.4,0,2,0,0
C03659,France,20,Male,Gold,3/28/2025,14,1016.37,85.33,12,Clothing & Apparel,Tablet,Debit Card,Organic Search,4,4.5,1,1,1,0
C03660,United States,59,Female,Platinum,2/4/2026,3,1088.89,421.16,5,Clothing & Apparel,Mobile,Debit Card,Organic Search,0,2.5,0,7,0,0
C03661,United Kingdom,18,Female,Free,11/30/2024,1,248.16,253.04,26,Beauty & Personal Care,Desktop,Credit Card,Organic Search,0,4.1,0,20,1,0
C03662,United States,47,Male,Gold,9/21/2023,28,863.6,32.76,127,Sports & Outdoors,Desktop,Debit Card,Email Campaign,4,4.4,3,6,1,0
C03663,Brazil,64,Female,Free,6/18/2025,11,815.05,79.6,27,Office Supplies,Desktop,Credit Card,Social Media,3,4.2,1,1,1,0
C03664,United Kingdom,42,Female,Free,12/5/2025,7,701.58,111.38,51,Home & Kitchen,Tablet,Credit Card,Social Media,1,4,0,1,1,0
C03665,Japan,27,Female,Free,1/27/2022,30,3129.69,113.57,58,Health & Wellness,Mobile,Debit Card,Social Media,4,4.6,0,8,0,0
C03666,Italy,43,Female,Silver,2/13/2026,4,529.67,123.93,94,Home & Kitchen,Mobile,Buy Now Pay Later,Paid Ad,1,4.3,0,1,1,0
C03667,Brazil,47,Female,Free,7/26/2025,17,1370.04,83.52,21,Automotive,Mobile,UPI / Digital Wallet,Direct,5,4,2,9,1,0
C03668,United States,54,Female,Free,5/27/2025,15,472.71,27.94,28,Clothing & Apparel,Mobile,UPI / Digital Wallet,Organic Search,1,3.6,0,0,0,0
C03669,Germany,40,Female,Silver,11/14/2025,22,2431.82,108.27,23,Sports & Outdoors,Mobile,Credit Card,Paid Ad,7,4.4,1,0,1,0
C03670,Mexico,49,Female,Free,8/15/2025,17,3868.34,202.63,93,Electronics,Desktop,Debit Card,Social Media,2,4.3,2,2,1,0
C03671,United States,29,Male,Gold,5/25/2025,13,3989.34,344.11,38,Clothing & Apparel,Mobile,Debit Card,Email Campaign,4,4.3,0,6,0,0
C03672,United Kingdom,27,Male,Free,3/7/2024,9,1736.97,205.42,99,Home & Kitchen,Desktop,PayPal,Social Media,2,4.2,0,4,0,0
C03673,United States,29,Male,Gold,11/11/2025,8,433.7,62.1,0,Electronics,Mobile,Credit Card,Paid Ad,2,4.2,0,1,1,0
C03674,United Kingdom,49,Female,Free,9/9/2025,4,310.45,68.41,23,Sports & Outdoors,Desktop,PayPal,Direct,1,3.4,0,0,1,0
C03675,Brazil,40,Female,Free,5/6/2024,4,165.69,43.28,19,Home & Kitchen,Mobile,Credit Card,Paid Ad,0,4.1,0,0,0,0
C03676,United States,18,Female,Free,11/20/2023,36,1478.08,40.88,29,Home & Kitchen,Desktop,Debit Card,Email Campaign,3,4.1,3,0,0,0
C03677,United States,37,Female,Platinum,11/1/2023,6,371.75,68.22,84,Home & Kitchen,Mobile,Debit Card,Social Media,2,3.8,0,1,1,0
C03678,United States,22,Male,Silver,2/3/2023,1,61.96,71.18,24,Clothing & Apparel,Desktop,Credit Card,Email Campaign,0,4.2,0,5,0,0
C03679,Australia,36,Female,Platinum,12/20/2023,40,2121.75,49.2,7,Beauty & Personal Care,Tablet,Buy Now Pay Later,Social Media,6,3.8,1,4,1,0
C03680,United States,41,Male,Silver,5/1/2024,1,162.87,151.97,56,Clothing & Apparel,Tablet,Credit Card,Email Campaign,0,4.1,0,4,1,0
C03681,India,44,Female,Free,5/21/2025,15,1392.32,83.54,115,Pet Supplies,Mobile,Credit Card,Referral,5,3.2,1,2,1,0
C03682,United States,26,Male,Platinum,10/21/2023,9,976.86,120.35,46,Clothing & Apparel,Tablet,Credit Card,Paid Ad,0,3.9,0,5,1,0
C03683,Mexico,25,Female,Silver,11/10/2025,3,62.04,19.87,32,Electronics,Desktop,Credit Card,Referral,0,3.4,0,3,1,0
C03684,France,29,Female,Platinum,4/14/2023,18,1701.02,105.18,139,Home & Kitchen,Mobile,Credit Card,Social Media,2,3.8,1,0,1,0
C03685,United States,55,Male,Free,11/9/2023,20,4358.74,201,22,Health & Wellness,Desktop,Buy Now Pay Later,Social Media,2,3.6,1,5,0,0
C03686,United States,40,Male,Free,10/14/2025,10,2364.63,243.66,9,Health & Wellness,Mobile,Credit Card,Organic Search,2,4.8,0,4,1,0
C03687,United States,26,Male,Free,3/29/2019,12,893.35,71.51,1,Toys & Games,Desktop,Bank Transfer,Organic Search,3,4,0,9,1,0
C03688,United States,58,Female,Free,12/10/2023,28,1006.48,32.71,8,Office Supplies,Desktop,Debit Card,Organic Search,6,4.5,0,4,0,0
C03689,Brazil,30,Female,Free,7/9/2025,3,196.85,66.3,20,Toys & Games,Mobile,PayPal,Organic Search,0,4,0,0,1,0
C03690,United States,38,Female,Free,6/23/2022,18,1466.68,72.45,39,Clothing & Apparel,Tablet,Bank Transfer,Email Campaign,4,4.3,0,2,1,0
C03691,United Kingdom,34,Other,Gold,3/29/2026,4,1332.3,291.02,28,Home & Kitchen,Mobile,Credit Card,Organic Search,1,4.2,0,3,1,0
C03692,United States,33,Male,Free,1/23/2026,30,2382.08,76.93,43,Sports & Outdoors,Desktop,UPI / Digital Wallet,Direct,4,4.8,3,12,1,0
C03693,Brazil,47,Female,Silver,8/12/2025,5,234.45,50.94,11,Beauty & Personal Care,Mobile,Credit Card,Social Media,0,3.3,0,2,1,0
C03694,United States,29,Male,Gold,2/12/2025,17,2449.05,158.64,4,Sports & Outdoors,Desktop,PayPal,Paid Ad,3,4.9,1,1,0,0
C03695,United Kingdom,21,Female,Silver,2/8/2026,10,430.35,42.55,4,Home & Kitchen,Mobile,Credit Card,Organic Search,2,4.5,0,16,0,0
C03696,United States,41,Male,Silver,5/3/2025,8,487.49,55.05,1,Health & Wellness,Desktop,Credit Card,Email Campaign,3,3.4,0,12,1,0
C03697,Canada,34,Male,Free,7/9/2024,6,446.34,66.1,78,Home & Kitchen,Mobile,Credit Card,Social Media,1,4,0,6,1,0
C03698,Canada,62,Female,Free,2/19/2026,7,253.1,32.29,93,Home & Kitchen,Mobile,UPI / Digital Wallet,Referral,2,4.8,0,3,1,0
C03699,Mexico,30,Male,Silver,3/31/2026,7,652.28,102.26,60,Clothing & Apparel,Desktop,Credit Card,Email Campaign,0,3.8,0,4,1,0
C03700,Poland,32,Female,Platinum,5/27/2024,30,4666.11,150.86,87,Jewelry & Accessories,Tablet,Debit Card,Organic Search,7,4.5,1,0,0,0
C03701,United States,53,Female,Free,10/5/2025,29,1877.32,73.65,71,Electronics,Mobile,Credit Card,Email Campaign,7,4.8,3,3,1,0
C03702,India,32,Male,Silver,12/16/2023,14,1045.72,73.64,32,Clothing & Apparel,Mobile,Credit Card,Organic Search,2,3.8,1,0,0,0
C03703,Australia,37,Male,Gold,4/28/2024,13,2085.59,157.78,11,Electronics,Desktop,Buy Now Pay Later,Paid Ad,3,4.5,0,4,0,0
C03704,India,43,Male,Silver,12/28/2025,9,729.19,70.61,84,Books,Desktop,Cryptocurrency,Organic Search,1,4.7,1,3,1,0
C03705,India,33,Female,Silver,5/16/2024,43,9672.56,198.15,71,Clothing & Apparel,Desktop,UPI / Digital Wallet,Organic Search,17,4.3,4,0,0,0
C03706,United States,25,Female,Gold,6/5/2025,4,774.23,175.88,5,Jewelry & Accessories,Tablet,Credit Card,Email Campaign,0,3.9,0,7,1,0
C03707,Italy,23,Female,Free,7/11/2025,5,166.34,38.96,57,Home & Kitchen,Mobile,PayPal,Organic Search,1,4.1,0,6,1,0
C03708,Canada,44,Male,Free,11/26/2025,26,725.56,27.56,16,Clothing & Apparel,Desktop,Credit Card,Social Media,1,4.3,3,2,1,0
C03709,United Kingdom,48,Female,Gold,9/20/2024,11,3378.68,268.18,13,Home & Kitchen,Mobile,Debit Card,Organic Search,0,2.9,1,7,0,0
C03710,United Kingdom,46,Female,Free,1/27/2024,14,1158.3,89.65,24,Office Supplies,Mobile,PayPal,Organic Search,1,3.8,1,20,1,0
C03711,Sweden,51,Male,Silver,2/10/2026,31,1393.97,47.17,21,Books,Desktop,PayPal,Organic Search,8,4,1,3,0,0
C03712,United States,57,Male,Free,7/2/2025,5,104.36,23.81,30,Home & Kitchen,Desktop,Debit Card,Direct,0,4.3,0,9,0,0
C03713,Australia,32,Female,Silver,2/13/2024,8,577.8,75.36,5,Toys & Games,Mobile,UPI / Digital Wallet,Direct,0,4.6,0,3,1,0
C03714,Brazil,23,Male,Platinum,11/29/2025,24,4106.37,179.45,55,Food & Grocery,Desktop,UPI / Digital Wallet,Social Media,9,3.7,0,29,1,0
C03715,United States,54,Female,Silver,5/7/2024,12,503.43,39.7,83,Electronics,Desktop,Bank Transfer,Email Campaign,3,3.9,1,2,0,0
C03716,India,48,Male,Free,2/2/2022,67,7126.37,109.18,9,Toys & Games,Desktop,PayPal,Email Campaign,9,5,7,8,1,0
C03717,Italy,20,Male,Free,11/11/2025,26,2274.65,92.83,12,Home & Kitchen,Mobile,PayPal,Social Media,4,4.3,2,7,1,0
C03718,Germany,44,Male,Silver,1/24/2026,15,1465.49,85.44,291,Home & Kitchen,Tablet,Credit Card,Organic Search,5,3.7,0,0,1,0
C03719,United Kingdom,30,Female,Free,7/18/2025,9,405.56,43.18,90,Electronics,Desktop,Credit Card,Direct,2,4,0,6,1,0
C03720,Canada,40,Male,Gold,2/22/2026,16,8567.16,503.29,222,Clothing & Apparel,Mobile,Debit Card,Email Campaign,2,4.3,1,3,1,1
C03721,United States,39,Female,Gold,12/23/2025,16,385.02,23.73,185,Travel & Luggage,Mobile,Debit Card,Email Campaign,5,4.8,1,0,0,1
C03722,United Kingdom,54,Female,Free,11/5/2024,8,656.49,75.51,161,Food & Grocery,Mobile,UPI / Digital Wallet,Organic Search,2,4,0,1,1,0
C03723,Germany,52,Female,Free,2/23/2026,20,1309.44,58.28,59,Beauty & Personal Care,Desktop,PayPal,Organic Search,3,4.7,0,0,1,0
C03724,Japan,45,Male,Free,8/27/2023,5,755.64,149.85,69,Office Supplies,Mobile,Credit Card,Organic Search,0,4.8,0,1,1,0
C03725,Australia,18,Female,Silver,11/14/2024,8,897.97,99.18,13,Beauty & Personal Care,Mobile,UPI / Digital Wallet,Email Campaign,2,4.9,0,4,1,0
C03726,France,35,Female,Gold,6/25/2024,12,2710.3,213.32,46,Clothing & Apparel,Mobile,Credit Card,Email Campaign,1,4.3,1,5,1,0
C03727,India,50,Male,Free,8/10/2019,1,116.82,127.88,90,Sports & Outdoors,Desktop,UPI / Digital Wallet,Email Campaign,0,4.7,0,3,0,0
C03728,United Kingdom,56,Male,Gold,6/3/2024,21,1032.37,44.3,0,Electronics,Desktop,Credit Card,Direct,4,3.7,1,2,0,0
C03729,Mexico,18,Male,Silver,2/9/2025,32,1894.21,56.48,130,Food & Grocery,Desktop,Debit Card,Direct,9,4.6,3,1,1,0
C03730,Brazil,24,Female,Gold,5/26/2017,62,8346,131.53,107,Home & Kitchen,Tablet,PayPal,Paid Ad,22,3.8,7,0,0,0
C03731,United States,55,Female,Free,5/14/2023,15,649.94,47.46,41,Pet Supplies,Desktop,Credit Card,Email Campaign,2,4.5,1,4,1,0
C03732,Australia,39,Female,Platinum,3/21/2025,11,1881.07,149.62,37,Electronics,Mobile,Buy Now Pay Later,Social Media,2,4.6,0,8,1,0
C03733,Brazil,42,Female,Gold,9/19/2025,3,134.8,44.29,30,Clothing & Apparel,Desktop,Bank Transfer,Paid Ad,0,4.2,0,10,1,0
C03734,Spain,28,Female,Free,11/6/2025,25,5969.85,252.24,59,Health & Wellness,Mobile,Bank Transfer,Email Campaign,4,4.4,1,6,0,0
C03735,Sweden,58,Male,Free,1/8/2026,41,2249.05,63.68,32,Clothing & Apparel,Mobile,Debit Card,Organic Search,12,4.8,5,3,0,0
C03736,United States,48,Male,Gold,3/16/2025,8,547.25,79.55,88,Electronics,Mobile,Credit Card,Referral,1,3.3,0,0,1,0
C03737,Poland,18,Male,Gold,4/22/2025,5,229.56,49.72,75,Electronics,Mobile,Debit Card,Paid Ad,0,4,0,6,1,0
C03738,United States,30,Female,Free,11/30/2018,12,324.41,27.58,2,Clothing & Apparel,Mobile,Bank Transfer,Direct,2,3.8,1,2,1,0
C03739,United States,48,Male,Free,3/27/2026,17,825.23,49.32,58,Electronics,Mobile,Buy Now Pay Later,Social Media,3,4.6,0,5,1,0
C03740,United States,30,Male,Silver,11/2/2024,6,570.57,88.48,112,Books,Mobile,Debit Card,Social Media,1,4,0,6,1,0
C03741,United Kingdom,37,Male,Free,6/1/2022,3,278.07,89.38,8,Food & Grocery,Desktop,Debit Card,Organic Search,1,4.1,0,1,0,0
C03742,UAE,41,Female,Free,12/10/2023,26,464.49,18,92,Home & Kitchen,Desktop,PayPal,Social Media,6,4.3,0,1,1,0
C03743,Mexico,30,Female,Free,8/24/2024,6,495.63,78.56,24,Toys & Games,Tablet,Debit Card,Email Campaign,2,3.9,0,3,0,0
C03744,Australia,33,Female,Free,11/16/2025,1,106.02,95.4,80,Home & Kitchen,Mobile,PayPal,Paid Ad,0,3.9,0,3,0,1
C03745,United States,29,Female,Free,7/11/2024,1,43.39,41.32,141,Pet Supplies,Mobile,Debit Card,Referral,0,3.1,0,3,1,0
C03746,Mexico,32,Female,Gold,8/16/2021,28,6533.99,247.24,34,Food & Grocery,Mobile,Credit Card,Organic Search,9,4.8,2,10,0,0
C03747,Brazil,64,Male,Free,7/27/2020,15,290.98,21.31,4,Pet Supplies,Mobile,Credit Card,Social Media,2,4.3,2,1,0,0
C03748,United States,25,Male,Gold,5/31/2025,13,1327.03,96.81,5,Electronics,Desktop,UPI / Digital Wallet,Social Media,4,3.9,1,8,1,0
C03749,Mexico,41,Female,Free,5/16/2024,9,4192.56,519,16,Automotive,Desktop,Credit Card,Organic Search,2,4.1,1,0,1,0
C03750,Germany,27,Other,Free,2/3/2025,17,531.62,28.92,113,Home & Kitchen,Desktop,Credit Card,Social Media,2,4.2,1,8,1,0
C03751,Singapore,36,Male,Free,2/8/2025,44,1230.19,32.61,67,Electronics,Tablet,Debit Card,Organic Search,15,3.8,4,4,0,0
C03752,United States,44,Other,Free,8/26/2024,6,821.16,139.41,22,Clothing & Apparel,Mobile,UPI / Digital Wallet,Social Media,0,4.6,0,4,1,0
C03753,Australia,39,Male,Platinum,10/19/2024,6,1646.08,262.26,0,Travel & Luggage,Mobile,PayPal,Social Media,2,4.8,0,3,0,0
C03754,United States,30,Male,Free,2/26/2026,29,1366.18,52.05,130,Toys & Games,Desktop,Credit Card,Email Campaign,10,4.1,3,2,0,0
C03755,United States,30,Male,Free,1/24/2025,9,1195.75,140.2,37,Pet Supplies,Desktop,Debit Card,Email Campaign,2,4.3,0,2,1,0
C03756,United Kingdom,38,Female,Gold,10/18/2025,39,3381.72,82.97,29,Clothing & Apparel,Mobile,PayPal,Email Campaign,12,4.4,5,2,0,0
C03757,Canada,18,Female,Free,8/8/2024,53,1656.81,34.67,16,Travel & Luggage,Desktop,PayPal,Direct,12,4.6,0,0,1,0
C03758,Mexico,18,Male,Silver,3/22/2025,8,731.12,79.83,40,Home & Kitchen,Mobile,Credit Card,Social Media,1,4.3,1,3,0,1
C03759,United Kingdom,46,Male,Free,1/16/2023,16,1310.93,93.85,110,Toys & Games,Mobile,Credit Card,Social Media,2,3.9,1,4,1,0
C03760,Japan,25,Male,Free,5/16/2025,9,698.28,87.28,99,Sports & Outdoors,Desktop,Credit Card,Referral,0,4.6,0,2,1,0
C03761,United States,35,Male,Free,10/18/2021,11,1020.09,86.59,15,Home & Kitchen,Mobile,PayPal,Email Campaign,1,4.5,1,0,1,0
C03762,Australia,47,Male,Free,12/8/2025,6,1668.85,242.13,17,Home & Kitchen,Desktop,Bank Transfer,Direct,1,3.6,0,2,1,0
C03763,United States,35,Female,Silver,11/28/2023,21,2470.32,112.13,50,Food & Grocery,Desktop,Credit Card,Social Media,3,4.6,1,8,1,0
C03764,United States,23,Female,Free,10/2/2021,19,2173.58,101.8,23,Beauty & Personal Care,Mobile,Credit Card,Organic Search,4,4.3,1,2,1,0
C03765,India,29,Female,Free,11/6/2025,12,1654.88,121.57,25,Home & Kitchen,Mobile,PayPal,Email Campaign,4,3.7,0,6,0,0
C03766,Brazil,18,Female,Free,11/5/2024,22,621.52,29.05,115,Electronics,Tablet,PayPal,Direct,2,4.5,0,8,1,0
C03767,Germany,57,Female,Free,9/10/2024,2,101.53,56.32,49,Automotive,Desktop,Credit Card,Social Media,0,3.9,0,0,1,0
C03768,South Korea,33,Male,Free,10/30/2023,38,1902.77,51.67,3,Beauty & Personal Care,Desktop,Credit Card,Direct,6,4.4,3,1,1,0
C03769,United States,35,Female,Free,8/13/2025,16,686.95,40.75,7,Travel & Luggage,Mobile,Debit Card,Paid Ad,1,4,1,0,1,0
C03770,Japan,37,Male,Silver,3/15/2024,75,2740.4,40.01,15,Books,Tablet,Debit Card,Email Campaign,17,4,3,0,1,0
C03771,United States,29,Female,Free,12/14/2024,23,4713.1,191.09,67,Clothing & Apparel,Mobile,Debit Card,Paid Ad,4,4.4,0,4,1,0
C03772,United States,53,Male,Free,7/30/2025,32,684.44,20.89,81,Jewelry & Accessories,Desktop,Credit Card,Paid Ad,12,3.8,3,0,0,0
C03773,Canada,40,Female,Free,2/7/2026,4,295.12,84.29,101,Beauty & Personal Care,Mobile,Debit Card,Email Campaign,1,4.9,0,4,1,0
C03774,United Kingdom,18,Female,Gold,9/8/2024,16,1095.79,61.65,202,Electronics,Desktop,Credit Card,Direct,5,3.4,0,2,1,1
C03775,United States,49,Female,Free,7/30/2024,5,218.22,48.07,136,Beauty & Personal Care,Desktop,Credit Card,Paid Ad,1,4.2,0,0,0,0
C03776,United States,36,Female,Silver,11/13/2024,14,1138.24,82.24,358,Sports & Outdoors,Desktop,Credit Card,Paid Ad,3,3.9,2,2,1,0
C03777,United States,40,Female,Free,10/27/2024,4,87.15,19.48,36,Electronics,Desktop,Credit Card,Organic Search,0,3.7,0,7,1,0
C03778,India,30,Female,Platinum,3/28/2025,49,3467.49,65.2,16,Home & Kitchen,Desktop,Buy Now Pay Later,Social Media,5,2.5,4,1,1,0
C03779,Canada,19,Female,Free,11/17/2024,9,383.36,48.73,29,Clothing & Apparel,Desktop,Bank Transfer,Paid Ad,3,4.4,1,1,0,0
C03780,India,36,Male,Free,2/15/2026,9,449.83,50.02,104,Office Supplies,Mobile,Debit Card,Paid Ad,2,4.3,0,3,1,0
C03781,Italy,28,Male,Free,9/9/2024,5,602.41,125.3,96,Home & Kitchen,Mobile,Credit Card,Organic Search,1,3.8,0,0,1,0
C03782,India,18,Female,Silver,1/3/2026,4,314.78,70.49,47,Electronics,Mobile,UPI / Digital Wallet,Organic Search,1,4.5,0,0,0,0
C03783,United States,35,Female,Silver,3/9/2026,12,507.73,42.66,83,Office Supplies,Desktop,Debit Card,Email Campaign,2,3.6,1,9,1,0
C03784,United States,31,Male,Free,1/24/2025,16,574.23,38.44,97,Sports & Outdoors,Mobile,Credit Card,Organic Search,1,3.4,1,1,1,0
C03785,United Kingdom,33,Female,Free,3/16/2025,17,899.78,55.37,37,Toys & Games,Desktop,Cryptocurrency,Social Media,6,3.8,1,6,0,0
C03786,Brazil,40,Female,Free,1/15/2026,45,2831.69,63.97,119,Health & Wellness,Mobile,Credit Card,Social Media,12,4.5,3,10,1,0
C03787,United States,25,Male,Free,8/31/2024,7,923.74,122.4,96,Home & Kitchen,Mobile,UPI / Digital Wallet,Organic Search,0,4.4,0,0,0,0
C03788,United States,32,Male,Free,12/31/2024,3,55.32,17.73,15,Electronics,Mobile,Debit Card,Email Campaign,0,4.9,0,0,0,0
C03789,United Kingdom,48,Female,Free,7/23/2025,1,36.23,32.52,33,Electronics,Desktop,Buy Now Pay Later,Organic Search,0,4.3,0,3,0,0
C03790,India,49,Female,Free,9/22/2024,1,75.29,68.34,181,Pet Supplies,Desktop,Debit Card,Social Media,0,4.2,0,1,0,0
C03791,UAE,41,Female,Free,1/13/2026,4,408.27,93.38,7,Toys & Games,Mobile,PayPal,Organic Search,0,3.3,0,3,1,0
C03792,United States,34,Male,Free,12/2/2023,6,56.78,10.18,69,Clothing & Apparel,Desktop,Debit Card,Social Media,1,4.1,0,1,1,0
C03793,France,52,Male,Silver,9/5/2023,6,469.92,87.41,43,Health & Wellness,Mobile,Credit Card,Social Media,1,3.7,0,15,1,0
C03794,Brazil,56,Female,Platinum,6/1/2025,6,860.5,130.9,197,Books,Desktop,Credit Card,Referral,1,4.1,0,0,1,0
C03795,United States,33,Male,Free,12/29/2025,1,36.03,36.05,3,Sports & Outdoors,Mobile,PayPal,Social Media,0,4.5,0,5,0,0
C03796,United States,26,Male,Free,3/20/2025,22,882.57,45.97,129,Books,Desktop,Debit Card,Organic Search,6,4.3,0,0,0,0
C03797,Canada,24,Male,Gold,10/23/2023,29,919.07,27.9,25,Jewelry & Accessories,Mobile,Credit Card,Referral,7,4.3,3,0,1,0
C03798,India,36,Female,Platinum,12/17/2023,30,6641.38,230.79,14,Electronics,Mobile,Credit Card,Direct,5,4.4,1,0,1,0
C03799,United States,43,Female,Free,2/27/2026,9,678.49,80.22,12,Electronics,Mobile,Cryptocurrency,Social Media,1,3.9,0,2,0,1
C03800,Mexico,32,Male,Free,3/15/2024,2,30.63,15.66,24,Home & Kitchen,Desktop,UPI / Digital Wallet,Social Media,0,4.6,0,1,1,0
C03801,France,66,Female,Silver,4/28/2024,27,1767.95,68.23,228,Electronics,Mobile,PayPal,Social Media,1,4.5,3,1,0,0
C03802,United States,38,Other,Free,2/12/2026,5,34.95,7.16,28,Home & Kitchen,Desktop,PayPal,Organic Search,1,4.5,0,0,0,0
C03803,Japan,62,Male,Gold,3/5/2023,25,5787.78,231.88,15,Pet Supplies,Desktop,Credit Card,Referral,8,4.4,0,2,1,0
C03804,India,18,Male,Gold,8/4/2024,36,5505.99,177.84,46,Electronics,Mobile,UPI / Digital Wallet,Direct,7,4.4,2,1,0,0
C03805,India,42,Female,Silver,3/4/2022,7,3165.85,412.66,148,Electronics,Desktop,Debit Card,Email Campaign,1,4.3,0,0,1,0
C03806,South Africa,37,Female,Silver,3/17/2026,25,929.72,32.46,304,Clothing & Apparel,Mobile,UPI / Digital Wallet,Social Media,4,4.1,2,2,0,0
C03807,United States,37,Male,Free,10/21/2025,5,349.61,69.02,63,Clothing & Apparel,Tablet,Credit Card,Organic Search,0,4,0,10,1,0
C03808,United States,36,Male,Free,7/7/2022,8,278.74,32.54,15,Clothing & Apparel,Desktop,Credit Card,Organic Search,1,4.4,0,0,1,0
C03809,Turkey,30,Female,Silver,5/7/2025,7,677.65,86.81,53,Beauty & Personal Care,Mobile,PayPal,Email Campaign,1,4.5,0,2,0,0
C03810,Poland,35,Male,Silver,2/1/2026,1,107.55,103.71,47,Electronics,Mobile,UPI / Digital Wallet,Email Campaign,0,2.4,0,2,1,0
C03811,United States,27,Female,Gold,3/19/2026,7,814.14,101.76,128,Electronics,Tablet,Credit Card,Organic Search,2,3.2,1,1,0,0
C03812,Canada,28,Other,Free,6/13/2024,1,51.71,51.81,66,Health & Wellness,Mobile,PayPal,Email Campaign,0,4,0,3,1,0
C03813,Brazil,43,Male,Free,7/22/2022,5,211.07,37.61,123,Clothing & Apparel,Mobile,PayPal,Organic Search,1,4.9,0,2,1,0
C03814,India,36,Female,Free,8/12/2025,14,383.79,24.96,13,Toys & Games,Tablet,Credit Card,Direct,1,4.4,1,3,1,0
C03815,India,47,Female,Free,7/5/2025,27,2435.42,84.76,45,Pet Supplies,Mobile,UPI / Digital Wallet,Organic Search,8,4.7,1,6,1,0
C03816,United States,25,Female,Gold,9/29/2020,26,3245.81,119.06,129,Food & Grocery,Mobile,Bank Transfer,Direct,3,3.8,2,6,1,1
C03817,United States,25,Female,Free,6/25/2025,19,905.63,49.55,10,Electronics,Mobile,Bank Transfer,Social Media,7,3.8,0,7,1,0
C03818,United States,33,Female,Free,7/7/2025,21,1704.17,86.06,35,Electronics,Mobile,UPI / Digital Wallet,Paid Ad,1,3.2,0,0,0,0
C03819,India,35,Female,Silver,10/8/2025,16,1110.8,69.15,79,Sports & Outdoors,Desktop,Bank Transfer,Paid Ad,3,4.2,1,7,1,0
C03820,United States,26,Female,Free,10/20/2025,11,1186.45,106.32,88,Electronics,Desktop,Credit Card,Social Media,3,4.4,1,3,0,0
C03821,United States,52,Male,Free,7/15/2022,4,61.13,16.5,21,Jewelry & Accessories,Desktop,Debit Card,Organic Search,0,3.4,0,3,1,0
C03822,United Kingdom,47,Female,Free,7/30/2022,14,597.02,40.24,152,Electronics,Desktop,Credit Card,Organic Search,2,4.3,0,3,0,0
C03823,Australia,50,Male,Silver,2/8/2023,14,674.68,42.24,11,Books,Desktop,Credit Card,Social Media,1,4,0,1,0,0
C03824,Singapore,25,Male,Platinum,7/26/2025,32,4781.9,140.38,37,Toys & Games,Mobile,PayPal,Direct,6,4.5,3,2,1,0
C03825,United States,50,Male,Free,11/15/2025,2,119.76,70.2,33,Travel & Luggage,Mobile,Credit Card,Direct,0,4.1,0,0,1,1
C03826,Canada,26,Male,Free,8/2/2025,12,1261.84,106.81,32,Health & Wellness,Mobile,Buy Now Pay Later,Organic Search,1,3.1,1,2,1,0
C03827,India,46,Female,Free,6/8/2024,5,236.9,50.19,54,Clothing & Apparel,Mobile,Credit Card,Email Campaign,0,3.9,0,2,1,0
C03828,United States,45,Male,Gold,11/22/2025,16,705.62,46.21,30,Electronics,Desktop,PayPal,Social Media,6,4.7,2,5,1,0
C03829,India,35,Male,Free,1/25/2025,2,52.41,26.49,14,Toys & Games,Desktop,PayPal,Social Media,0,4.5,0,2,1,0
C03830,India,33,Female,Silver,12/5/2025,20,3918.68,183.28,124,Electronics,Desktop,Debit Card,Organic Search,1,4.5,1,4,0,0
C03831,United States,48,Male,Free,10/4/2024,17,925.77,48.98,4,Books,Mobile,Credit Card,Email Campaign,5,3.4,1,2,1,0
C03832,United States,25,Male,Free,5/22/2025,29,14926.64,452.4,33,Home & Kitchen,Mobile,Credit Card,Referral,7,3.5,1,7,1,0
C03833,United States,37,Female,Free,12/2/2022,5,540.14,105.06,79,Clothing & Apparel,Mobile,PayPal,Social Media,1,4.1,0,7,0,0
C03834,United Kingdom,44,Male,Free,3/13/2026,52,5412.46,103.03,111,Books,Desktop,UPI / Digital Wallet,Social Media,17,4.6,4,2,1,0
C03835,South Korea,37,Female,Free,3/13/2026,5,555.85,96.75,30,Electronics,Mobile,Debit Card,Social Media,0,3.2,0,6,0,0
C03836,United Kingdom,23,Female,Free,5/29/2023,8,596.45,65.56,146,Beauty & Personal Care,Mobile,PayPal,Paid Ad,2,4.2,0,6,0,0
C03837,United Kingdom,41,Male,Free,8/28/2024,3,128.56,40.06,145,Beauty & Personal Care,Desktop,Debit Card,Organic Search,0,2.9,0,7,0,0
C03838,United States,29,Female,Free,3/11/2026,15,1027.64,62.54,14,Electronics,Tablet,PayPal,Organic Search,5,4.1,0,2,1,0
C03839,United States,44,Female,Gold,5/29/2025,34,2460.77,72.46,31,Automotive,Mobile,Credit Card,Social Media,11,4.7,4,6,0,0
C03840,Canada,22,Other,Gold,11/16/2024,13,881.56,70.01,79,Pet Supplies,Desktop,Debit Card,Social Media,2,3.7,0,7,1,0
C03841,Italy,42,Male,Free,2/23/2025,22,2668.75,118.04,31,Pet Supplies,Mobile,Credit Card,Paid Ad,2,4.8,2,4,1,0
C03842,Australia,32,Male,Free,12/18/2023,2,66.19,37.87,104,Office Supplies,Mobile,Bank Transfer,Social Media,0,3.9,0,3,1,0
C03843,United States,24,Female,Free,3/9/2025,1,58.86,67.48,110,Clothing & Apparel,Tablet,Credit Card,Social Media,0,4.5,0,0,0,0
C03844,United States,55,Male,Free,9/16/2022,37,1312.09,38.83,43,Electronics,Mobile,PayPal,Organic Search,12,4.5,5,2,1,1
C03845,United States,42,Female,Free,9/11/2025,21,1219.7,50.7,80,Clothing & Apparel,Desktop,Buy Now Pay Later,Social Media,8,4.8,2,9,1,0
C03846,Netherlands,28,Female,Gold,9/29/2025,13,803.85,54.73,28,Toys & Games,Tablet,Credit Card,Social Media,2,3.5,0,10,0,0
C03847,United States,28,Female,Gold,12/21/2024,21,6388.84,306.26,47,Jewelry & Accessories,Mobile,Cryptocurrency,Referral,6,4.8,0,4,0,0
C03848,Italy,41,Female,Silver,3/11/2024,28,5349.42,204.32,0,Electronics,Mobile,Credit Card,Referral,5,4.2,1,16,0,0
C03849,Poland,47,Male,Free,4/25/2025,41,1968.67,48.82,3,Clothing & Apparel,Mobile,Debit Card,Organic Search,16,4,3,6,1,0
C03850,United Kingdom,39,Female,Silver,10/9/2023,10,1015.27,92.99,331,Toys & Games,Mobile,Bank Transfer,Social Media,2,4,1,0,1,0
C03851,United States,52,Male,Free,3/28/2025,20,1394.15,67.82,5,Jewelry & Accessories,Tablet,Debit Card,Email Campaign,7,3.4,1,2,1,0
C03852,Italy,37,Female,Free,3/22/2024,17,2952.18,177.38,54,Office Supplies,Desktop,Credit Card,Organic Search,1,4.7,0,5,1,0
C03853,Canada,24,Female,Free,8/22/2025,15,523.07,35.85,14,Electronics,Mobile,UPI / Digital Wallet,Organic Search,2,4.2,0,9,0,0
C03854,Germany,26,Female,Gold,2/23/2026,40,3041.94,86.42,102,Toys & Games,Desktop,Debit Card,Email Campaign,14,4.7,0,6,1,0
C03855,Germany,31,Male,Gold,7/19/2025,22,2281.27,100.64,6,Beauty & Personal Care,Mobile,Credit Card,Organic Search,2,4.1,2,9,1,0
C03856,Germany,18,Female,Free,3/18/2023,30,1684.48,60.06,0,Travel & Luggage,Tablet,Credit Card,Social Media,3,4.8,2,0,0,0
C03857,United States,29,Male,Free,12/5/2023,12,803.95,63.83,159,Sports & Outdoors,Tablet,Debit Card,Organic Search,3,4,1,0,0,0
C03858,Japan,35,Female,Silver,1/9/2023,10,544.84,51.71,53,Electronics,Desktop,PayPal,Paid Ad,0,4.6,0,0,1,1
C03859,United Kingdom,32,Male,Silver,11/1/2021,16,581.94,33.3,8,Electronics,Desktop,Credit Card,Social Media,1,4.7,1,0,1,0
C03860,Netherlands,34,Female,Free,2/12/2026,1,65.6,73.13,60,Home & Kitchen,Mobile,Debit Card,Organic Search,0,3.3,0,1,1,1
C03861,Netherlands,39,Male,Silver,3/24/2026,1,211.29,197.4,128,Office Supplies,Mobile,Buy Now Pay Later,Social Media,0,4.8,0,4,0,1
C03862,Brazil,30,Female,Gold,11/26/2023,35,3751.38,108.14,46,Toys & Games,Desktop,PayPal,Organic Search,11,4.6,0,18,0,0
C03863,Germany,18,Male,Platinum,11/20/2014,1,148.86,137.08,68,Home & Kitchen,Mobile,Credit Card,Referral,0,4.9,0,7,1,1
C03864,Brazil,24,Male,Free,7/22/2022,5,785.58,176.13,0,Beauty & Personal Care,Mobile,Debit Card,Email Campaign,1,3.7,0,8,1,0
C03865,United States,18,Male,Free,4/13/2024,7,2846.72,430.41,164,Sports & Outdoors,Mobile,Debit Card,Organic Search,2,3.5,0,0,0,0
C03866,Japan,29,Male,Gold,5/13/2025,46,7897.73,188.54,21,Office Supplies,Tablet,Buy Now Pay Later,Paid Ad,6,4.2,6,0,1,0
C03867,France,55,Female,Gold,3/20/2026,10,449.45,49.25,101,Clothing & Apparel,Tablet,PayPal,Direct,1,3.2,1,4,0,0
C03868,Brazil,43,Male,Free,10/9/2024,8,804.49,117.95,27,Electronics,Mobile,PayPal,Organic Search,1,4.3,0,7,1,0
C03869,United States,34,Male,Free,1/1/2024,23,654.49,29.74,19,Electronics,Tablet,Debit Card,Social Media,7,3.2,0,3,0,0
C03870,United States,46,Male,Free,6/25/2024,4,106.72,30.79,33,Clothing & Apparel,Mobile,PayPal,Paid Ad,0,3.8,0,7,0,0
C03871,United Kingdom,46,Male,Gold,1/18/2023,28,2644.1,109.85,6,Home & Kitchen,Desktop,Debit Card,Paid Ad,4,4.1,3,1,0,0
C03872,Brazil,35,Female,Free,6/17/2025,3,197.21,59.6,68,Jewelry & Accessories,Tablet,Bank Transfer,Direct,0,4.2,0,1,0,0
C03873,France,27,Male,Free,5/1/2023,34,2244.08,75,7,Sports & Outdoors,Mobile,Debit Card,Social Media,8,4.5,1,12,0,0
C03874,United States,49,Male,Free,7/14/2025,16,3268.88,198.31,17,Sports & Outdoors,Desktop,Debit Card,Referral,2,4.4,1,3,0,0
C03875,UAE,35,Male,Free,1/26/2026,29,397.62,13.47,55,Electronics,Desktop,Debit Card,Email Campaign,10,4.2,0,6,1,0
C03876,Canada,35,Female,Free,10/30/2025,9,401.74,40.3,10,Electronics,Desktop,Debit Card,Paid Ad,3,4.3,0,13,1,0
C03877,United States,38,Female,Silver,6/15/2024,31,2518.47,72.59,15,Toys & Games,Mobile,Debit Card,Paid Ad,6,4.6,1,3,1,0
C03878,France,42,Male,Gold,7/25/2023,1,290.56,259.05,158,Travel & Luggage,Mobile,Credit Card,Paid Ad,0,4,0,1,0,0
C03879,United States,18,Female,Free,10/11/2025,11,738.98,68.81,41,Jewelry & Accessories,Mobile,Credit Card,Paid Ad,0,3.4,1,5,0,0
C03880,United Kingdom,34,Female,Free,9/15/2020,11,981.82,83.14,18,Electronics,Mobile,Credit Card,Direct,0,4.7,0,0,1,0
C03881,Singapore,32,Male,Free,10/15/2024,3,50.25,16.56,8,Clothing & Apparel,Mobile,PayPal,Organic Search,0,4.2,0,0,0,0
C03882,Spain,37,Female,Free,5/29/2024,9,519.59,58.72,39,Clothing & Apparel,Tablet,PayPal,Paid Ad,0,3.2,0,1,1,0
C03883,Germany,27,Female,Platinum,1/25/2026,11,951.52,87.6,22,Toys & Games,Mobile,Cryptocurrency,Email Campaign,1,3.5,1,9,1,0
C03884,Japan,40,Male,Free,7/29/2025,24,2033.62,75.43,215,Health & Wellness,Desktop,Bank Transfer,Email Campaign,6,4.5,3,3,1,1
C03885,Germany,18,Female,Free,10/24/2023,18,2299.93,129.59,115,Jewelry & Accessories,Mobile,UPI / Digital Wallet,Social Media,7,4.7,1,0,1,0
C03886,Netherlands,46,Male,Platinum,8/3/2025,30,16092.07,573.88,10,Pet Supplies,Desktop,PayPal,Organic Search,4,4.2,1,12,1,0
C03887,South Korea,31,Female,Free,7/2/2025,62,13613.93,197.15,184,Clothing & Apparel,Mobile,Credit Card,Social Media,4,4,4,0,1,0
C03888,Singapore,38,Female,Gold,8/31/2024,2,72.41,39.49,7,Clothing & Apparel,Tablet,Debit Card,Social Media,0,3.9,0,10,1,0
C03889,Australia,49,Male,Platinum,9/13/2025,4,197.48,53.11,4,Clothing & Apparel,Desktop,Bank Transfer,Referral,0,4.3,0,11,0,0
C03890,Germany,37,Female,Free,7/12/2025,14,5020.56,342.75,35,Clothing & Apparel,Mobile,Credit Card,Paid Ad,3,4.1,0,0,1,0
C03891,Netherlands,21,Female,Free,3/28/2025,5,296.36,57.59,153,Automotive,Desktop,Credit Card,Paid Ad,1,3.5,0,4,1,0
C03892,United Kingdom,38,Male,Free,10/12/2025,2,167.58,90.95,24,Health & Wellness,Mobile,PayPal,Organic Search,0,4.8,0,2,0,1
C03893,United States,43,Female,Free,11/16/2025,3,97.05,36.14,4,Beauty & Personal Care,Tablet,Credit Card,Paid Ad,0,4.7,0,5,0,0
C03894,United States,18,Male,Gold,12/23/2023,2,1191.88,566.02,57,Clothing & Apparel,Desktop,Credit Card,Direct,0,4.8,0,0,1,0
C03895,Germany,44,Female,Gold,3/27/2020,35,1831.18,55.09,23,Pet Supplies,Mobile,PayPal,Paid Ad,4,4.7,0,4,1,0
C03896,France,37,Female,Free,1/13/2026,4,328.28,83.32,52,Clothing & Apparel,Mobile,Debit Card,Email Campaign,0,4.7,0,4,0,0
C03897,India,31,Female,Silver,10/20/2025,58,1532.91,28.37,70,Food & Grocery,Tablet,Debit Card,Organic Search,14,4.5,7,1,1,0
C03898,South Korea,39,Male,Free,1/19/2026,14,399.33,32.65,46,Beauty & Personal Care,Desktop,Debit Card,Organic Search,3,3.6,1,6,1,0
C03899,United States,46,Male,Silver,2/19/2025,1,123.38,117.16,70,Electronics,Desktop,Bank Transfer,Organic Search,0,3,0,6,1,0
C03900,United Kingdom,34,Male,Free,10/1/2025,8,362.83,50.65,50,Electronics,Mobile,Credit Card,Paid Ad,2,4.6,0,2,1,0
C03901,Mexico,32,Male,Platinum,1/26/2026,19,2525.76,138.69,56,Clothing & Apparel,Mobile,UPI / Digital Wallet,Direct,6,4.8,1,0,1,0
C03902,Netherlands,33,Female,Silver,12/20/2025,33,1788.62,49.27,6,Office Supplies,Mobile,Credit Card,Social Media,12,4.8,1,0,1,0
C03903,Canada,53,Male,Platinum,1/11/2026,3,714.65,257.11,7,Books,Mobile,Buy Now Pay Later,Organic Search,0,4.7,0,1,1,0
C03904,India,41,Female,Platinum,11/8/2025,7,740.28,113.67,199,Electronics,Mobile,UPI / Digital Wallet,Paid Ad,1,3.9,0,23,1,0
C03905,United States,34,Female,Free,2/18/2026,25,774.34,32.82,89,Automotive,Tablet,Debit Card,Email Campaign,1,3.6,1,4,1,0
C03906,Singapore,45,Female,Silver,2/19/2026,36,2601.22,74.14,2,Food & Grocery,Tablet,Credit Card,Social Media,4,4.9,3,6,1,0
C03907,United States,47,Female,Free,11/13/2025,1,43.59,45.54,134,Electronics,Mobile,PayPal,Paid Ad,0,4,0,4,1,0
C03908,Japan,49,Female,Platinum,11/10/2025,6,712.27,114.59,50,Clothing & Apparel,Desktop,Credit Card,Social Media,1,4.1,0,5,1,0
C03909,India,31,Male,Free,3/14/2025,23,1160.09,56.96,264,Jewelry & Accessories,Mobile,Credit Card,Social Media,5,4.6,2,4,0,0
C03910,India,36,Female,Silver,10/14/2024,43,5253.05,126.58,73,Home & Kitchen,Mobile,Debit Card,Social Media,10,4.2,1,1,1,0
C03911,Canada,24,Male,Silver,12/26/2025,8,532.17,59.38,48,Travel & Luggage,Tablet,PayPal,Paid Ad,3,4.9,0,8,0,0
C03912,United States,33,Male,Gold,11/26/2025,56,1627.62,27.83,69,Books,Desktop,Debit Card,Organic Search,6,4.1,1,9,1,0
C03913,United States,46,Male,Gold,4/10/2025,19,3196.88,153.17,24,Sports & Outdoors,Mobile,UPI / Digital Wallet,Organic Search,3,3.6,0,12,0,0
C03914,Turkey,18,Female,Gold,8/19/2024,48,1978.51,44.25,21,Home & Kitchen,Mobile,UPI / Digital Wallet,Direct,8,3.1,6,0,1,0
C03915,Australia,38,Female,Free,1/29/2024,4,180.95,40.57,19,Home & Kitchen,Mobile,Debit Card,Social Media,0,4,0,0,1,0
C03916,India,21,Male,Silver,1/2/2026,6,737.31,136.92,46,Books,Mobile,PayPal,Paid Ad,1,4.5,0,0,0,0
C03917,Canada,45,Male,Platinum,1/12/2025,40,1547.35,43.22,99,Food & Grocery,Mobile,Debit Card,Organic Search,7,4.7,3,8,1,0
C03918,United Kingdom,46,Male,Gold,7/25/2023,29,1695.88,67.92,35,Food & Grocery,Mobile,Debit Card,Email Campaign,10,4.3,3,5,1,0
C03919,United States,27,Male,Silver,12/19/2024,55,1828.55,32.48,221,Home & Kitchen,Desktop,Credit Card,Referral,21,3.1,6,3,1,0
C03920,United States,39,Female,Free,3/23/2026,22,1187.2,59.98,73,Clothing & Apparel,Mobile,Debit Card,Social Media,8,4,2,3,0,0
C03921,United States,35,Female,Free,2/15/2025,46,5224.51,100.73,29,Clothing & Apparel,Tablet,Debit Card,Email Campaign,10,4.8,5,2,0,0
C03922,India,35,Male,Platinum,7/5/2025,12,529.68,38.92,8,Clothing & Apparel,Desktop,Debit Card,Organic Search,4,4.5,1,0,1,0
C03923,United Kingdom,54,Male,Silver,9/11/2024,3,545.68,196.42,1,Sports & Outdoors,Mobile,Debit Card,Referral,0,4.1,0,6,0,0
C03924,UAE,39,Male,Silver,12/6/2019,1,81.57,88.85,167,Toys & Games,Mobile,UPI / Digital Wallet,Social Media,0,4.2,0,2,0,0
C03925,Singapore,61,Female,Free,2/5/2026,7,845.22,110.52,36,Food & Grocery,Mobile,PayPal,Paid Ad,2,4.1,0,1,0,0
C03926,Germany,18,Male,Silver,9/25/2025,32,1739.84,57.22,35,Electronics,Desktop,Credit Card,Paid Ad,9,4.5,4,7,0,0
C03927,France,34,Other,Free,12/13/2025,4,313.28,82.98,15,Clothing & Apparel,Desktop,PayPal,Direct,0,4.1,0,1,1,0
C03928,United States,30,Male,Free,8/10/2023,12,412.61,37.24,31,Beauty & Personal Care,Mobile,Debit Card,Paid Ad,3,4.5,0,8,1,0
C03929,Australia,18,Female,Silver,7/18/2023,19,2414.82,126.15,77,Beauty & Personal Care,Mobile,PayPal,Email Campaign,6,4.7,0,0,1,0
C03930,United States,40,Female,Free,1/9/2025,30,2196.27,66.54,10,Books,Mobile,Credit Card,Paid Ad,2,4.6,0,0,0,0
C03931,Canada,35,Female,Free,4/13/2024,15,3072.84,182.14,55,Electronics,Tablet,Credit Card,Referral,5,4.2,0,0,0,0
C03932,Germany,30,Male,Free,4/9/2025,17,2552.33,152.48,19,Home & Kitchen,Mobile,Credit Card,Organic Search,2,3.5,0,2,0,0
C03933,United States,30,Female,Free,9/23/2025,62,1576.38,28.28,73,Home & Kitchen,Mobile,Buy Now Pay Later,Paid Ad,7,4.7,7,0,1,0
C03934,United States,19,Male,Free,2/24/2026,10,553.26,50.29,21,Clothing & Apparel,Mobile,Credit Card,Direct,1,4.5,0,2,0,0
C03935,India,18,Male,Free,12/27/2025,21,680.95,32.96,19,Home & Kitchen,Mobile,Credit Card,Social Media,7,3.5,0,1,0,0
C03936,Poland,39,Male,Silver,11/15/2024,10,1212.37,122.59,3,Food & Grocery,Mobile,PayPal,Organic Search,1,4.6,0,4,0,0
C03937,France,18,Female,Free,7/31/2023,30,3826.12,123.02,42,Clothing & Apparel,Desktop,Credit Card,Paid Ad,11,4,2,2,1,0
C03938,India,21,Male,Silver,7/20/2025,14,801.25,59.97,2,Books,Desktop,Debit Card,Email Campaign,5,4.3,2,4,1,0
C03939,Japan,49,Female,Gold,3/8/2025,9,1240.36,140.76,141,Sports & Outdoors,Mobile,Credit Card,Organic Search,2,3.3,1,1,1,0
C03940,Spain,32,Male,Free,7/31/2025,20,335.5,18.63,50,Health & Wellness,Mobile,Debit Card,Paid Ad,1,3.8,1,15,0,0
C03941,United States,52,Female,Silver,6/10/2024,33,1490.08,51.6,7,Clothing & Apparel,Desktop,Debit Card,Paid Ad,10,3.5,2,1,1,0
C03942,Germany,28,Male,Gold,9/3/2023,11,749.44,64.62,16,Food & Grocery,Mobile,Debit Card,Referral,3,4.1,0,0,0,0
C03943,India,32,Female,Free,10/30/2022,24,566.23,27.24,189,Electronics,Mobile,PayPal,Social Media,6,3.4,3,1,1,1
C03944,United States,28,Male,Free,7/8/2024,28,510.82,17.87,102,Sports & Outdoors,Mobile,Credit Card,Social Media,10,3.9,3,0,1,0
C03945,Italy,18,Male,Free,9/27/2025,8,112.9,15.89,75,Jewelry & Accessories,Desktop,Credit Card,Social Media,1,4.7,0,0,1,0
C03946,United States,29,Female,Silver,3/14/2026,13,664.71,47.45,29,Sports & Outdoors,Desktop,PayPal,Social Media,1,4.6,0,7,1,0
C03947,United States,18,Female,Gold,1/29/2026,47,4380.6,102.31,157,Pet Supplies,Mobile,UPI / Digital Wallet,Direct,10,3.3,5,5,0,0
C03948,Germany,36,Other,Silver,8/31/2024,3,138.13,53.58,34,Home & Kitchen,Mobile,PayPal,Paid Ad,0,3.6,0,17,1,0
C03949,Germany,19,Male,Platinum,7/26/2025,7,498.35,62.78,45,Electronics,Mobile,Credit Card,Paid Ad,1,4.3,0,6,0,0
C03950,Germany,19,Male,Free,11/19/2025,79,1834.84,23.31,63,Home & Kitchen,Desktop,Debit Card,Paid Ad,21,3.6,5,6,0,0
C03951,South Africa,34,Male,Platinum,11/23/2025,20,4867.1,263.43,110,Beauty & Personal Care,Desktop,Credit Card,Paid Ad,7,4.3,0,12,1,0
C03952,United States,44,Other,Silver,9/19/2022,34,2675.66,77.93,108,Office Supplies,Desktop,Credit Card,Social Media,12,3.7,1,2,1,0
C03953,Canada,53,Male,Free,9/29/2025,35,3872.79,105.52,83,Home & Kitchen,Mobile,Debit Card,Social Media,12,3.6,4,1,1,0
C03954,United States,26,Female,Silver,3/4/2025,11,1571.66,155.3,111,Beauty & Personal Care,Desktop,Debit Card,Organic Search,2,4.1,0,2,1,0
C03955,Germany,34,Male,Free,2/4/2026,10,406.12,43.99,76,Toys & Games,Mobile,Debit Card,Paid Ad,0,4.6,0,8,1,0
C03956,Australia,55,Female,Free,1/6/2025,5,509.12,108.34,30,Automotive,Desktop,PayPal,Organic Search,1,3.9,0,2,0,0
C03957,India,49,Male,Free,8/20/2021,3,157.96,61.03,27,Electronics,Mobile,Debit Card,Paid Ad,1,3,0,5,0,0
C03958,United Kingdom,36,Female,Gold,1/22/2025,4,892.71,198.06,17,Electronics,Mobile,Credit Card,Organic Search,0,4.3,0,1,1,0
C03959,United Kingdom,41,Male,Silver,8/10/2025,6,380.96,62.53,0,Pet Supplies,Tablet,Bank Transfer,Organic Search,1,4.6,0,1,1,0
C03960,United Kingdom,18,Female,Platinum,3/29/2025,21,2494.29,123.85,12,Sports & Outdoors,Mobile,PayPal,Paid Ad,4,3,3,4,1,0
C03961,Germany,40,Female,Free,1/26/2025,28,2565.77,88,10,Home & Kitchen,Mobile,UPI / Digital Wallet,Paid Ad,7,4.2,0,5,0,0
C03962,Germany,18,Female,Gold,8/3/2024,1,85.34,94.35,41,Clothing & Apparel,Mobile,Credit Card,Paid Ad,0,3.6,0,1,0,0
C03963,Germany,39,Female,Silver,10/14/2025,12,554.68,52.29,42,Electronics,Mobile,Debit Card,Referral,2,3.6,0,0,0,0
C03964,Sweden,64,Male,Silver,11/6/2024,21,410.54,22.65,68,Beauty & Personal Care,Mobile,Credit Card,Direct,2,4.4,2,3,0,0
C03965,Japan,26,Male,Free,9/27/2022,2,116.89,66.95,58,Home & Kitchen,Desktop,Credit Card,Organic Search,0,3.1,0,3,1,0
C03966,Mexico,26,Female,Free,5/5/2025,2,161.85,73.9,42,Automotive,Desktop,UPI / Digital Wallet,Organic Search,0,3,0,2,1,1
C03967,United States,43,Female,Free,7/4/2023,6,2080.51,310.07,9,Sports & Outdoors,Mobile,Credit Card,Paid Ad,0,3.8,0,3,1,0
C03968,Brazil,18,Male,Free,9/28/2021,15,1187.36,81.39,4,Books,Mobile,UPI / Digital Wallet,Organic Search,3,4,0,2,1,1
C03969,Australia,32,Male,Free,3/29/2025,42,1125.14,31.49,56,Electronics,Desktop,Credit Card,Social Media,7,4.4,0,2,0,0
C03970,Germany,23,Female,Gold,10/9/2025,24,817.49,34.29,30,Books,Tablet,PayPal,Social Media,9,4.3,3,7,0,0
C03971,India,54,Female,Free,11/14/2025,27,5042.04,166.87,1,Home & Kitchen,Mobile,Credit Card,Organic Search,7,4.4,3,4,1,0
C03972,Germany,50,Female,Gold,3/28/2026,18,2332.74,139.79,154,Clothing & Apparel,Desktop,Buy Now Pay Later,Direct,7,4.8,1,7,0,0
C03973,United States,18,Male,Gold,1/12/2025,3,278.53,82.57,39,Health & Wellness,Mobile,Bank Transfer,Organic Search,0,4.3,0,1,0,0
C03974,United States,45,Male,Silver,11/12/2024,20,890.1,49.58,7,Food & Grocery,Mobile,Cryptocurrency,Paid Ad,3,4.1,0,0,1,0
C03975,United Kingdom,54,Female,Free,4/5/2025,12,2376.87,178.73,37,Home & Kitchen,Mobile,PayPal,Social Media,4,4.4,0,5,1,0
C03976,Germany,46,Female,Free,2/25/2026,36,1498.01,47.9,10,Clothing & Apparel,Mobile,Credit Card,Organic Search,13,4.6,4,4,0,0
C03977,United Kingdom,30,Female,Silver,4/8/2024,24,754.3,30.67,103,Home & Kitchen,Tablet,Credit Card,Organic Search,6,3.9,2,1,0,0
C03978,Germany,24,Female,Free,11/26/2025,20,756.04,38.94,5,Electronics,Mobile,UPI / Digital Wallet,Referral,4,4.1,1,0,1,0
C03979,India,21,Female,Free,5/28/2022,18,931.97,57.61,170,Electronics,Mobile,PayPal,Social Media,5,4.2,2,3,0,0
C03980,United States,44,Female,Gold,9/20/2025,45,1518.96,32.53,26,Electronics,Mobile,Credit Card,Organic Search,3,3.3,6,7,1,0
C03981,France,43,Female,Gold,10/30/2024,9,263.16,28.32,41,Sports & Outdoors,Tablet,Credit Card,Direct,1,4.9,1,0,1,0
C03982,United Kingdom,32,Male,Free,4/7/2021,77,5757.69,77.55,107,Electronics,Desktop,Credit Card,Organic Search,16,4.3,2,0,0,0
C03983,Japan,26,Female,Free,12/31/2022,7,534.81,82.44,121,Electronics,Mobile,Debit Card,Direct,0,4.9,0,3,1,0
C03984,UAE,37,Female,Free,5/1/2021,17,371.38,24.33,32,Beauty & Personal Care,Mobile,Debit Card,Social Media,1,3.6,1,1,1,0
C03985,United States,40,Male,Free,2/13/2024,21,1632.55,84.84,158,Office Supplies,Desktop,Credit Card,Social Media,3,4.5,0,2,1,0
C03986,Canada,29,Male,Free,9/6/2025,4,259.37,58.97,16,Electronics,Mobile,Buy Now Pay Later,Email Campaign,0,4.3,0,3,1,0
C03987,Brazil,45,Male,Free,7/5/2025,23,2556.8,107.29,120,Clothing & Apparel,Mobile,Credit Card,Organic Search,7,4.2,1,3,0,0
C03988,United States,30,Female,Gold,5/25/2022,5,591.29,122.9,33,Home & Kitchen,Mobile,PayPal,Organic Search,0,4.4,0,2,1,0
C03989,United States,32,Male,Free,10/31/2022,13,1397.96,124.46,54,Travel & Luggage,Tablet,Buy Now Pay Later,Organic Search,4,4.2,1,2,1,1
C03990,United States,23,Male,Free,8/30/2025,15,877.78,59.58,46,Electronics,Desktop,PayPal,Organic Search,5,3.8,1,0,0,0
C03991,Australia,39,Female,Free,1/29/2026,6,803.63,127.49,51,Toys & Games,Desktop,Debit Card,Organic Search,1,4.2,0,2,1,0
C03992,Brazil,46,Female,Free,6/15/2025,10,926.76,81.43,105,Food & Grocery,Tablet,PayPal,Email Campaign,1,3.7,0,3,1,0
C03993,Sweden,32,Male,Free,6/5/2025,3,544.86,187.07,7,Pet Supplies,Mobile,Credit Card,Paid Ad,1,4.2,0,8,1,0
C03994,Mexico,28,Male,Platinum,7/4/2025,22,3314.56,139.25,52,Electronics,Desktop,Credit Card,Paid Ad,6,4.4,0,5,0,0
C03995,France,49,Female,Free,2/17/2023,3,120.19,41.7,50,Health & Wellness,Mobile,Credit Card,Organic Search,1,4,0,7,0,0
C03996,India,44,Female,Free,7/10/2024,42,2416.12,53.9,8,Electronics,Mobile,Debit Card,Direct,15,4.4,0,0,0,0
C03997,France,34,Male,Free,6/14/2025,25,1877.76,72.91,6,Pet Supplies,Mobile,Credit Card,Social Media,9,4.7,0,3,0,0
C03998,Germany,32,Male,Free,12/17/2025,13,1602.75,108.24,59,Electronics,Tablet,Buy Now Pay Later,Email Campaign,3,3.7,0,0,0,0
C03999,United States,35,Female,Free,12/12/2025,68,10646.11,170.71,93,Sports & Outdoors,Mobile,PayPal,Organic Search,3,3.7,4,0,1,0
C04000,Singapore,42,Female,Gold,7/29/2024,20,1227.21,64.57,18,Clothing & Apparel,Desktop,Credit Card,Referral,7,4.2,1,11,1,0
C04001,India,34,Male,Free,9/22/2025,40,1195.12,29.25,81,Electronics,Tablet,Debit Card,Social Media,4,4.7,4,3,0,0
C04002,United States,18,Female,Free,3/25/2025,6,495.42,96.3,93,Clothing & Apparel,Desktop,Bank Transfer,Email Campaign,1,3.6,0,5,1,0
C04003,India,18,Male,Free,12/23/2025,6,341.29,49.89,14,Jewelry & Accessories,Tablet,Credit Card,Organic Search,0,4.9,0,6,1,0
C04004,United Kingdom,28,Male,Free,11/20/2025,19,2168.66,105.67,2,Clothing & Apparel,Mobile,Debit Card,Social Media,5,4,0,4,1,0
C04005,United Kingdom,24,Female,Free,8/16/2025,20,1137.46,63.98,9,Clothing & Apparel,Mobile,UPI / Digital Wallet,Direct,7,3.2,2,0,0,0
C04006,United Kingdom,46,Male,Free,9/5/2025,1,62.95,59.56,14,Books,Mobile,Credit Card,Organic Search,0,3.8,0,0,1,0
C04007,United Kingdom,36,Female,Silver,11/6/2025,7,115.13,15.84,20,Toys & Games,Mobile,UPI / Digital Wallet,Social Media,2,4.5,0,2,1,1
C04008,Germany,18,Male,Free,11/29/2020,39,2452.67,73.06,35,Home & Kitchen,Mobile,Debit Card,Organic Search,11,4.4,1,1,0,0
C04009,United States,39,Female,Free,4/4/2025,9,739.94,81.69,48,Home & Kitchen,Tablet,PayPal,Direct,2,4.5,0,17,0,0
C04010,United States,28,Female,Silver,6/20/2025,20,214.07,12.12,1,Home & Kitchen,Desktop,Debit Card,Social Media,6,3.6,2,0,1,0
C04011,Canada,23,Female,Silver,5/10/2024,54,3340.1,54.15,4,Sports & Outdoors,Mobile,PayPal,Organic Search,15,4.2,2,2,0,0
C04012,Germany,28,Male,Free,8/25/2024,15,775,47.3,12,Jewelry & Accessories,Mobile,Credit Card,Organic Search,2,4.3,0,3,1,0
C04013,India,26,Female,Silver,10/27/2022,1,58.15,57.74,29,Clothing & Apparel,Desktop,Buy Now Pay Later,Social Media,0,3.9,0,1,0,0
C04014,South Africa,22,Male,Free,8/17/2025,4,218.36,56.45,15,Clothing & Apparel,Mobile,Buy Now Pay Later,Paid Ad,0,4,0,6,1,0
C04015,Canada,24,Female,Silver,9/17/2021,1,70.74,78.32,15,Clothing & Apparel,Desktop,Credit Card,Email Campaign,0,4.1,0,2,1,0
C04016,United States,49,Female,Platinum,4/17/2025,26,1583.35,53.44,85,Jewelry & Accessories,Mobile,Buy Now Pay Later,Organic Search,1,4.2,0,10,0,0
C04017,Mexico,34,Female,Gold,12/10/2025,17,4601.57,287.22,35,Sports & Outdoors,Desktop,Credit Card,Direct,6,4.6,1,0,1,0
C04018,Singapore,54,Female,Free,5/19/2023,13,912.79,61.28,98,Electronics,Mobile,UPI / Digital Wallet,Referral,2,4.6,0,1,1,0
C04019,Germany,21,Female,Silver,10/13/2023,25,1972.67,90.15,28,Clothing & Apparel,Tablet,PayPal,Organic Search,5,4.1,1,7,1,0
C04020,Germany,43,Female,Silver,6/10/2024,8,549.11,79.36,32,Home & Kitchen,Desktop,PayPal,Direct,2,4.1,0,1,1,1
C04021,United States,45,Female,Free,4/4/2024,10,473.45,42.1,18,Electronics,Mobile,UPI / Digital Wallet,Email Campaign,2,4.4,1,1,1,0
C04022,United States,37,Female,Free,2/8/2025,4,193.81,46.25,100,Beauty & Personal Care,Tablet,UPI / Digital Wallet,Email Campaign,0,3.9,0,5,1,0
C04023,United States,29,Other,Free,10/19/2022,42,1619.87,39.21,57,Beauty & Personal Care,Mobile,Credit Card,Organic Search,7,3.8,2,1,0,0
C04024,Germany,18,Female,Gold,3/10/2026,11,3672.68,300.96,37,Clothing & Apparel,Mobile,PayPal,Paid Ad,1,4.4,0,2,1,0
C04025,Japan,63,Female,Free,1/27/2026,1,42.25,43.64,69,Beauty & Personal Care,Desktop,Buy Now Pay Later,Paid Ad,0,3.8,0,12,0,1
C04026,Turkey,36,Female,Platinum,8/25/2025,18,3931.29,195.49,35,Health & Wellness,Tablet,Credit Card,Paid Ad,7,4.2,1,26,0,0
C04027,Brazil,42,Male,Free,8/4/2024,1,104.03,91.73,1,Home & Kitchen,Mobile,Credit Card,Email Campaign,0,4.9,0,0,1,0
C04028,Japan,26,Female,Free,8/10/2025,16,1619.67,89.25,49,Clothing & Apparel,Mobile,Credit Card,Email Campaign,2,4,0,12,1,0
C04029,United Kingdom,25,Male,Free,3/2/2025,20,1396.2,64.64,14,Beauty & Personal Care,Mobile,Credit Card,Paid Ad,2,4.6,2,6,1,0
C04030,United Kingdom,39,Male,Free,3/26/2026,1,27.64,32.51,118,Clothing & Apparel,Desktop,UPI / Digital Wallet,Organic Search,0,4,0,8,1,0
C04031,India,32,Other,Silver,9/15/2023,10,1322.46,135.88,53,Travel & Luggage,Tablet,Credit Card,Organic Search,2,4,0,7,0,0
C04032,United States,43,Male,Free,6/3/2025,19,775.06,43.86,90,Clothing & Apparel,Tablet,Credit Card,Social Media,1,3.6,2,3,0,0
C04033,Australia,40,Male,Free,12/12/2020,1,26.23,26.34,81,Sports & Outdoors,Desktop,Credit Card,Paid Ad,0,3.7,0,3,1,0
C04034,Netherlands,36,Male,Free,12/1/2025,7,381.29,54.87,9,Electronics,Desktop,Credit Card,Organic Search,1,4.4,0,4,0,0
C04035,United States,32,Male,Free,5/1/2025,10,299.17,31.64,38,Electronics,Mobile,Credit Card,Paid Ad,0,4.2,0,1,0,0
C04036,Germany,31,Male,Free,5/29/2025,5,213.93,38.57,194,Electronics,Desktop,Debit Card,Email Campaign,1,2.9,0,6,1,0
C04037,United States,53,Male,Silver,12/13/2025,17,2839.64,170.81,75,Electronics,Tablet,Credit Card,Email Campaign,5,3.6,1,1,0,0
C04038,United States,23,Male,Free,11/24/2024,25,1058.13,43.73,101,Food & Grocery,Mobile,Credit Card,Organic Search,5,4.7,3,0,0,0
C04039,United Kingdom,18,Female,Silver,10/21/2024,40,10424.42,226.95,35,Books,Tablet,Bank Transfer,Paid Ad,13,4.6,5,1,0,0
C04040,United States,61,Female,Gold,12/22/2024,18,1601.18,92.61,297,Food & Grocery,Tablet,PayPal,Organic Search,1,4.3,0,5,1,1
C04041,France,29,Female,Gold,5/18/2025,6,217.3,35.16,74,Clothing & Apparel,Desktop,PayPal,Social Media,2,4.2,0,5,1,0
C04042,Japan,30,Female,Free,8/9/2023,2,187.29,86.89,44,Travel & Luggage,Mobile,Credit Card,Social Media,0,4.4,0,1,1,1
C04043,India,21,Male,Silver,7/4/2025,15,480.82,34.43,78,Sports & Outdoors,Desktop,Debit Card,Organic Search,1,4.5,0,2,0,1
C04044,Netherlands,18,Female,Free,10/20/2025,17,1295.56,74.9,43,Books,Mobile,Bank Transfer,Email Campaign,5,3.7,0,0,0,0
C04045,United States,21,Male,Free,1/2/2022,36,2892.7,72.43,72,Clothing & Apparel,Mobile,Buy Now Pay Later,Email Campaign,7,4.2,4,7,0,0
C04046,India,37,Female,Platinum,4/11/2025,20,4100.1,195.1,94,Clothing & Apparel,Mobile,Debit Card,Organic Search,6,4.4,0,4,1,0
C04047,United States,36,Female,Gold,3/28/2023,4,273.85,68.38,45,Clothing & Apparel,Tablet,Credit Card,Email Campaign,1,3.3,0,12,1,0
C04048,United States,37,Male,Silver,3/31/2025,18,1560.08,82.17,144,Toys & Games,Desktop,Bank Transfer,Referral,3,4.7,1,7,0,0
C04049,United States,23,Female,Gold,12/13/2021,48,5807.92,126.18,3,Office Supplies,Mobile,Credit Card,Referral,16,4.7,2,2,1,0
C04050,United States,44,Female,Silver,3/26/2020,32,2005.75,60.28,11,Health & Wellness,Mobile,Bank Transfer,Organic Search,6,3.6,0,0,1,0
C04051,France,26,Male,Gold,12/19/2021,14,1035.1,66.61,49,Home & Kitchen,Mobile,PayPal,Social Media,2,5,1,8,0,0
C04052,Brazil,55,Male,Free,7/7/2024,23,3127,131.49,51,Automotive,Mobile,PayPal,Email Campaign,8,4.1,3,10,0,0
C04053,Canada,38,Female,Free,10/13/2025,7,489.07,63.71,72,Electronics,Mobile,Credit Card,Social Media,1,3.7,0,1,1,0
C04054,France,21,Male,Silver,10/24/2024,2,756.65,411.77,17,Health & Wellness,Mobile,Cryptocurrency,Organic Search,0,4.5,0,6,0,0
C04055,Canada,40,Female,Silver,12/19/2025,5,1075.52,202.63,69,Travel & Luggage,Mobile,Credit Card,Organic Search,1,4,0,1,1,0
C04056,Mexico,45,Female,Free,9/3/2025,32,1571.5,43.98,55,Books,Mobile,Credit Card,Organic Search,8,4.4,0,6,1,0
C04057,Australia,51,Male,Free,8/7/2023,2,146.11,68.5,59,Health & Wellness,Mobile,Cryptocurrency,Organic Search,0,4.8,0,0,1,0
C04058,India,45,Female,Silver,10/23/2023,23,892.55,36.25,20,Clothing & Apparel,Mobile,Credit Card,Email Campaign,1,4.6,2,17,1,0
C04059,United States,36,Female,Free,9/9/2023,12,162.52,13.51,33,Sports & Outdoors,Mobile,PayPal,Email Campaign,1,4.4,0,16,1,0
C04060,United States,30,Female,Free,10/17/2022,10,1983.83,214.01,61,Electronics,Desktop,PayPal,Email Campaign,2,4.7,0,0,0,1
C04061,United States,30,Male,Platinum,8/9/2024,8,210.91,23.41,7,Electronics,Mobile,Credit Card,Organic Search,2,4.4,1,0,0,0
C04062,United States,60,Male,Free,12/8/2025,11,492.96,40.72,163,Health & Wellness,Mobile,UPI / Digital Wallet,Paid Ad,3,3.2,0,4,1,0
C04063,Canada,33,Male,Silver,10/12/2024,36,1094.52,28.44,29,Pet Supplies,Desktop,Debit Card,Paid Ad,2,4.9,0,9,1,0
C04064,Poland,28,Female,Free,9/9/2025,8,278.09,35.47,46,Home & Kitchen,Tablet,Buy Now Pay Later,Paid Ad,1,4,0,0,0,0
C04065,Brazil,21,Female,Free,11/24/2024,5,237.11,50.46,13,Home & Kitchen,Desktop,Debit Card,Direct,0,4.5,0,9,1,0
C04066,South Korea,40,Female,Free,3/25/2026,44,6530.71,174.1,30,Sports & Outdoors,Mobile,Debit Card,Social Media,16,3.2,5,7,0,0
C04067,India,37,Female,Free,5/26/2025,5,553.61,101.37,122,Travel & Luggage,Tablet,Buy Now Pay Later,Social Media,0,4.1,0,7,0,1
C04068,United States,49,Female,Free,2/11/2024,3,1160.89,370.18,26,Home & Kitchen,Mobile,Credit Card,Referral,0,3.9,0,3,1,0
C04069,United Kingdom,48,Male,Free,1/16/2020,15,1831.37,106.72,31,Beauty & Personal Care,Tablet,PayPal,Organic Search,1,4.3,2,0,1,0
C04070,India,41,Male,Free,3/8/2026,2,347.51,157.31,32,Beauty & Personal Care,Mobile,Debit Card,Organic Search,0,4.7,0,0,1,1
C04071,United Kingdom,48,Female,Free,5/26/2025,30,2774.62,94.15,149,Automotive,Mobile,PayPal,Direct,10,4,3,2,1,0
C04072,United States,49,Male,Free,6/20/2025,3,101.42,30.06,20,Clothing & Apparel,Mobile,Bank Transfer,Paid Ad,0,4.7,0,3,0,0
C04073,Brazil,44,Male,Free,1/27/2025,36,1519.75,38.65,78,Health & Wellness,Mobile,PayPal,Social Media,10,3.3,5,1,0,0
C04074,India,30,Other,Free,12/28/2022,8,369.65,50.45,108,Health & Wellness,Mobile,Credit Card,Organic Search,2,4.6,1,4,0,0
C04075,Turkey,42,Male,Silver,9/15/2021,25,423.99,15.95,15,Electronics,Mobile,Credit Card,Paid Ad,3,4,2,1,1,0
C04076,United States,31,Female,Free,9/1/2024,14,652.78,52.16,53,Electronics,Mobile,Debit Card,Social Media,3,3.9,1,1,0,0
C04077,India,35,Female,Free,2/13/2026,2,224.34,121.53,58,Toys & Games,Desktop,Credit Card,Social Media,0,4.5,0,6,1,0
C04078,United States,40,Male,Free,5/30/2024,1,57.13,61.8,109,Electronics,Desktop,PayPal,Paid Ad,0,4.8,0,6,1,1
C04079,UAE,63,Female,Free,4/15/2024,1,97.24,102.89,10,Beauty & Personal Care,Mobile,UPI / Digital Wallet,Email Campaign,0,4.2,0,0,1,1
C04080,Singapore,45,Male,Free,1/7/2024,18,927.52,51.7,37,Toys & Games,Mobile,PayPal,Organic Search,1,3.3,2,2,1,0
C04081,United States,40,Male,Free,11/2/2025,2,182.83,105.09,204,Toys & Games,Mobile,Credit Card,Direct,0,2.6,0,1,0,0
C04082,Singapore,32,Female,Free,11/17/2021,47,11418.43,249.83,73,Toys & Games,Mobile,Credit Card,Organic Search,17,4.1,0,8,1,0
C04083,Australia,45,Male,Free,1/3/2026,2,108.25,52.72,152,Beauty & Personal Care,Mobile,Debit Card,Email Campaign,0,3.7,0,0,1,0
C04084,United States,42,Female,Gold,5/12/2022,5,482.64,107.28,7,Food & Grocery,Mobile,Bank Transfer,Referral,1,4.2,0,13,0,0
C04085,Netherlands,35,Female,Free,10/22/2025,23,1083.41,43.74,67,Home & Kitchen,Mobile,Debit Card,Email Campaign,3,4.5,1,4,0,0
C04086,Netherlands,39,Female,Gold,10/16/2025,23,1417.15,72.37,159,Electronics,Mobile,Credit Card,Direct,6,3.8,0,0,1,0
C04087,France,48,Female,Free,10/26/2023,7,410.67,63.61,85,Beauty & Personal Care,Mobile,Credit Card,Organic Search,0,4.7,0,7,1,0
C04088,South Africa,38,Female,Silver,3/19/2026,37,938.4,25.85,19,Sports & Outdoors,Mobile,Debit Card,Email Campaign,4,4.7,2,1,1,0
C04089,Mexico,43,Male,Free,1/15/2024,10,879.62,85.15,24,Home & Kitchen,Desktop,Credit Card,Organic Search,0,4.5,0,11,1,0
C04090,United States,44,Male,Platinum,8/28/2024,12,3404.51,330.97,122,Sports & Outdoors,Mobile,Credit Card,Organic Search,2,4.1,0,12,1,0
C04091,Spain,35,Female,Free,2/7/2026,10,1311.71,118.01,10,Electronics,Mobile,Debit Card,Social Media,3,3.2,0,1,1,0
C04092,United Kingdom,22,Male,Free,3/6/2023,2,162.74,84,120,Health & Wellness,Mobile,Debit Card,Social Media,0,2.8,0,4,1,0
C04093,United States,32,Female,Free,9/26/2025,10,1394.58,155.37,86,Health & Wellness,Tablet,Debit Card,Organic Search,1,4.6,1,1,0,0
C04094,United Kingdom,28,Female,Platinum,7/25/2022,11,1154.59,118.93,187,Electronics,Mobile,Credit Card,Social Media,1,3.1,0,2,0,0
C04095,South Africa,53,Other,Gold,3/1/2026,12,1498.59,145.44,59,Clothing & Apparel,Desktop,Debit Card,Email Campaign,2,4.1,0,2,0,0
C04096,France,37,Male,Free,5/4/2024,50,2175.21,44.49,36,Home & Kitchen,Mobile,Debit Card,Referral,17,4.5,5,8,1,0
C04097,United States,29,Female,Free,4/18/2024,34,3846.66,101.74,85,Toys & Games,Desktop,Credit Card,Email Campaign,13,3.5,1,8,1,0
C04098,Germany,37,Female,Platinum,12/19/2021,1,50.99,49.55,0,Beauty & Personal Care,Mobile,Debit Card,Direct,0,4.8,0,3,1,0
C04099,United States,57,Male,Gold,1/11/2024,33,1695.22,59.39,2,Electronics,Desktop,Debit Card,Social Media,5,2.8,2,9,1,0
C04100,India,18,Female,Free,3/24/2026,1,282.14,303.3,102,Books,Desktop,PayPal,Organic Search,0,4.1,0,1,1,0
C04101,United States,41,Male,Free,12/30/2023,15,512.65,34.22,29,Clothing & Apparel,Tablet,UPI / Digital Wallet,Paid Ad,3,5,0,6,1,0
C04102,United States,27,Female,Free,1/26/2024,8,408.62,56.95,16,Books,Mobile,Credit Card,Social Media,2,4,0,0,1,0
C04103,Singapore,54,Female,Free,10/21/2025,6,566.06,106.89,26,Jewelry & Accessories,Mobile,Credit Card,Organic Search,1,3.2,0,2,1,0
C04104,United Kingdom,20,Female,Silver,7/2/2025,3,165.05,49.81,24,Electronics,Desktop,Debit Card,Social Media,1,4,0,11,1,0
C04105,United States,37,Female,Gold,10/8/2025,18,747.2,38.91,35,Office Supplies,Desktop,Credit Card,Email Campaign,4,4.3,0,9,1,0
C04106,Spain,22,Female,Silver,4/18/2023,6,2673.73,409.55,11,Electronics,Mobile,PayPal,Organic Search,2,4.8,0,3,1,0
C04107,Australia,45,Female,Free,5/12/2025,13,630.44,56.99,101,Clothing & Apparel,Mobile,UPI / Digital Wallet,Social Media,2,3.8,1,10,0,0
C04108,Canada,27,Male,Silver,9/14/2021,21,4107.96,192.81,21,Sports & Outdoors,Mobile,Debit Card,Referral,3,3.8,2,2,1,0
C04109,United States,38,Female,Silver,11/20/2023,5,1553.81,327.32,5,Clothing & Apparel,Mobile,Debit Card,Email Campaign,0,4,0,3,1,0
C04110,Brazil,37,Female,Free,12/11/2024,4,834.32,218.96,21,Electronics,Desktop,Bank Transfer,Social Media,1,4.4,0,1,1,0
C04111,United Kingdom,50,Male,Free,10/5/2025,43,3297.58,81.97,4,Electronics,Desktop,PayPal,Paid Ad,7,3.1,0,16,1,0
C04112,France,33,Female,Free,1/26/2026,10,1866.16,182.19,159,Home & Kitchen,Mobile,Credit Card,Paid Ad,1,3.7,0,5,1,0
C04113,Singapore,46,Male,Platinum,12/5/2025,14,1556.21,120.42,2,Health & Wellness,Mobile,PayPal,Social Media,4,3.9,0,7,1,0
C04114,United States,53,Male,Platinum,6/15/2025,50,5289.02,114.36,108,Automotive,Desktop,Credit Card,Organic Search,12,3.2,6,1,0,0
C04115,Spain,27,Male,Free,4/15/2025,12,1631.92,129.31,65,Clothing & Apparel,Desktop,PayPal,Social Media,3,2.9,1,9,0,0
C04116,France,44,Female,Silver,12/24/2025,23,1454.81,64.01,135,Clothing & Apparel,Mobile,Credit Card,Email Campaign,3,4.2,0,9,1,0
C04117,United States,29,Male,Free,1/24/2026,21,1124.68,48.7,68,Clothing & Apparel,Desktop,Debit Card,Paid Ad,6,4.1,0,3,1,0
C04118,South Africa,25,Male,Free,4/13/2025,22,2240.81,100.06,60,Clothing & Apparel,Mobile,Credit Card,Email Campaign,4,4.1,2,2,1,0
C04119,India,44,Male,Platinum,7/12/2023,28,1825.15,75.82,67,Clothing & Apparel,Desktop,Credit Card,Referral,8,4.5,3,1,1,0
C04120,France,37,Male,Platinum,5/1/2025,9,1423.29,168.31,30,Clothing & Apparel,Tablet,Credit Card,Social Media,2,4.7,1,10,1,0
C04121,United States,26,Female,Free,12/13/2024,41,2643.77,61.99,50,Jewelry & Accessories,Mobile,UPI / Digital Wallet,Referral,4,4.5,4,3,1,0
C04122,United States,55,Female,Free,11/21/2025,12,674.21,63.78,194,Electronics,Desktop,Debit Card,Email Campaign,0,3.9,0,3,1,0
C04123,South Korea,41,Female,Gold,11/28/2022,8,691.05,84.8,317,Clothing & Apparel,Desktop,PayPal,Email Campaign,0,3.3,0,1,0,0
C04124,United States,40,Male,Gold,2/1/2025,19,5093.92,265.14,110,Health & Wellness,Mobile,Bank Transfer,Organic Search,4,4.4,1,11,1,0
C04125,Poland,41,Female,Free,8/21/2025,9,1698.95,168.6,2,Electronics,Desktop,Credit Card,Direct,1,3.5,0,0,1,0
C04126,United States,47,Male,Silver,8/4/2023,7,264.12,44.17,67,Electronics,Mobile,Credit Card,Social Media,0,3.5,0,6,0,1
C04127,United States,59,Female,Free,11/14/2025,64,4333.31,71.7,50,Travel & Luggage,Mobile,Credit Card,Referral,14,3.6,4,9,1,0
C04128,United States,24,Female,Free,9/19/2025,60,2036.85,37.03,10,Health & Wellness,Desktop,Debit Card,Social Media,14,4.8,7,2,1,0
C04129,United States,39,Female,Free,6/16/2025,10,648.93,65.06,34,Sports & Outdoors,Mobile,Credit Card,Social Media,1,4.9,0,4,0,0
C04130,United Kingdom,18,Male,Platinum,4/21/2025,51,7623.46,173.34,180,Clothing & Apparel,Mobile,Bank Transfer,Paid Ad,4,4.5,6,3,1,0
C04131,Germany,26,Other,Platinum,10/20/2023,20,1577.61,81.16,60,Toys & Games,Mobile,PayPal,Email Campaign,1,3.6,1,1,1,0
C04132,United States,35,Male,Gold,3/22/2026,22,4040.91,177.23,207,Electronics,Mobile,Credit Card,Email Campaign,4,4.9,1,2,1,0
C04133,Singapore,33,Female,Silver,9/15/2023,18,801.17,46.7,9,Home & Kitchen,Desktop,UPI / Digital Wallet,Direct,5,4.8,1,6,0,0
C04134,South Korea,23,Female,Free,6/25/2024,23,405.95,16.97,26,Toys & Games,Desktop,Debit Card,Paid Ad,6,3.7,2,5,1,0
C04135,Germany,32,Male,Silver,2/17/2025,17,1088.61,65.41,126,Toys & Games,Mobile,Credit Card,Paid Ad,3,3.1,2,5,0,0
C04136,Australia,36,Female,Silver,10/24/2025,33,3731.14,109.35,32,Electronics,Mobile,Debit Card,Organic Search,5,4.6,3,8,1,0
C04137,United Kingdom,37,Female,Free,6/11/2023,1,69.05,66.21,76,Automotive,Mobile,PayPal,Social Media,0,3.6,0,1,0,0
C04138,Mexico,58,Female,Silver,2/9/2025,29,6979.46,240.31,199,Food & Grocery,Desktop,Credit Card,Social Media,3,4.5,3,10,0,0
C04139,Canada,18,Male,Free,6/12/2025,5,513.37,107.73,5,Food & Grocery,Mobile,Debit Card,Paid Ad,0,4.1,0,0,0,0
C04140,United States,36,Female,Free,12/18/2024,7,1031.03,149.62,44,Home & Kitchen,Desktop,Cryptocurrency,Paid Ad,2,3.6,1,3,1,0
C04141,Australia,18,Female,Free,1/28/2024,3,403.63,118.79,18,Food & Grocery,Mobile,Credit Card,Referral,0,4.6,0,8,1,0
C04142,United Kingdom,55,Female,Gold,11/26/2024,56,3206.1,57.4,5,Home & Kitchen,Tablet,Credit Card,Social Media,2,3.7,4,11,1,0
C04143,Netherlands,44,Female,Free,12/6/2024,46,3318.6,66.19,11,Books,Desktop,UPI / Digital Wallet,Organic Search,7,4.1,0,3,1,0
C04144,India,52,Male,Silver,5/18/2025,32,2009.2,58.67,20,Electronics,Tablet,Credit Card,Paid Ad,9,3.9,4,0,0,0
C04145,United States,34,Female,Free,5/24/2025,3,383.89,118.05,16,Electronics,Mobile,Credit Card,Email Campaign,0,4.1,0,1,0,0
C04146,Spain,29,Female,Silver,5/27/2021,34,1500.52,39.98,33,Travel & Luggage,Desktop,Debit Card,Organic Search,10,4.2,3,0,0,0
C04147,Canada,19,Female,Free,7/6/2025,3,342.5,117.07,74,Clothing & Apparel,Mobile,Credit Card,Paid Ad,0,4.6,0,0,1,0
C04148,United States,27,Other,Free,11/15/2025,13,841.69,58.28,16,Home & Kitchen,Mobile,Credit Card,Social Media,3,4.7,0,11,1,0
C04149,United States,22,Female,Gold,5/3/2024,9,678.69,77.64,49,Clothing & Apparel,Mobile,Credit Card,Organic Search,3,4.4,0,0,1,0
C04150,Canada,46,Male,Free,11/29/2024,6,485.94,73.28,30,Clothing & Apparel,Mobile,Credit Card,Email Campaign,0,4.1,0,5,1,0
C04151,Australia,49,Female,Silver,4/9/2025,13,1922.45,172.13,13,Jewelry & Accessories,Desktop,PayPal,Email Campaign,4,4.3,0,5,1,0
C04152,India,74,Female,Free,3/2/2024,20,968.05,55.11,134,Sports & Outdoors,Mobile,Buy Now Pay Later,Social Media,3,4,1,1,1,0
C04153,France,32,Male,Free,1/28/2024,54,4732.75,93.39,18,Office Supplies,Desktop,PayPal,Email Campaign,7,4,2,3,1,0
C04154,Australia,33,Female,Free,1/16/2024,24,5054.67,192.7,1,Health & Wellness,Mobile,PayPal,Paid Ad,9,4.6,1,7,1,0
C04155,Poland,30,Female,Free,7/18/2023,39,6209.32,145.96,52,Automotive,Mobile,Credit Card,Organic Search,4,4.4,2,0,1,0
C04156,United States,18,Male,Free,1/30/2024,6,751.35,132.54,19,Toys & Games,Desktop,Debit Card,Email Campaign,0,3.4,0,22,1,0
C04157,United States,18,Female,Silver,12/25/2021,9,373.35,41.41,93,Toys & Games,Mobile,Credit Card,Direct,2,4.1,1,2,1,0
C04158,United States,34,Female,Free,9/7/2024,36,3818.78,123.83,25,Clothing & Apparel,Mobile,Cryptocurrency,Email Campaign,11,4.1,4,5,1,0
C04159,United States,37,Female,Silver,8/9/2024,4,83.46,24.09,118,Clothing & Apparel,Mobile,Credit Card,Organic Search,0,3,0,9,1,0
C04160,India,18,Male,Free,8/27/2025,8,590.4,74.46,177,Sports & Outdoors,Mobile,Credit Card,Email Campaign,1,4.6,0,1,0,0
C04161,United States,18,Male,Platinum,8/13/2022,73,9837.21,137.68,164,Home & Kitchen,Mobile,Credit Card,Social Media,10,4.7,0,0,1,0
C04162,United States,24,Female,Gold,4/1/2026,30,6404.47,190.43,11,Electronics,Desktop,Debit Card,Paid Ad,10,3.9,3,9,1,0
C04163,Brazil,54,Male,Silver,2/26/2025,12,673.41,56.23,115,Clothing & Apparel,Mobile,UPI / Digital Wallet,Organic Search,3,4.4,1,3,0,0
C04164,United States,34,Female,Free,1/23/2026,12,1074.65,97.26,67,Electronics,Mobile,Buy Now Pay Later,Email Campaign,2,4.6,0,3,0,0
C04165,UAE,37,Female,Free,9/22/2025,1,44.69,45.6,90,Clothing & Apparel,Mobile,PayPal,Organic Search,0,4.2,0,19,1,1
C04166,India,19,Male,Free,11/21/2025,2,101.06,54.14,90,Electronics,Desktop,Debit Card,Social Media,0,4.9,0,4,0,0
C04167,United Kingdom,46,Female,Platinum,10/4/2023,6,1320.06,239.79,61,Electronics,Tablet,UPI / Digital Wallet,Email Campaign,2,4.2,0,4,0,0
C04168,Germany,31,Male,Gold,11/19/2024,1,66.9,59.53,26,Jewelry & Accessories,Mobile,PayPal,Organic Search,0,4,0,1,1,0
C04169,France,49,Male,Gold,4/8/2024,6,943.5,169.59,31,Books,Mobile,Credit Card,Organic Search,0,4.5,0,6,1,0
C04170,South Korea,27,Female,Gold,5/13/2020,4,910.74,234.17,148,Books,Mobile,Credit Card,Email Campaign,0,4.1,0,11,1,0
C04171,United Kingdom,34,Male,Silver,1/7/2024,10,1198.7,136.33,27,Food & Grocery,Mobile,Credit Card,Social Media,3,3,1,6,1,0
C04172,South Africa,18,Male,Silver,10/1/2024,3,375.43,114.36,15,Clothing & Apparel,Mobile,PayPal,Organic Search,0,4.7,0,9,0,0
C04173,United States,24,Male,Free,12/7/2025,3,188.09,67.88,22,Electronics,Desktop,Credit Card,Organic Search,0,4.9,0,4,0,0
C04174,Brazil,46,Female,Free,4/6/2020,6,795.04,120.37,12,Automotive,Mobile,UPI / Digital Wallet,Social Media,2,4.6,0,7,1,0
C04175,United States,24,Male,Free,6/26/2025,2,103.17,54.48,77,Clothing & Apparel,Desktop,Debit Card,Paid Ad,0,3.1,0,15,0,0
C04176,United States,33,Female,Free,11/20/2024,47,2014.35,47.09,66,Office Supplies,Mobile,Credit Card,Organic Search,3,4.9,2,2,1,0
C04177,United States,25,Female,Free,6/19/2022,14,376.69,29.15,14,Jewelry & Accessories,Mobile,Debit Card,Email Campaign,1,4.3,1,9,0,0
C04178,Spain,40,Male,Gold,7/9/2022,6,166,24.74,82,Clothing & Apparel,Tablet,UPI / Digital Wallet,Social Media,1,3.8,0,0,0,0
C04179,United Kingdom,33,Female,Silver,1/25/2026,1,17.94,16.75,32,Sports & Outdoors,Mobile,Debit Card,Email Campaign,0,3.6,0,6,1,0
C04180,United States,42,Male,Free,9/25/2025,17,3918.2,203.9,26,Electronics,Mobile,Debit Card,Email Campaign,3,3.9,1,4,1,0
C04181,United Kingdom,47,Male,Silver,12/27/2025,11,553.61,45,9,Electronics,Mobile,Debit Card,Direct,1,3.8,0,4,1,0
C04182,United States,30,Female,Silver,4/13/2022,11,1044.69,98.72,186,Electronics,Desktop,Buy Now Pay Later,Email Campaign,2,3.3,1,1,1,0
C04183,Netherlands,37,Female,Free,3/16/2026,4,75.48,16.51,54,Sports & Outdoors,Mobile,PayPal,Social Media,0,4.8,0,29,1,0
C04184,United States,45,Male,Free,1/26/2025,9,645.04,68.35,34,Office Supplies,Mobile,Credit Card,Referral,2,4.3,1,0,1,0
C04185,Germany,30,Male,Gold,11/11/2024,10,627.67,57.95,40,Home & Kitchen,Desktop,PayPal,Organic Search,2,3.9,0,2,1,1
C04186,Germany,63,Female,Free,3/29/2022,41,3630.93,87.99,90,Clothing & Apparel,Tablet,Debit Card,Direct,12,4.5,5,3,0,0
C04187,United States,22,Female,Free,11/23/2025,1,109.74,96.56,0,Electronics,Desktop,Credit Card,Social Media,0,3,0,1,1,1
C04188,Germany,44,Male,Silver,1/30/2026,7,473.97,79.5,12,Health & Wellness,Desktop,PayPal,Paid Ad,1,3.4,0,1,0,0
C04189,India,26,Male,Silver,2/17/2024,33,3742.96,107.99,120,Home & Kitchen,Tablet,Credit Card,Email Campaign,4,4,1,10,1,0
C04190,Spain,42,Male,Gold,4/26/2024,5,346.39,70.71,4,Health & Wellness,Desktop,Credit Card,Social Media,0,3.6,0,1,1,0
C04191,Germany,51,Male,Free,5/1/2025,2,59.71,27.17,104,Electronics,Mobile,PayPal,Email Campaign,0,4.4,0,5,1,0
C04192,UAE,55,Male,Free,7/23/2023,4,255.89,57.24,85,Electronics,Mobile,PayPal,Email Campaign,1,3.3,0,13,1,0
C04193,United States,34,Female,Silver,9/26/2023,19,930.53,48.78,9,Automotive,Mobile,Credit Card,Organic Search,7,4.3,1,0,1,0
C04194,Australia,29,Male,Free,3/7/2026,53,3114.34,52.84,1,Pet Supplies,Tablet,Credit Card,Paid Ad,3,4.1,7,6,1,0
C04195,Japan,24,Female,Free,5/12/2020,1,164.35,144.59,15,Home & Kitchen,Mobile,Credit Card,Email Campaign,0,3.9,0,1,1,0
C04196,United States,56,Female,Gold,9/20/2018,3,375.84,129.68,100,Beauty & Personal Care,Mobile,Credit Card,Social Media,0,4.9,0,4,1,0
C04197,Canada,47,Female,Silver,4/17/2023,16,871.63,48.73,92,Automotive,Mobile,Debit Card,Paid Ad,4,4,0,0,0,0
C04198,Canada,27,Female,Free,5/15/2025,66,1316.36,23.15,24,Electronics,Mobile,UPI / Digital Wallet,Direct,5,4.5,7,1,1,0
C04199,Australia,31,Male,Free,12/21/2022,21,1918.3,98.4,110,Automotive,Mobile,PayPal,Social Media,8,4.4,0,13,0,0
C04200,United States,47,Male,Free,8/2/2025,11,904.23,87.24,150,Food & Grocery,Mobile,UPI / Digital Wallet,Paid Ad,2,3.8,0,0,1,0
C04201,United States,39,Male,Free,5/2/2023,11,950.37,98.98,90,Toys & Games,Mobile,Debit Card,Email Campaign,2,4.9,0,0,0,0
C04202,United Kingdom,58,Male,Free,1/6/2023,9,168.7,16.54,61,Toys & Games,Desktop,UPI / Digital Wallet,Email Campaign,3,4.2,0,2,0,0
C04203,France,49,Female,Silver,12/16/2025,52,2402.15,49.25,130,Electronics,Mobile,UPI / Digital Wallet,Paid Ad,15,4.3,7,5,1,0
C04204,United States,20,Female,Silver,5/1/2025,7,379.39,54.05,6,Books,Mobile,Debit Card,Organic Search,2,4.7,1,11,1,0
C04205,United States,24,Female,Free,12/6/2024,39,3864.18,101.5,116,Beauty & Personal Care,Desktop,Credit Card,Social Media,11,4.3,5,4,0,0
C04206,United States,27,Female,Silver,6/25/2024,9,581.31,69.22,8,Automotive,Mobile,Credit Card,Social Media,1,3.2,0,8,1,0
C04207,Brazil,49,Female,Free,12/19/2025,6,595.68,106.21,8,Home & Kitchen,Mobile,Debit Card,Organic Search,0,3.9,0,4,1,0
C04208,Germany,41,Male,Free,3/4/2019,14,753.97,62.43,34,Toys & Games,Mobile,Credit Card,Organic Search,1,4.9,1,1,1,0
C04209,Brazil,30,Male,Free,5/24/2023,39,3282.88,81.63,33,Home & Kitchen,Mobile,Credit Card,Organic Search,7,4.9,3,1,1,0
C04210,India,36,Male,Free,3/1/2025,5,316.16,61.16,158,Toys & Games,Desktop,Debit Card,Email Campaign,1,4,0,4,1,0
C04211,Germany,32,Female,Free,1/27/2025,3,95.45,33.49,33,Electronics,Mobile,UPI / Digital Wallet,Organic Search,0,3.9,0,10,1,0
C04212,Canada,28,Male,Silver,9/21/2025,4,100.74,28.56,59,Electronics,Mobile,Debit Card,Paid Ad,0,4.2,0,0,1,1
C04213,Mexico,20,Female,Gold,4/3/2025,13,855.13,58.17,135,Home & Kitchen,Desktop,Credit Card,Referral,1,3.9,0,12,0,0
C04214,Netherlands,30,Male,Silver,7/3/2024,18,89.99,5.82,38,Home & Kitchen,Mobile,PayPal,Social Media,3,3.3,0,0,1,0
C04215,Canada,52,Male,Silver,6/13/2024,8,148.64,20.3,10,Electronics,Desktop,UPI / Digital Wallet,Email Campaign,3,3.5,1,18,1,0
C04216,United States,18,Male,Platinum,9/12/2022,21,1350.76,57.76,23,Electronics,Desktop,UPI / Digital Wallet,Referral,3,4.2,0,2,1,0
C04217,United States,43,Female,Free,1/13/2026,2,87.9,45.67,17,Clothing & Apparel,Mobile,UPI / Digital Wallet,Direct,0,3.7,0,0,1,0
C04218,United States,44,Female,Silver,6/13/2025,5,201.53,39.62,37,Clothing & Apparel,Mobile,Debit Card,Paid Ad,1,4.8,0,0,1,1
C04219,France,62,Other,Gold,12/20/2024,12,963.66,71.95,74,Toys & Games,Mobile,PayPal,Organic Search,3,4.5,0,3,1,0
C04220,United Kingdom,36,Male,Free,12/25/2019,4,1007.04,223.32,51,Beauty & Personal Care,Tablet,PayPal,Email Campaign,0,4.2,0,16,1,0
C04221,South Africa,41,Male,Free,5/10/2024,17,842.88,52.99,96,Home & Kitchen,Desktop,Debit Card,Direct,2,4.6,0,7,1,0
C04222,United States,18,Male,Free,3/6/2022,14,428.56,32.01,140,Clothing & Apparel,Mobile,PayPal,Organic Search,2,4.9,0,6,1,0
C04223,Germany,25,Female,Platinum,5/27/2025,2,238.26,126.25,47,Sports & Outdoors,Mobile,UPI / Digital Wallet,Paid Ad,0,3.6,0,4,1,0
C04224,Mexico,42,Female,Free,1/14/2026,21,1044.51,50.76,24,Toys & Games,Tablet,Credit Card,Social Media,4,4.3,0,1,0,0
C04225,India,32,Male,Free,1/12/2024,12,757.48,56.31,3,Electronics,Mobile,Credit Card,Paid Ad,2,3.8,0,2,1,0
C04226,Canada,30,Female,Free,4/1/2024,14,506.66,41.2,139,Toys & Games,Mobile,Cryptocurrency,Organic Search,2,3.6,0,0,1,1
C04227,Italy,38,Male,Free,7/21/2025,24,5325.73,218.23,44,Electronics,Mobile,Credit Card,Paid Ad,5,4.2,1,4,0,0
C04228,Singapore,53,Female,Free,7/10/2024,5,2175.22,464.95,110,Home & Kitchen,Mobile,Buy Now Pay Later,Social Media,0,3.7,0,3,1,0
C04229,UAE,33,Female,Gold,8/15/2024,24,633.93,29,19,Books,Desktop,Bank Transfer,Social Media,6,3.8,0,6,1,0
C04230,Germany,42,Female,Free,3/10/2025,46,1586.14,32.92,75,Clothing & Apparel,Mobile,Bank Transfer,Organic Search,17,4.6,2,11,1,0
C04231,Japan,48,Male,Silver,12/16/2025,5,299.13,52.67,246,Pet Supplies,Desktop,Credit Card,Social Media,1,4.3,0,0,1,0
C04232,United Kingdom,41,Female,Silver,1/2/2026,14,141.35,9.78,61,Electronics,Mobile,Debit Card,Paid Ad,2,4.6,0,2,1,0
C04233,United States,36,Female,Silver,9/27/2025,5,173.37,37.23,3,Health & Wellness,Mobile,Credit Card,Email Campaign,0,2.6,0,2,1,0
C04234,Germany,64,Male,Free,4/20/2025,2,108.66,63.62,23,Health & Wellness,Tablet,Bank Transfer,Email Campaign,0,3.5,0,0,0,1
C04235,United States,64,Female,Platinum,6/14/2024,7,826.5,116.64,90,Beauty & Personal Care,Tablet,Buy Now Pay Later,Paid Ad,1,4.3,0,1,1,0
C04236,United States,22,Male,Free,4/4/2025,25,460.32,19.37,14,Sports & Outdoors,Mobile,Debit Card,Organic Search,2,4.5,1,3,0,0
C04237,United States,28,Male,Free,6/20/2023,16,608.69,33.67,63,Electronics,Desktop,Buy Now Pay Later,Organic Search,3,3.4,1,5,0,0
C04238,France,29,Female,Free,8/22/2023,28,2362.98,86.61,81,Electronics,Mobile,Debit Card,Email Campaign,5,3.6,2,4,0,0
C04239,United Kingdom,47,Male,Free,12/16/2025,5,660.67,127.94,1,Toys & Games,Mobile,UPI / Digital Wallet,Organic Search,1,3.6,0,5,1,0
C04240,India,18,Female,Free,9/19/2025,35,2576.24,66.2,1,Beauty & Personal Care,Tablet,UPI / Digital Wallet,Organic Search,11,3.2,0,2,1,0
C04241,Canada,45,Female,Free,10/11/2019,21,1420.17,77.29,59,Home & Kitchen,Desktop,Debit Card,Paid Ad,6,4.5,0,18,0,0
C04242,India,45,Male,Free,4/11/2024,13,855.29,65.74,10,Pet Supplies,Desktop,Credit Card,Social Media,4,3.9,1,0,0,0
C04243,South Africa,33,Female,Free,6/20/2021,48,4824.49,105.49,34,Books,Desktop,Credit Card,Paid Ad,3,4.7,5,0,1,1
C04244,United Kingdom,51,Female,Gold,12/17/2023,22,3106.85,152.99,22,Toys & Games,Tablet,Credit Card,Paid Ad,1,3.3,2,0,0,0
C04245,Brazil,28,Female,Platinum,7/25/2022,31,800.69,24.23,18,Home & Kitchen,Desktop,Debit Card,Referral,3,3.3,1,6,1,0
C04246,United Kingdom,37,Female,Free,8/18/2022,20,429.38,23.29,0,Home & Kitchen,Desktop,UPI / Digital Wallet,Social Media,4,3.8,1,1,0,0
C04247,Australia,54,Male,Free,9/20/2025,7,446.94,57.46,121,Clothing & Apparel,Desktop,Bank Transfer,Social Media,0,3.8,0,0,1,1
C04248,United Kingdom,47,Other,Free,5/23/2025,19,2663.09,124.26,77,Food & Grocery,Mobile,PayPal,Social Media,7,3.9,2,2,1,0
C04249,Canada,35,Male,Silver,1/25/2022,22,624.44,31.14,94,Office Supplies,Mobile,Credit Card,Paid Ad,8,3.3,1,4,1,0
C04250,Turkey,30,Female,Silver,3/7/2024,3,100.33,31.78,46,Automotive,Desktop,Credit Card,Email Campaign,0,3.6,0,1,1,0
C04251,India,20,Male,Platinum,8/13/2023,24,12740.31,466.88,11,Automotive,Mobile,Debit Card,Referral,3,3.8,0,0,1,0
C04252,United States,31,Other,Gold,1/15/2024,4,115.36,31.56,3,Sports & Outdoors,Desktop,Credit Card,Organic Search,0,5,0,0,1,0
C04253,United States,69,Female,Silver,1/16/2026,2,152.94,76.83,17,Electronics,Mobile,UPI / Digital Wallet,Social Media,0,4.2,0,2,0,0
C04254,India,24,Female,Free,2/18/2024,15,1801.21,133.52,43,Clothing & Apparel,Tablet,Debit Card,Social Media,5,4.1,0,3,1,0
C04255,United States,38,Male,Free,2/24/2025,2,49.77,26.53,49,Health & Wellness,Desktop,UPI / Digital Wallet,Organic Search,0,4.1,0,4,1,1
C04256,United States,53,Male,Gold,8/26/2025,38,849.6,24.78,23,Home & Kitchen,Mobile,Debit Card,Paid Ad,8,3.9,4,1,0,0
C04257,United States,36,Female,Silver,8/7/2025,11,2881.04,288.82,135,Automotive,Mobile,UPI / Digital Wallet,Paid Ad,4,4.3,0,11,0,0
C04258,United States,27,Male,Free,2/12/2026,5,306.99,59.48,27,Jewelry & Accessories,Mobile,Credit Card,Email Campaign,1,3.8,0,1,0,0
C04259,United States,34,Male,Free,4/10/2025,27,1111.32,38.36,31,Travel & Luggage,Mobile,Credit Card,Social Media,5,4.8,3,7,1,0
C04260,Germany,54,Female,Silver,10/31/2025,12,1038.42,93.6,4,Home & Kitchen,Desktop,Credit Card,Organic Search,0,3.8,1,0,0,0
C04261,Germany,40,Female,Silver,4/14/2025,3,346.03,103.81,51,Health & Wellness,Mobile,PayPal,Social Media,0,4.6,0,2,1,0
C04262,United States,33,Female,Silver,10/3/2024,38,1003.46,28.9,17,Sports & Outdoors,Tablet,Credit Card,Email Campaign,12,3.7,2,14,0,0
C04263,United Kingdom,33,Male,Silver,10/15/2025,43,2180.05,48.55,24,Toys & Games,Tablet,PayPal,Email Campaign,3,4.2,5,5,1,0
C04264,United States,45,Female,Free,11/10/2024,7,430.84,69.89,18,Electronics,Tablet,Credit Card,Paid Ad,0,4.5,0,0,1,0
C04265,United States,33,Female,Free,2/16/2025,18,468.21,25.08,54,Electronics,Desktop,UPI / Digital Wallet,Paid Ad,4,3.8,2,0,0,0
C04266,Canada,32,Male,Free,10/29/2024,1,260.74,236.23,222,Health & Wellness,Desktop,Credit Card,Social Media,0,3.9,0,5,1,1
C04267,Brazil,44,Male,Free,9/17/2024,53,1139.7,21.38,28,Clothing & Apparel,Desktop,PayPal,Organic Search,17,4.4,0,7,0,0
C04268,Poland,49,Female,Free,11/21/2025,1,130.11,119.23,68,Electronics,Mobile,PayPal,Email Campaign,0,4.5,0,3,0,0
C04269,Canada,18,Female,Free,5/29/2024,3,213.82,77.47,10,Jewelry & Accessories,Mobile,Buy Now Pay Later,Email Campaign,0,4.5,0,2,1,0
C04270,Germany,27,Male,Free,4/20/2025,11,341.85,33.39,5,Travel & Luggage,Mobile,Bank Transfer,Organic Search,1,3.8,0,7,1,0
C04271,United States,47,Male,Free,12/28/2024,58,3841.86,63.48,111,Electronics,Tablet,Credit Card,Social Media,6,4.7,1,4,1,0
C04272,Mexico,28,Male,Silver,2/28/2020,5,146.9,31.16,6,Books,Mobile,Debit Card,Organic Search,1,4.1,0,29,1,1
C04273,South Korea,39,Female,Gold,2/8/2023,5,319.39,70.86,64,Books,Mobile,Credit Card,Email Campaign,1,4.8,0,16,0,0
C04274,India,47,Female,Silver,3/21/2026,11,281.18,29.43,111,Food & Grocery,Mobile,Debit Card,Organic Search,1,4.7,0,1,1,0
C04275,Mexico,18,Female,Free,4/1/2026,31,2541.86,76.39,13,Electronics,Mobile,Buy Now Pay Later,Organic Search,5,4.5,0,5,1,0
C04276,Brazil,41,Female,Free,11/18/2025,5,102.97,21.99,3,Clothing & Apparel,Desktop,Credit Card,Organic Search,1,4.4,0,5,0,0
C04277,Australia,39,Male,Free,3/8/2025,9,411.92,41.75,35,Sports & Outdoors,Mobile,UPI / Digital Wallet,Paid Ad,3,4.6,0,26,1,0
C04278,Germany,36,Female,Silver,9/25/2025,28,3974.18,134.15,5,Food & Grocery,Mobile,Credit Card,Referral,6,3.8,1,5,0,0
C04279,Brazil,45,Male,Gold,10/2/2024,1,105.77,109.62,99,Travel & Luggage,Desktop,Credit Card,Paid Ad,0,4.6,0,9,0,1
C04280,Japan,35,Male,Free,3/30/2024,15,366.8,22.28,1,Electronics,Desktop,Credit Card,Direct,5,4.3,0,15,1,0
C04281,South Africa,26,Male,Free,2/22/2017,4,648.41,149.15,43,Pet Supplies,Mobile,Buy Now Pay Later,Organic Search,0,3.8,0,0,0,0
C04282,United States,34,Female,Silver,11/1/2024,7,494.86,71.71,14,Beauty & Personal Care,Tablet,Debit Card,Email Campaign,2,4.4,0,0,0,0
C04283,South Korea,35,Male,Silver,5/5/2025,19,1594.62,85.73,7,Clothing & Apparel,Mobile,Credit Card,Email Campaign,5,4.3,0,0,1,0
C04284,United States,51,Female,Gold,8/9/2021,36,2845.27,71.36,20,Automotive,Mobile,PayPal,Organic Search,11,3.8,1,1,0,0
C04285,United States,21,Male,Free,7/1/2025,11,191.81,19.11,24,Food & Grocery,Tablet,Debit Card,Social Media,3,4.3,0,1,1,0
C04286,United States,34,Male,Platinum,1/30/2023,1,80.51,83.58,39,Sports & Outdoors,Mobile,Debit Card,Organic Search,0,4.6,0,4,1,1
C04287,United States,39,Female,Free,7/29/2025,2,52.65,30.89,53,Sports & Outdoors,Desktop,Credit Card,Direct,0,4.5,0,4,1,0
C04288,United States,31,Male,Free,11/25/2025,2,30.06,17.11,220,Home & Kitchen,Desktop,Buy Now Pay Later,Organic Search,0,4.1,0,3,0,1
C04289,United Kingdom,32,Male,Platinum,2/19/2025,17,1372.97,76.98,36,Health & Wellness,Mobile,UPI / Digital Wallet,Social Media,6,3.8,2,5,1,0
C04290,Canada,42,Male,Silver,6/29/2025,26,1289.14,54.98,23,Electronics,Desktop,Credit Card,Paid Ad,8,3.7,1,0,0,0
C04291,Australia,36,Female,Free,2/23/2025,1,122.6,129.58,5,Home & Kitchen,Mobile,PayPal,Direct,0,4.7,0,7,1,0
C04292,France,55,Female,Free,2/1/2026,40,1694.51,43.51,139,Electronics,Mobile,Credit Card,Organic Search,13,4.1,1,4,1,0
C04293,United Kingdom,43,Male,Free,3/23/2025,2,99.09,56.32,68,Books,Mobile,Bank Transfer,Organic Search,0,4.2,0,8,0,0
C04294,United Kingdom,18,Female,Gold,1/17/2026,1,82.51,86.81,36,Home & Kitchen,Mobile,Debit Card,Social Media,0,4.4,0,0,1,1
C04295,Germany,20,Female,Free,6/27/2025,23,1308.07,57.14,121,Clothing & Apparel,Mobile,Debit Card,Referral,1,4.8,1,7,0,0
C04296,Mexico,33,Male,Free,6/15/2023,10,1662.18,165.88,97,Health & Wellness,Mobile,Debit Card,Organic Search,2,4.3,0,2,1,0
C04297,Canada,31,Female,Silver,9/23/2025,5,334.42,65.05,8,Electronics,Desktop,Credit Card,Direct,1,4.5,0,2,0,0
C04298,India,41,Female,Gold,2/28/2026,13,2920.49,204.03,97,Books,Tablet,PayPal,Organic Search,4,4.5,1,5,1,0
C04299,India,18,Male,Free,11/23/2024,2,131.78,64.11,44,Electronics,Desktop,Debit Card,Paid Ad,0,3.8,0,7,1,0
C04300,Australia,33,Female,Free,3/3/2026,17,2444.11,142.4,26,Clothing & Apparel,Mobile,Credit Card,Direct,1,4.7,0,4,1,0
C04301,Mexico,39,Female,Free,9/11/2024,3,168.93,65.71,31,Clothing & Apparel,Mobile,Buy Now Pay Later,Organic Search,0,4.4,0,3,0,0
C04302,France,38,Male,Free,8/14/2025,30,2350.71,74.98,38,Travel & Luggage,Mobile,Credit Card,Email Campaign,6,4.4,0,1,0,0
C04303,India,58,Female,Gold,1/4/2025,6,1835.32,310.58,75,Automotive,Desktop,Debit Card,Paid Ad,1,4.7,0,2,0,0
C04304,India,51,Male,Free,4/5/2025,16,1317.52,86.69,67,Food & Grocery,Mobile,Credit Card,Organic Search,5,3.1,0,0,1,0
C04305,Brazil,22,Male,Free,2/20/2026,8,345.27,41.87,16,Home & Kitchen,Mobile,Credit Card,Paid Ad,1,4.1,0,11,0,0
C04306,France,26,Male,Free,3/3/2026,1,53.07,54.74,7,Sports & Outdoors,Mobile,Buy Now Pay Later,Email Campaign,0,4,0,3,1,0
C04307,Turkey,42,Female,Free,2/4/2025,8,468.14,55.45,0,Sports & Outdoors,Desktop,Credit Card,Social Media,2,4.6,0,8,1,0
C04308,United Kingdom,41,Male,Free,1/20/2019,15,4080.52,268.58,65,Electronics,Mobile,PayPal,Social Media,5,4.6,1,0,1,0
C04309,India,39,Male,Silver,3/25/2026,2,23.9,10.5,51,Electronics,Mobile,Credit Card,Social Media,0,4.9,0,10,1,0
C04310,South Korea,36,Female,Free,9/9/2025,24,258.51,10.35,10,Sports & Outdoors,Mobile,Credit Card,Paid Ad,7,4.9,1,3,1,0
C04311,Sweden,18,Male,Gold,11/30/2022,6,1072.34,172.73,10,Home & Kitchen,Mobile,Debit Card,Organic Search,1,4.6,0,5,0,0
C04312,United States,18,Female,Free,2/25/2025,4,75.53,19.79,20,Home & Kitchen,Mobile,PayPal,Paid Ad,0,4.5,0,7,1,0
C04313,United States,18,Male,Gold,8/2/2025,1,57.19,59.17,1,Sports & Outdoors,Mobile,Credit Card,Organic Search,0,3.9,0,3,0,0
C04314,United States,46,Female,Gold,3/13/2023,1,29.06,27.94,16,Clothing & Apparel,Mobile,Credit Card,Organic Search,0,4,0,2,0,1
C04315,UAE,49,Female,Platinum,12/31/2025,5,450.2,101.66,133,Books,Desktop,Credit Card,Organic Search,1,4.2,0,1,0,0
C04316,United States,57,Female,Free,5/10/2025,28,2020.5,73.61,10,Sports & Outdoors,Mobile,Credit Card,Social Media,3,4.3,1,0,0,0
C04317,Canada,53,Male,Gold,1/19/2025,12,3066.15,223.78,82,Office Supplies,Mobile,PayPal,Organic Search,0,4.3,1,8,1,0
C04318,United States,40,Male,Free,10/14/2022,14,2578.04,165.6,29,Clothing & Apparel,Tablet,PayPal,Social Media,1,3.5,0,4,1,0
C04319,United States,19,Female,Free,8/3/2025,12,1180.36,115.11,100,Clothing & Apparel,Desktop,Credit Card,Email Campaign,4,4,1,6,1,0
C04320,Canada,29,Male,Gold,11/12/2023,6,424.87,73.91,49,Beauty & Personal Care,Tablet,PayPal,Organic Search,1,4.1,0,2,0,0
C04321,India,46,Female,Gold,10/12/2025,11,505.43,45.32,155,Pet Supplies,Tablet,PayPal,Referral,3,3.9,1,0,0,0
C04322,United States,31,Female,Free,9/27/2024,2,77.99,45.18,65,Sports & Outdoors,Mobile,Credit Card,Email Campaign,0,4.7,0,6,0,0
C04323,United States,37,Female,Free,7/17/2023,52,3595.18,68.09,97,Sports & Outdoors,Mobile,Cryptocurrency,Email Campaign,11,4.7,4,5,1,0
C04324,United States,29,Female,Free,5/5/2020,27,1503.95,57.67,188,Electronics,Desktop,Cryptocurrency,Email Campaign,5,4,1,4,1,1
C04325,United States,50,Female,Free,6/15/2025,37,1005.31,30.04,9,Jewelry & Accessories,Desktop,Credit Card,Social Media,8,4.4,4,15,0,0
C04326,Singapore,18,Other,Free,10/6/2025,26,3589.81,136.64,31,Automotive,Desktop,Credit Card,Referral,1,3.6,3,2,0,0
C04327,Italy,32,Male,Platinum,11/7/2025,7,215.5,28.35,66,Clothing & Apparel,Tablet,Debit Card,Social Media,2,3.8,0,10,1,0
C04328,United States,25,Female,Free,9/17/2022,17,785.17,51.77,62,Sports & Outdoors,Mobile,Buy Now Pay Later,Social Media,4,4.3,0,0,1,0
C04329,Spain,22,Male,Gold,2/22/2025,25,1246.8,44.8,134,Office Supplies,Mobile,Buy Now Pay Later,Email Campaign,7,4,3,0,1,0
C04330,Brazil,30,Female,Free,5/27/2025,9,1261.12,153.27,46,Clothing & Apparel,Mobile,Credit Card,Email Campaign,1,4.3,0,0,1,0
C04331,United States,26,Male,Free,7/31/2023,2,483.28,261.44,7,Food & Grocery,Tablet,Credit Card,Social Media,0,4.6,0,8,1,1
C04332,Singapore,21,Male,Free,7/15/2021,9,1420.71,162.56,33,Beauty & Personal Care,Mobile,Debit Card,Social Media,2,4.3,0,5,1,0
C04333,India,43,Female,Free,3/22/2026,14,557.14,41.39,2,Clothing & Apparel,Mobile,PayPal,Paid Ad,1,4.4,1,0,1,0
C04334,France,37,Female,Silver,1/5/2023,9,204.26,25.24,36,Beauty & Personal Care,Desktop,Debit Card,Direct,3,4.8,0,0,0,0
C04335,Poland,18,Male,Platinum,2/21/2025,3,273.02,100.92,93,Books,Desktop,Credit Card,Organic Search,1,2.6,0,0,1,0
C04336,Italy,49,Male,Free,12/3/2025,2,120.97,56.59,15,Pet Supplies,Mobile,Bank Transfer,Organic Search,0,4.3,0,4,0,0
C04337,Brazil,30,Female,Silver,3/19/2026,23,2702.77,136.97,15,Clothing & Apparel,Desktop,Bank Transfer,Social Media,5,4,2,0,0,0
C04338,Singapore,48,Male,Gold,3/19/2025,29,6896.82,233.07,31,Electronics,Mobile,Credit Card,Direct,10,3,1,0,1,1
C04339,South Africa,18,Male,Free,11/30/2024,19,2670.44,156.57,160,Home & Kitchen,Desktop,Buy Now Pay Later,Referral,6,4.8,2,3,1,0
C04340,Japan,31,Male,Free,7/25/2025,6,331.5,60.89,4,Toys & Games,Desktop,Credit Card,Direct,1,4.4,0,1,1,0
C04341,United States,49,Female,Free,11/16/2024,24,1994.83,78.54,15,Electronics,Tablet,Credit Card,Email Campaign,4,2.5,3,3,0,0
C04342,Australia,55,Male,Silver,12/14/2024,11,3119.18,275.74,23,Books,Mobile,PayPal,Organic Search,4,4.2,1,15,0,0
C04343,Sweden,29,Female,Free,3/10/2022,3,679.51,217.72,7,Toys & Games,Mobile,Debit Card,Referral,0,3.9,0,10,1,0
C04344,India,44,Male,Free,11/19/2025,4,396.29,86.3,3,Automotive,Mobile,PayPal,Email Campaign,0,4.9,0,4,1,0
C04345,Italy,44,Female,Free,7/12/2022,6,510.03,76.97,58,Sports & Outdoors,Desktop,Debit Card,Social Media,1,3.5,0,2,0,0
C04346,United States,32,Male,Free,2/20/2026,1,43.06,48.06,108,Automotive,Desktop,Credit Card,Organic Search,0,3.4,0,20,0,0
C04347,United States,30,Male,Gold,11/24/2022,21,1981.42,90.38,63,Office Supplies,Mobile,Credit Card,Email Campaign,6,4.6,1,1,0,0
C04348,Australia,38,Female,Silver,3/6/2025,56,9856.99,168.1,37,Office Supplies,Desktop,Debit Card,Email Campaign,16,4.4,1,0,1,0
C04349,United Kingdom,41,Female,Free,10/31/2022,5,191,35.18,32,Electronics,Mobile,PayPal,Organic Search,1,3.8,0,4,1,0
C04350,India,49,Female,Silver,9/18/2024,3,219.89,70.2,35,Home & Kitchen,Mobile,Credit Card,Email Campaign,0,4.8,0,4,1,0
C04351,Japan,33,Male,Free,4/11/2019,4,185.9,40.61,246,Clothing & Apparel,Desktop,Debit Card,Social Media,1,4.2,0,1,1,1
C04352,Germany,30,Female,Platinum,3/11/2024,8,1549.45,193.2,60,Sports & Outdoors,Desktop,Debit Card,Referral,1,3.6,0,1,1,0
C04353,United Kingdom,31,Female,Free,11/17/2023,16,636.36,35.5,126,Clothing & Apparel,Desktop,Debit Card,Social Media,6,4.1,0,7,1,0
C04354,United States,46,Male,Gold,6/6/2024,32,5440.07,152.98,20,Beauty & Personal Care,Mobile,PayPal,Direct,5,4.6,4,4,1,0
C04355,Australia,31,Male,Free,5/13/2024,38,3048.91,70.24,20,Clothing & Apparel,Mobile,Debit Card,Social Media,6,4.7,2,0,1,0
C04356,United Kingdom,46,Male,Free,2/14/2026,25,1080.13,47.18,77,Electronics,Mobile,Debit Card,Referral,3,4.4,3,2,0,0
C04357,United States,50,Female,Free,12/19/2023,4,211.57,60.1,136,Books,Mobile,PayPal,Social Media,0,3.9,0,1,0,0
C04358,India,35,Male,Silver,1/10/2026,18,2392.1,118.19,28,Clothing & Apparel,Mobile,Credit Card,Social Media,5,4.6,1,0,1,1
C04359,United States,30,Female,Free,5/14/2025,4,377.21,93.92,30,Home & Kitchen,Mobile,PayPal,Direct,1,4.8,0,2,1,0
C04360,United States,33,Female,Free,3/8/2026,46,6412.91,148.4,33,Electronics,Tablet,Buy Now Pay Later,Email Campaign,7,4.6,3,6,0,0
C04361,United States,28,Male,Gold,3/19/2025,17,3313.87,176.06,31,Clothing & Apparel,Desktop,Credit Card,Paid Ad,3,4.7,1,8,1,0
C04362,United Kingdom,33,Female,Free,12/14/2022,12,380.46,29.24,100,Books,Tablet,UPI / Digital Wallet,Social Media,0,4.4,1,1,0,0
C04363,United States,37,Male,Gold,11/8/2023,14,3139.34,258.18,26,Clothing & Apparel,Tablet,PayPal,Referral,0,2.6,1,7,0,0
C04364,Brazil,29,Male,Free,10/4/2025,13,3645.69,298.11,170,Sports & Outdoors,Mobile,Credit Card,Social Media,1,4.5,1,7,1,0
C04365,Australia,32,Female,Free,6/2/2025,10,175.84,18.69,35,Health & Wellness,Mobile,PayPal,Paid Ad,1,4.1,0,2,0,0
C04366,Turkey,25,Female,Free,2/9/2026,16,543.61,35.81,14,Beauty & Personal Care,Mobile,Bank Transfer,Email Campaign,5,4.5,1,2,0,0
C04367,Japan,37,Male,Free,9/27/2024,35,2691.96,83.28,10,Electronics,Mobile,Credit Card,Organic Search,9,4.8,0,16,0,0
C04368,India,49,Male,Free,7/29/2024,16,1009.6,73.51,41,Books,Desktop,Buy Now Pay Later,Email Campaign,1,3.7,0,15,0,0
C04369,India,33,Male,Free,9/12/2025,5,128.21,29.05,141,Health & Wellness,Mobile,Buy Now Pay Later,Paid Ad,0,4.2,0,6,0,0
C04370,United States,35,Female,Silver,4/1/2025,13,2932.69,236.54,174,Home & Kitchen,Mobile,UPI / Digital Wallet,Social Media,2,2,0,3,1,0
C04371,United States,39,Female,Free,1/31/2024,3,174.75,58.96,3,Electronics,Mobile,Credit Card,Email Campaign,0,3.7,0,4,1,0
C04372,Brazil,25,Female,Free,1/20/2026,3,87.82,32.96,64,Sports & Outdoors,Tablet,Bank Transfer,Referral,0,4.2,0,5,0,0
C04373,United States,24,Male,Free,9/1/2024,10,447.38,44.78,27,Clothing & Apparel,Desktop,PayPal,Organic Search,2,4.2,0,3,0,0
C04374,United States,35,Female,Free,4/2/2025,10,377.23,34.74,28,Pet Supplies,Mobile,Credit Card,Email Campaign,3,4.3,1,23,1,0
C04375,France,53,Male,Free,1/18/2022,12,633.82,51.6,41,Food & Grocery,Desktop,Debit Card,Paid Ad,3,3.1,0,0,1,0
C04376,United States,52,Male,Silver,1/21/2026,1,162.88,161.86,262,Books,Mobile,Debit Card,Social Media,0,4.6,0,0,1,1
C04377,United Kingdom,32,Male,Free,3/8/2024,14,1528.31,104.82,30,Electronics,Tablet,Credit Card,Email Campaign,3,4.8,0,8,1,0
C04378,United States,24,Female,Silver,12/24/2025,6,50.89,9.03,16,Electronics,Mobile,Credit Card,Referral,1,3.7,0,0,0,0
C04379,United States,24,Female,Free,10/2/2024,10,676.1,69.29,28,Electronics,Mobile,Credit Card,Organic Search,0,4.5,1,10,0,0
C04380,United States,40,Female,Gold,12/8/2025,6,67.81,12.31,3,Books,Desktop,Credit Card,Social Media,1,3.5,0,8,1,0
C04381,United States,62,Female,Free,4/1/2025,2,218.03,104.72,158,Travel & Luggage,Mobile,Credit Card,Social Media,0,4.1,0,3,1,0
C04382,United States,43,Male,Silver,12/29/2024,13,1693.64,128.19,45,Automotive,Mobile,PayPal,Social Media,3,4.3,1,1,1,0
C04383,Mexico,18,Female,Free,7/12/2025,1,106.83,96.52,7,Electronics,Tablet,Debit Card,Organic Search,0,4.1,0,7,1,0
C04384,United Kingdom,43,Female,Platinum,3/23/2026,8,589.97,67.44,126,Sports & Outdoors,Tablet,Debit Card,Email Campaign,0,4.2,1,3,0,0
C04385,Germany,34,Female,Free,12/9/2024,8,320.27,38.3,10,Jewelry & Accessories,Desktop,Debit Card,Social Media,1,4,0,0,0,0
C04386,United Kingdom,18,Female,Gold,3/23/2026,2,603.65,291.12,96,Clothing & Apparel,Mobile,Credit Card,Organic Search,0,3.9,0,0,1,0
C04387,Germany,41,Male,Free,9/8/2025,51,4577.68,84.38,211,Beauty & Personal Care,Tablet,Debit Card,Direct,5,4.7,6,0,1,1
C04388,United States,39,Male,Free,12/19/2025,17,1382.73,92.97,52,Books,Mobile,UPI / Digital Wallet,Social Media,6,4.3,1,1,1,0
C04389,India,44,Female,Free,1/17/2026,22,128.88,6.87,88,Toys & Games,Desktop,UPI / Digital Wallet,Organic Search,4,4.2,1,2,1,0
C04390,United States,37,Male,Free,6/21/2025,8,897.97,125.37,49,Home & Kitchen,Mobile,PayPal,Email Campaign,3,4.6,0,0,1,0
C04391,United Kingdom,29,Female,Gold,5/2/2025,17,606.19,38.11,6,Books,Mobile,Credit Card,Social Media,5,4.4,2,6,1,0
C04392,United States,31,Female,Free,9/18/2024,9,1066.72,113.26,14,Sports & Outdoors,Mobile,Credit Card,Referral,2,4.5,0,1,1,0
C04393,United Kingdom,31,Male,Free,11/8/2022,27,671.97,28.26,87,Beauty & Personal Care,Tablet,Credit Card,Paid Ad,4,4.2,0,8,0,0
C04394,Canada,43,Female,Gold,6/4/2025,34,3241.73,104.8,128,Clothing & Apparel,Mobile,PayPal,Email Campaign,13,4.4,0,13,1,0
C04395,South Korea,45,Male,Gold,1/26/2023,37,1270.59,39.3,272,Books,Mobile,Credit Card,Social Media,13,4,2,5,0,0
C04396,Germany,28,Male,Free,9/24/2024,15,417.06,30.78,154,Pet Supplies,Desktop,PayPal,Referral,4,4.5,0,2,0,1
C04397,United States,28,Male,Silver,9/30/2025,5,224.31,52.62,141,Sports & Outdoors,Mobile,Credit Card,Social Media,1,2.6,0,4,0,0
C04398,South Africa,29,Male,Gold,1/9/2025,64,9436.41,162.86,43,Clothing & Apparel,Mobile,Debit Card,Email Campaign,20,4.4,6,1,1,0
C04399,United States,40,Male,Silver,7/23/2024,5,676.87,117.98,22,Automotive,Mobile,Bank Transfer,Social Media,1,3.8,0,6,0,0
C04400,United States,40,Female,Gold,5/31/2023,5,397.25,91.63,75,Electronics,Mobile,Credit Card,Organic Search,1,4.2,0,0,0,0
C04401,Canada,28,Male,Free,1/3/2023,31,1706.15,58.76,38,Beauty & Personal Care,Desktop,UPI / Digital Wallet,Social Media,11,4,0,5,0,0
C04402,Spain,35,Female,Silver,8/31/2023,47,1162.05,26.81,5,Automotive,Mobile,Credit Card,Organic Search,15,4.1,5,6,1,0
C04403,Australia,56,Female,Gold,10/31/2025,23,3603.84,149.81,79,Jewelry & Accessories,Mobile,PayPal,Social Media,6,4.4,2,9,1,0
C04404,Canada,29,Male,Gold,6/16/2023,9,861.49,89.09,48,Home & Kitchen,Desktop,UPI / Digital Wallet,Social Media,3,4.4,1,1,0,0
C04405,United States,32,Male,Free,12/3/2025,10,390.14,37.68,74,Electronics,Mobile,Debit Card,Organic Search,1,4.4,0,7,1,0
C04406,Australia,29,Male,Free,3/3/2026,30,3423.66,113.8,10,Toys & Games,Mobile,PayPal,Social Media,2,4.3,0,4,1,0
C04407,Canada,37,Female,Platinum,1/17/2025,12,7078.83,548.67,76,Electronics,Mobile,Credit Card,Paid Ad,4,4.7,0,1,0,0
C04408,Australia,32,Female,Free,3/27/2025,5,267.75,50.74,48,Clothing & Apparel,Desktop,PayPal,Email Campaign,0,3.8,0,0,1,1
C04409,United Kingdom,22,Male,Silver,9/4/2018,3,211.57,78.21,52,Health & Wellness,Desktop,Credit Card,Organic Search,0,4.6,0,6,1,0
C04410,United States,22,Male,Free,7/4/2025,43,6391.11,148.27,9,Pet Supplies,Desktop,UPI / Digital Wallet,Email Campaign,4,4.6,4,0,1,0
C04411,United States,38,Female,Free,2/18/2026,37,10392.95,303.8,5,Home & Kitchen,Mobile,Credit Card,Email Campaign,3,3.8,5,0,0,0
C04412,Germany,30,Female,Free,5/5/2025,3,122.69,44.51,49,Home & Kitchen,Mobile,PayPal,Paid Ad,0,3.8,0,0,1,0
C04413,United States,31,Male,Silver,5/1/2024,8,428.33,48.47,43,Office Supplies,Mobile,PayPal,Social Media,3,3.7,0,0,1,0
C04414,United States,65,Male,Free,10/11/2019,8,250.68,27.85,124,Electronics,Desktop,PayPal,Organic Search,2,4.9,1,0,0,0
C04415,United States,45,Male,Silver,7/30/2017,21,1573.17,84.65,45,Toys & Games,Tablet,Credit Card,Email Campaign,5,3.7,1,1,1,0
C04416,United States,25,Female,Gold,12/14/2024,1,377.32,333.06,35,Clothing & Apparel,Tablet,UPI / Digital Wallet,Direct,0,3.9,0,7,1,0
C04417,United States,18,Male,Free,9/7/2025,4,414.9,103.25,28,Beauty & Personal Care,Mobile,PayPal,Email Campaign,0,3.9,0,11,1,0
C04418,Germany,49,Male,Free,1/20/2026,18,3254.43,165.57,29,Clothing & Apparel,Desktop,Credit Card,Social Media,4,4.2,2,0,0,0
C04419,India,45,Female,Silver,4/27/2023,8,461.93,54.82,11,Electronics,Mobile,Credit Card,Organic Search,0,4,0,5,0,0
C04420,Germany,48,Female,Free,8/16/2025,26,1657.41,62.39,54,Clothing & Apparel,Mobile,Credit Card,Organic Search,1,4.6,2,0,0,0
C04421,Italy,40,Male,Gold,3/6/2025,2,169.62,90.4,12,Office Supplies,Desktop,Debit Card,Organic Search,0,3.5,0,0,1,0
C04422,India,67,Female,Platinum,1/10/2025,3,366.98,119.48,84,Health & Wellness,Mobile,Credit Card,Direct,0,3.4,0,0,1,0
C04423,United States,32,Male,Gold,1/9/2024,13,2863.41,199.66,0,Sports & Outdoors,Desktop,PayPal,Email Campaign,4,4,1,8,0,0
C04424,Canada,47,Male,Silver,2/17/2026,71,3337.71,45.27,23,Clothing & Apparel,Desktop,UPI / Digital Wallet,Direct,11,3.8,9,3,0,0
C04425,Germany,24,Male,Platinum,6/6/2025,2,323.04,176.59,125,Sports & Outdoors,Desktop,UPI / Digital Wallet,Direct,0,4.9,0,4,0,1
C04426,Australia,34,Male,Silver,6/30/2022,19,2090.24,103.13,2,Sports & Outdoors,Mobile,Debit Card,Organic Search,6,4.6,1,4,1,0
C04427,Netherlands,34,Female,Free,4/10/2025,5,398.21,71.87,41,Clothing & Apparel,Desktop,Credit Card,Organic Search,0,4.2,0,3,1,0
C04428,United Kingdom,36,Female,Free,1/30/2026,40,935.64,25.29,43,Sports & Outdoors,Tablet,Debit Card,Paid Ad,13,4.4,3,3,1,0
C04429,South Africa,21,Female,Free,10/1/2025,8,287.52,39.32,126,Clothing & Apparel,Mobile,Credit Card,Referral,2,4.7,0,1,0,0
C04430,United States,45,Other,Platinum,1/1/2023,5,1145.17,264.53,86,Pet Supplies,Desktop,PayPal,Email Campaign,1,4.2,0,17,1,0
C04431,South Korea,24,Female,Silver,2/18/2025,2,183.7,94.02,9,Clothing & Apparel,Desktop,PayPal,Paid Ad,0,4.5,0,0,1,0
C04432,United States,25,Female,Platinum,12/25/2025,67,61282.48,1051.73,26,Travel & Luggage,Mobile,PayPal,Organic Search,23,4,1,2,1,0
C04433,United States,36,Female,Free,12/11/2025,30,840.23,29.6,26,Beauty & Personal Care,Desktop,PayPal,Email Campaign,6,4.5,1,0,1,0
C04434,Brazil,18,Female,Free,1/17/2023,20,998.37,52.6,88,Home & Kitchen,Tablet,Credit Card,Direct,7,4.6,0,6,0,0
C04435,India,38,Female,Silver,1/11/2018,17,153.93,10.42,51,Sports & Outdoors,Desktop,Debit Card,Direct,6,3.6,0,1,1,0
C04436,India,43,Female,Silver,2/18/2024,3,575.77,190.62,122,Books,Mobile,PayPal,Social Media,1,2.6,0,7,1,0
C04437,United States,40,Female,Free,10/13/2023,11,917.15,82.48,124,Food & Grocery,Desktop,Credit Card,Direct,3,4.7,0,2,1,0
C04438,United Kingdom,31,Male,Gold,2/14/2026,33,1001.09,33.93,181,Books,Mobile,PayPal,Paid Ad,5,4,0,1,1,0
C04439,Netherlands,37,Male,Free,5/22/2025,13,547.25,43.78,75,Electronics,Mobile,PayPal,Organic Search,3,4.8,1,0,1,0
C04440,United States,38,Male,Gold,12/10/2025,3,1426.44,429.87,29,Office Supplies,Mobile,Credit Card,Paid Ad,0,3.8,0,0,1,0
C04441,Brazil,22,Male,Gold,8/16/2024,28,1848.48,70.6,82,Beauty & Personal Care,Mobile,PayPal,Organic Search,10,4.9,0,1,1,0
C04442,UAE,56,Male,Free,3/24/2026,38,7175.41,199.77,11,Sports & Outdoors,Desktop,Bank Transfer,Organic Search,6,3.9,0,14,0,0
C04443,United States,31,Male,Silver,3/16/2025,17,4122.83,252.93,44,Books,Desktop,Debit Card,Organic Search,3,4.8,0,6,0,0
C04444,Japan,21,Male,Free,7/9/2025,8,560.24,75.08,88,Toys & Games,Tablet,Buy Now Pay Later,Paid Ad,2,4.4,0,5,0,0
C04445,United States,18,Male,Gold,2/21/2025,11,2960.55,277.87,28,Electronics,Mobile,Debit Card,Paid Ad,1,3.8,0,9,1,0
C04446,United Kingdom,32,Male,Gold,10/31/2024,9,8470.38,838.8,106,Food & Grocery,Mobile,Credit Card,Organic Search,0,4.7,1,1,0,0
C04447,Sweden,30,Male,Gold,8/30/2025,17,1157.8,63.99,96,Electronics,Desktop,Debit Card,Email Campaign,3,3.3,1,0,0,0
C04448,United States,20,Male,Gold,6/24/2025,10,254.63,28.01,29,Home & Kitchen,Mobile,PayPal,Email Campaign,2,4.6,0,3,1,0
C04449,South Korea,40,Male,Platinum,10/17/2025,39,3584.69,81.81,122,Clothing & Apparel,Mobile,Debit Card,Social Media,11,3.6,4,8,1,0
C04450,Australia,23,Male,Free,2/21/2026,7,251.53,41.37,12,Electronics,Mobile,PayPal,Social Media,2,4.2,0,3,1,0
C04451,Australia,23,Male,Free,12/28/2024,20,5149.32,286.04,128,Clothing & Apparel,Mobile,Credit Card,Social Media,7,4.7,0,5,1,0
C04452,Germany,30,Male,Free,3/20/2025,11,923.78,79.94,231,Food & Grocery,Desktop,Credit Card,Social Media,1,3.6,1,1,0,0
C04453,UAE,36,Male,Free,8/23/2025,11,884.25,76.96,121,Food & Grocery,Mobile,PayPal,Organic Search,2,3.3,0,5,0,0
C04454,United Kingdom,18,Male,Free,1/31/2017,28,3836,151.74,238,Sports & Outdoors,Mobile,Cryptocurrency,Paid Ad,2,3.5,0,2,0,1
C04455,United Kingdom,49,Male,Platinum,2/4/2026,1,60.41,69.45,141,Jewelry & Accessories,Desktop,PayPal,Referral,0,4,0,2,1,0
C04456,United States,46,Male,Gold,2/6/2026,21,854.42,36.14,1,Electronics,Desktop,Debit Card,Email Campaign,7,5,3,1,1,0
C04457,United States,31,Male,Platinum,1/17/2025,11,553.74,45.51,99,Sports & Outdoors,Mobile,Bank Transfer,Email Campaign,1,4.3,1,2,0,0
C04458,UAE,36,Female,Free,1/13/2026,8,978.04,127.13,5,Books,Mobile,Buy Now Pay Later,Organic Search,1,3.8,1,6,1,0
C04459,Netherlands,38,Female,Free,11/13/2023,47,3155.29,64.36,27,Travel & Luggage,Desktop,UPI / Digital Wallet,Social Media,3,4.2,5,1,0,0
C04460,United Kingdom,28,Male,Silver,5/27/2023,4,350.93,96.48,23,Pet Supplies,Mobile,Credit Card,Social Media,0,4.5,0,1,1,0
C04461,Japan,34,Female,Gold,1/23/2026,15,547.08,39.57,251,Beauty & Personal Care,Tablet,Bank Transfer,Paid Ad,5,2.5,1,2,0,0
C04462,United States,18,Female,Free,6/3/2022,29,1235.03,40.9,120,Food & Grocery,Mobile,Credit Card,Organic Search,1,3.6,4,1,0,0
C04463,Sweden,47,Female,Free,11/12/2023,37,2117.1,62.84,132,Electronics,Desktop,PayPal,Social Media,10,4.4,4,1,0,0
C04464,Brazil,59,Female,Free,2/26/2026,20,1006.06,49.14,5,Clothing & Apparel,Tablet,PayPal,Social Media,4,4.3,2,1,1,0
C04465,United States,48,Female,Silver,11/30/2025,2,68.3,30.71,70,Electronics,Desktop,UPI / Digital Wallet,Organic Search,0,4.3,0,5,1,1
C04466,United States,39,Male,Platinum,3/16/2026,10,512.92,52.89,18,Office Supplies,Mobile,UPI / Digital Wallet,Organic Search,2,4.5,0,4,0,0
C04467,United States,47,Male,Free,5/31/2025,32,1210.75,44.32,56,Clothing & Apparel,Mobile,PayPal,Email Campaign,2,4,2,1,0,0
C04468,United States,19,Male,Free,12/17/2025,23,2383.8,103.04,67,Pet Supplies,Desktop,Debit Card,Paid Ad,8,3.5,2,4,1,0
C04469,Germany,21,Other,Free,2/27/2023,4,460.03,113.37,275,Electronics,Mobile,Debit Card,Paid Ad,0,4.1,0,9,1,1
C04470,Australia,30,Female,Silver,8/20/2025,13,903.79,75.97,47,Home & Kitchen,Tablet,Credit Card,Social Media,4,4.6,1,6,0,0
C04471,Germany,26,Female,Gold,10/6/2024,30,3027.09,93.95,43,Sports & Outdoors,Mobile,PayPal,Paid Ad,7,3.3,2,3,1,0
C04472,United Kingdom,32,Male,Silver,3/15/2024,15,2328.2,171.69,2,Clothing & Apparel,Mobile,Credit Card,Social Media,3,4.3,0,3,1,0
C04473,United States,32,Female,Gold,5/31/2025,38,4029.28,94.55,163,Books,Desktop,Credit Card,Email Campaign,11,4.5,2,1,0,0
C04474,India,20,Female,Free,2/22/2026,36,6939.38,213.58,15,Health & Wellness,Mobile,UPI / Digital Wallet,Paid Ad,7,3.6,1,0,1,0
C04475,UAE,47,Male,Free,9/15/2023,10,900.53,91.02,113,Sports & Outdoors,Mobile,Credit Card,Organic Search,3,4,0,8,1,0
C04476,Singapore,39,Female,Free,3/24/2026,7,474.71,59.35,0,Books,Desktop,Debit Card,Email Campaign,1,4.4,0,0,0,0
C04477,India,32,Female,Silver,3/1/2021,23,1495.03,65.41,21,Books,Desktop,Cryptocurrency,Email Campaign,4,3.9,3,3,1,0
C04478,United Kingdom,22,Female,Silver,2/4/2024,42,2610,65.26,30,Clothing & Apparel,Mobile,Credit Card,Paid Ad,14,4.2,2,1,1,0
C04479,United States,52,Female,Free,4/14/2023,8,325.79,47.15,247,Books,Mobile,UPI / Digital Wallet,Organic Search,1,4.3,0,1,1,1
C04480,France,40,Female,Silver,7/26/2025,4,531.58,143.53,50,Jewelry & Accessories,Desktop,Buy Now Pay Later,Organic Search,0,3.9,0,5,1,0
C04481,United States,31,Female,Gold,9/15/2024,21,1121.49,51.55,4,Food & Grocery,Mobile,PayPal,Paid Ad,5,3.1,1,22,0,0
C04482,Canada,37,Male,Gold,4/5/2022,19,3078.32,187.93,120,Home & Kitchen,Mobile,Debit Card,Direct,2,4.7,2,2,1,0
C04483,Mexico,46,Male,Silver,5/8/2024,29,1452.8,58.24,92,Home & Kitchen,Mobile,UPI / Digital Wallet,Organic Search,9,3.5,2,4,0,0
C04484,Australia,44,Female,Free,4/19/2024,11,767.68,67.41,24,Electronics,Mobile,Debit Card,Direct,2,3.5,0,3,1,0
C04485,Netherlands,18,Other,Gold,2/8/2025,32,2187.28,60.89,205,Sports & Outdoors,Desktop,Bank Transfer,Paid Ad,3,4.8,3,3,1,0
C04486,United States,32,Female,Silver,2/11/2026,3,531.23,173.13,2,Sports & Outdoors,Mobile,Bank Transfer,Organic Search,0,5,0,0,1,0
C04487,UAE,40,Female,Silver,1/9/2026,11,338.88,31.44,22,Beauty & Personal Care,Desktop,Credit Card,Paid Ad,2,4.4,1,4,0,0
C04488,Brazil,52,Female,Free,5/8/2025,10,542.11,55.77,4,Books,Mobile,Credit Card,Paid Ad,0,4.8,0,0,1,0
C04489,United States,38,Male,Free,6/26/2025,43,4972.68,124.49,30,Home & Kitchen,Mobile,Buy Now Pay Later,Social Media,9,4.3,1,1,1,0
C04490,United States,45,Male,Platinum,4/2/2025,34,9072.05,264.15,1,Clothing & Apparel,Desktop,Credit Card,Paid Ad,10,4.7,3,2,1,0
C04491,United States,42,Female,Gold,4/30/2025,1,40.86,39.43,58,Electronics,Mobile,Debit Card,Email Campaign,0,3.8,0,0,0,0
C04492,United Kingdom,32,Male,Silver,5/9/2025,2,132.97,67.17,43,Home & Kitchen,Mobile,Buy Now Pay Later,Organic Search,0,4.1,0,4,0,0
C04493,Netherlands,31,Male,Free,9/3/2025,3,178.38,60.28,60,Electronics,Desktop,Debit Card,Direct,0,4.7,0,14,1,0
C04494,Italy,55,Male,Free,4/2/2025,24,1949.02,79.03,6,Clothing & Apparel,Mobile,Credit Card,Social Media,5,4.7,2,3,1,0
C04495,Canada,32,Female,Free,11/3/2025,20,1244.45,63.76,43,Clothing & Apparel,Mobile,UPI / Digital Wallet,Social Media,5,4.4,0,6,1,0
C04496,United States,41,Male,Free,3/31/2025,5,203.5,35.87,125,Clothing & Apparel,Mobile,Debit Card,Paid Ad,1,3.3,0,14,1,0
C04497,United States,35,Male,Gold,10/16/2023,22,2124.32,90.03,48,Travel & Luggage,Mobile,Buy Now Pay Later,Organic Search,5,3.5,2,4,0,0
C04498,United States,58,Male,Free,9/28/2024,11,1382.98,126.99,126,Health & Wellness,Tablet,Credit Card,Direct,4,4.2,0,10,1,0
C04499,India,25,Male,Free,4/6/2025,9,900.13,88.6,85,Home & Kitchen,Mobile,UPI / Digital Wallet,Paid Ad,0,3.8,1,2,1,0
C04500,United Kingdom,30,Other,Free,2/15/2026,5,193.77,36.96,32,Office Supplies,Tablet,Credit Card,Organic Search,0,4.3,0,2,1,0
C04501,United Kingdom,54,Female,Free,4/1/2026,18,860,51.6,80,Home & Kitchen,Mobile,PayPal,Email Campaign,1,4.7,1,3,0,0
C04502,UAE,18,Female,Free,9/22/2020,39,8165.09,189.7,34,Food & Grocery,Tablet,Credit Card,Paid Ad,10,4.5,0,0,0,0
C04503,United States,67,Male,Silver,4/12/2025,29,6050.2,192.12,54,Jewelry & Accessories,Mobile,PayPal,Direct,6,4.5,0,12,1,0
C04504,United States,38,Male,Silver,9/27/2025,19,1717.63,91.29,81,Health & Wellness,Tablet,UPI / Digital Wallet,Social Media,1,4.5,0,0,0,0
C04505,United States,45,Male,Free,10/24/2025,20,748.03,42.39,42,Books,Desktop,Debit Card,Direct,6,4.8,1,15,1,0
C04506,United States,61,Male,Silver,3/22/2026,28,2792.82,116.23,92,Electronics,Mobile,UPI / Digital Wallet,Organic Search,7,2.8,2,3,1,0
C04507,United Kingdom,31,Male,Free,4/12/2022,55,2892.05,55.81,134,Office Supplies,Mobile,Credit Card,Email Campaign,7,4.5,1,1,1,0
C04508,United States,37,Male,Silver,3/17/2026,10,848.92,95.82,31,Electronics,Mobile,Credit Card,Email Campaign,3,3.4,1,0,0,0
C04509,Canada,37,Male,Free,10/29/2023,34,1022.46,32.99,36,Electronics,Mobile,PayPal,Social Media,7,4,4,8,1,0
C04510,Germany,45,Male,Free,3/5/2023,5,1155.42,252.52,9,Books,Desktop,Credit Card,Paid Ad,1,4.3,0,12,1,0
C04511,United States,35,Male,Silver,12/16/2022,10,496.75,52.51,24,Clothing & Apparel,Mobile,Credit Card,Social Media,1,4.2,0,1,1,0
C04512,United Kingdom,37,Female,Gold,8/26/2023,3,167.89,57.52,179,Home & Kitchen,Desktop,Debit Card,Social Media,0,4.6,0,5,1,0
C04513,South Korea,45,Male,Silver,12/15/2023,9,548.89,53.41,17,Pet Supplies,Mobile,Debit Card,Direct,0,4.7,0,1,1,0
C04514,India,27,Female,Free,3/4/2025,5,673.97,156.44,0,Toys & Games,Mobile,Credit Card,Social Media,1,4.5,0,3,0,0
C04515,United States,34,Female,Silver,12/29/2023,6,468.32,68.49,28,Electronics,Mobile,Bank Transfer,Email Campaign,1,3.9,0,0,1,0
C04516,UAE,34,Female,Gold,4/18/2025,54,3304.04,64.15,26,Sports & Outdoors,Tablet,Debit Card,Direct,14,4,7,1,1,0
C04517,Sweden,21,Male,Free,2/22/2025,8,251.22,32.81,333,Health & Wellness,Mobile,PayPal,Organic Search,2,4.2,0,6,1,1
C04518,Brazil,27,Female,Platinum,9/27/2025,14,1357.32,102.76,123,Food & Grocery,Mobile,UPI / Digital Wallet,Social Media,3,4.3,1,2,1,0
C04519,South Korea,18,Female,Free,3/16/2026,3,161.47,49.16,49,Jewelry & Accessories,Mobile,UPI / Digital Wallet,Social Media,0,3.7,0,4,0,0
C04520,United States,48,Female,Gold,11/24/2023,3,252.9,83.56,239,Books,Mobile,PayPal,Social Media,1,4.3,0,3,1,1
C04521,United Kingdom,18,Female,Free,11/18/2021,38,4272.39,114.05,10,Books,Tablet,Debit Card,Direct,11,4.4,5,0,1,0
C04522,United States,25,Female,Silver,6/7/2022,21,389.18,21.72,31,Books,Desktop,Credit Card,Social Media,1,4,2,0,1,0
C04523,United States,34,Male,Free,11/6/2025,21,1644.99,76.04,17,Toys & Games,Mobile,Credit Card,Paid Ad,8,4.5,1,2,0,1
C04524,United States,39,Female,Gold,9/12/2019,21,630.66,28.25,7,Clothing & Apparel,Mobile,PayPal,Social Media,6,3.7,1,4,0,0
C04525,India,40,Male,Free,11/22/2023,23,908.34,42.59,5,Electronics,Desktop,PayPal,Email Campaign,7,4.8,2,6,1,0
C04526,Australia,41,Male,Silver,7/12/2025,7,317.2,47.28,5,Clothing & Apparel,Desktop,Credit Card,Email Campaign,0,3.9,0,1,1,0
C04527,Brazil,46,Female,Silver,3/17/2018,2,147.23,67.68,95,Electronics,Mobile,Cryptocurrency,Direct,0,4.5,0,2,1,0
C04528,United Kingdom,66,Female,Free,5/3/2019,2,255.85,149.02,80,Health & Wellness,Desktop,Credit Card,Social Media,0,4.2,0,7,0,1
C04529,Australia,29,Female,Silver,11/2/2025,12,1174.55,110.99,58,Home & Kitchen,Desktop,UPI / Digital Wallet,Social Media,1,3.1,0,6,0,0
C04530,South Korea,55,Female,Silver,6/1/2025,1,99.91,113.58,45,Office Supplies,Mobile,PayPal,Email Campaign,0,4.9,0,3,0,0
C04531,France,34,Female,Platinum,11/6/2024,43,1603.87,33.94,64,Clothing & Apparel,Mobile,Credit Card,Organic Search,8,4.1,4,23,1,0
C04532,Japan,19,Male,Silver,3/9/2026,17,1921.64,102.96,2,Electronics,Mobile,Credit Card,Social Media,2,3.1,2,5,1,0
C04533,United States,34,Female,Free,12/9/2020,5,428.99,83.41,51,Clothing & Apparel,Mobile,Debit Card,Direct,1,4.2,0,8,0,0
C04534,Japan,69,Female,Free,6/5/2024,25,6541.22,288.71,197,Clothing & Apparel,Mobile,PayPal,Email Campaign,4,2.5,0,0,0,0
C04535,United Kingdom,39,Male,Gold,1/27/2025,46,1736.39,41.91,125,Clothing & Apparel,Mobile,Buy Now Pay Later,Organic Search,17,3.9,5,8,0,0
C04536,United States,18,Female,Free,2/18/2023,19,1392.54,86.12,30,Food & Grocery,Mobile,UPI / Digital Wallet,Paid Ad,4,4.2,1,0,1,0
C04537,Brazil,35,Female,Silver,8/20/2019,31,4495.67,136.1,72,Beauty & Personal Care,Desktop,PayPal,Email Campaign,1,2.7,4,0,0,0
C04538,United States,18,Female,Free,9/9/2025,9,996.23,99.02,0,Home & Kitchen,Desktop,Credit Card,Email Campaign,2,4.7,0,5,1,0
C04539,United States,36,Male,Free,5/4/2018,5,387.11,70.36,77,Electronics,Mobile,Credit Card,Referral,1,3.1,0,0,1,0
C04540,United States,20,Female,Gold,10/26/2021,6,764.12,137.45,126,Home & Kitchen,Tablet,Credit Card,Email Campaign,0,4.8,0,7,1,0
C04541,United Kingdom,43,Male,Silver,1/21/2026,4,494.34,110.5,19,Electronics,Desktop,Debit Card,Organic Search,0,4.2,0,3,1,0
C04542,South Korea,29,Male,Platinum,5/19/2025,30,5385.99,192,25,Food & Grocery,Mobile,PayPal,Email Campaign,10,4.6,2,7,1,0
C04543,Australia,46,Female,Platinum,1/12/2026,24,5740.44,208.52,21,Sports & Outdoors,Mobile,Credit Card,Direct,8,4.6,0,5,1,0
C04544,India,45,Male,Free,2/14/2026,2,120.01,63.39,2,Food & Grocery,Mobile,Credit Card,Social Media,0,4.8,0,5,1,0
C04545,Germany,30,Female,Free,3/12/2025,12,715.51,62.72,10,Toys & Games,Mobile,Debit Card,Paid Ad,1,3.5,0,2,1,0
C04546,Netherlands,18,Male,Silver,12/5/2024,20,1434.07,74.45,182,Automotive,Mobile,PayPal,Organic Search,7,3.7,1,4,1,0
C04547,Japan,21,Male,Free,3/1/2024,48,1595.05,33.37,18,Office Supplies,Mobile,Debit Card,Social Media,12,4.1,4,2,1,0
C04548,Canada,21,Male,Gold,5/3/2025,19,1497.49,70.69,34,Clothing & Apparel,Mobile,Credit Card,Email Campaign,7,4.6,0,2,1,0
C04549,Australia,50,Female,Silver,10/31/2025,8,407.07,54.08,64,Electronics,Mobile,Bank Transfer,Direct,1,4.5,0,0,1,0
C04550,United States,36,Female,Gold,11/15/2023,12,784.47,72.03,136,Health & Wellness,Desktop,PayPal,Direct,4,4,1,2,1,0
C04551,France,34,Male,Free,7/28/2024,2,58.67,32.88,84,Toys & Games,Tablet,PayPal,Email Campaign,0,4,0,6,1,0
C04552,Canada,27,Male,Free,9/30/2025,2,143.99,62.91,24,Home & Kitchen,Mobile,Cryptocurrency,Direct,0,4,0,1,1,1
C04553,United States,39,Female,Free,1/13/2026,1,81.96,77,9,Electronics,Mobile,Credit Card,Organic Search,0,4.5,0,0,0,0
C04554,Brazil,38,Female,Free,11/20/2018,4,127.03,36.22,21,Food & Grocery,Tablet,Credit Card,Social Media,1,4.6,0,0,0,0
C04555,United Kingdom,48,Male,Gold,8/18/2025,7,690.2,87.22,39,Health & Wellness,Mobile,Credit Card,Email Campaign,0,4.8,0,7,1,0
C04556,France,34,Female,Free,11/24/2023,18,1213.27,60.39,215,Food & Grocery,Mobile,Buy Now Pay Later,Social Media,5,4.3,1,1,0,0
C04557,Brazil,53,Female,Gold,3/15/2026,47,2817.04,69.44,2,Travel & Luggage,Desktop,Buy Now Pay Later,Organic Search,2,3.8,6,0,0,0
C04558,United States,28,Female,Silver,4/20/2025,17,1476,78.42,30,Sports & Outdoors,Mobile,Bank Transfer,Email Campaign,6,4.7,2,3,1,0
C04559,United States,37,Female,Free,3/21/2026,19,1006.59,53.51,10,Clothing & Apparel,Tablet,UPI / Digital Wallet,Email Campaign,6,4.7,1,19,1,0
C04560,United States,36,Male,Free,2/21/2026,1,261.5,264.02,41,Electronics,Mobile,Credit Card,Social Media,0,4.5,0,7,1,0
C04561,Mexico,33,Female,Free,7/4/2019,9,470.08,50.09,17,Electronics,Mobile,Credit Card,Email Campaign,0,3.5,0,0,0,0
C04562,India,18,Male,Gold,1/5/2024,6,279.67,46.48,30,Electronics,Mobile,Credit Card,Email Campaign,0,3.7,0,3,1,0
C04563,United States,32,Other,Silver,7/8/2025,26,1127.26,49.2,22,Health & Wellness,Tablet,Debit Card,Paid Ad,3,4.8,2,0,1,0
C04564,Netherlands,31,Male,Free,9/16/2021,6,385.66,62.99,12,Food & Grocery,Desktop,Credit Card,Social Media,0,4.8,0,9,1,0
C04565,Brazil,18,Female,Silver,9/6/2025,1,34.55,39.86,42,Electronics,Mobile,Credit Card,Paid Ad,0,4.8,0,11,1,0
C04566,Australia,38,Male,Gold,1/19/2026,6,120.33,22.04,77,Sports & Outdoors,Mobile,Debit Card,Social Media,1,4.4,0,9,1,0
C04567,South Korea,20,Female,Free,4/7/2023,1,305.13,280.96,58,Clothing & Apparel,Mobile,PayPal,Social Media,0,4.9,0,0,1,0
C04568,Germany,49,Female,Free,11/1/2025,14,1944.45,126.01,77,Toys & Games,Desktop,Debit Card,Email Campaign,2,4.8,0,4,1,0
C04569,United States,22,Male,Free,3/21/2026,6,188.81,35.96,99,Health & Wellness,Desktop,Buy Now Pay Later,Email Campaign,0,4,0,2,0,0
C04570,India,42,Female,Platinum,9/13/2025,21,2683.18,131.9,126,Sports & Outdoors,Mobile,Cryptocurrency,Email Campaign,5,4.5,1,2,0,0
C04571,United States,31,Male,Platinum,10/3/2023,16,2724.58,149.76,70,Electronics,Desktop,PayPal,Organic Search,5,4.3,0,14,1,0
C04572,India,21,Male,Free,12/15/2025,6,623.63,111.33,111,Home & Kitchen,Desktop,Bank Transfer,Direct,1,4.9,0,1,0,0
C04573,United States,42,Male,Free,12/6/2024,67,1900.06,29.14,96,Office Supplies,Mobile,UPI / Digital Wallet,Social Media,7,3.8,8,2,0,0
C04574,Italy,53,Male,Free,7/9/2022,32,1194.78,39.06,32,Sports & Outdoors,Desktop,Debit Card,Organic Search,6,2.8,0,8,0,0
C04575,Netherlands,42,Male,Platinum,4/1/2026,17,2312.14,118.38,64,Books,Desktop,Debit Card,Paid Ad,5,2.7,1,6,0,0
C04576,Germany,36,Male,Platinum,3/8/2026,24,8334.81,401.91,6,Books,Mobile,PayPal,Email Campaign,9,4.7,1,1,1,0
C04577,France,38,Male,Free,11/20/2023,23,1411.27,53.36,44,Electronics,Mobile,Credit Card,Direct,6,3.3,0,1,0,0
C04578,Turkey,18,Male,Free,1/2/2026,9,96.57,12.09,21,Health & Wellness,Desktop,Credit Card,Organic Search,2,3.5,0,4,1,0
C04579,Germany,41,Male,Gold,1/26/2026,1,78.54,88.72,3,Travel & Luggage,Mobile,Debit Card,Email Campaign,0,4.3,0,4,1,0
C04580,Germany,33,Female,Free,1/8/2026,5,174.16,30.45,55,Books,Desktop,Credit Card,Email Campaign,0,4.9,0,14,0,0
C04581,Germany,33,Female,Free,2/7/2025,4,99.99,27.43,0,Clothing & Apparel,Tablet,PayPal,Email Campaign,0,3.7,0,5,1,0
C04582,Germany,30,Male,Free,1/9/2024,10,68.4,7.24,8,Electronics,Mobile,Bank Transfer,Organic Search,2,3.9,0,3,1,0
C04583,Brazil,49,Female,Free,12/5/2024,12,1198.09,106.59,94,Toys & Games,Desktop,UPI / Digital Wallet,Email Campaign,3,4,1,3,0,0
C04584,United Kingdom,57,Male,Platinum,9/2/2025,17,1589.63,106.15,87,Home & Kitchen,Desktop,Debit Card,Direct,2,4.4,0,4,1,0
C04585,United States,49,Male,Gold,9/25/2018,21,2065.46,101.74,333,Beauty & Personal Care,Desktop,Bank Transfer,Organic Search,7,4.5,1,0,0,1
C04586,United States,40,Male,Silver,7/8/2025,9,943.31,101.23,23,Clothing & Apparel,Mobile,Buy Now Pay Later,Paid Ad,2,4.2,0,0,1,1
C04587,United Kingdom,29,Male,Free,11/11/2025,6,1513.43,294.97,52,Beauty & Personal Care,Tablet,Credit Card,Social Media,1,4.5,0,2,1,0
C04588,United States,25,Female,Silver,12/30/2022,24,3338.02,133.55,29,Beauty & Personal Care,Mobile,Debit Card,Organic Search,7,4.7,1,9,1,0
C04589,United Kingdom,36,Male,Gold,9/17/2023,34,6286.34,168.08,74,Toys & Games,Desktop,Credit Card,Email Campaign,3,4.5,2,0,0,0
C04590,Germany,52,Male,Free,6/11/2024,2,102.63,59.81,10,Clothing & Apparel,Desktop,Debit Card,Organic Search,0,3.4,0,0,1,1
C04591,United States,32,Male,Free,1/27/2026,21,3580.3,180.59,26,Food & Grocery,Mobile,PayPal,Email Campaign,8,4.9,2,2,0,0
C04592,Germany,25,Female,Platinum,10/10/2024,17,1067.12,72.28,0,Beauty & Personal Care,Mobile,Credit Card,Social Media,4,4.3,0,0,0,0
C04593,India,34,Female,Platinum,3/2/2023,7,813.55,109.9,40,Home & Kitchen,Desktop,Credit Card,Paid Ad,0,4.2,0,0,1,0
C04594,France,53,Female,Free,5/14/2024,10,1286.85,114.15,45,Jewelry & Accessories,Mobile,Credit Card,Email Campaign,1,4.3,0,6,0,1
C04595,Mexico,37,Male,Platinum,2/27/2023,13,669.11,54.02,95,Electronics,Tablet,Credit Card,Paid Ad,2,3.9,1,6,1,0
C04596,United Kingdom,34,Male,Free,6/11/2025,1,69.65,61.78,108,Electronics,Mobile,Debit Card,Direct,0,4.2,0,2,0,0
C04597,Germany,28,Male,Free,7/16/2025,12,2220.12,180.88,27,Electronics,Mobile,PayPal,Social Media,3,4.7,1,9,0,0
C04598,United States,33,Male,Silver,8/8/2024,11,483.55,40.96,26,Books,Desktop,Buy Now Pay Later,Referral,3,4.5,0,3,1,1
C04599,United States,48,Female,Free,6/29/2024,11,389.2,30.82,20,Food & Grocery,Mobile,Debit Card,Email Campaign,4,4.3,0,10,1,0
C04600,Australia,46,Male,Free,2/17/2026,43,2365.72,49.76,21,Jewelry & Accessories,Desktop,Debit Card,Referral,3,4.4,0,3,0,0
C04601,United States,38,Male,Free,9/23/2024,6,213.51,36.85,2,Health & Wellness,Mobile,UPI / Digital Wallet,Paid Ad,0,4.6,0,12,1,0
C04602,Canada,22,Female,Free,7/31/2025,11,762.44,69.85,167,Electronics,Tablet,Credit Card,Email Campaign,1,4.3,0,5,0,0
C04603,United States,39,Male,Free,3/21/2025,4,281.05,66.71,75,Electronics,Mobile,PayPal,Direct,0,4.6,0,5,1,0
C04604,Canada,31,Female,Free,10/29/2023,10,369.35,42.24,55,Travel & Luggage,Mobile,Debit Card,Paid Ad,3,4.3,1,32,0,0
C04605,United States,38,Male,Free,5/9/2020,21,588.85,29.09,2,Jewelry & Accessories,Desktop,Debit Card,Paid Ad,5,4.5,1,1,1,0
C04606,Germany,38,Male,Silver,3/18/2026,17,224.18,11.52,4,Sports & Outdoors,Mobile,Credit Card,Paid Ad,1,3.6,1,2,0,0
C04607,United Kingdom,70,Female,Platinum,2/25/2025,6,385.04,71.36,48,Health & Wellness,Mobile,Credit Card,Organic Search,1,4.2,0,1,0,0
C04608,United States,32,Female,Silver,7/20/2024,14,2851.06,192.57,97,Sports & Outdoors,Mobile,Debit Card,Paid Ad,4,4.3,0,0,1,0
C04609,United States,25,Female,Gold,3/11/2023,3,315.01,97.54,42,Home & Kitchen,Mobile,Credit Card,Email Campaign,0,3.7,0,25,0,1
C04610,India,20,Male,Platinum,2/6/2026,7,2234.43,285.77,114,Toys & Games,Mobile,Credit Card,Direct,1,4.7,0,3,0,0
C04611,Sweden,31,Male,Free,2/4/2019,19,991.77,52.3,70,Electronics,Mobile,Credit Card,Email Campaign,2,3.6,0,5,0,0
C04612,United States,33,Male,Platinum,4/17/2025,6,798.25,121.6,119,Electronics,Tablet,Debit Card,Email Campaign,0,4.3,0,0,1,0
C04613,United Kingdom,43,Male,Gold,2/28/2020,10,418.4,37.45,63,Jewelry & Accessories,Mobile,UPI / Digital Wallet,Organic Search,1,4.6,1,3,0,0
C04614,United Kingdom,18,Male,Silver,8/30/2025,8,330.93,43.59,145,Home & Kitchen,Desktop,Credit Card,Social Media,0,4.3,0,3,0,0
C04615,France,26,Male,Free,9/20/2025,3,249.24,75.06,24,Clothing & Apparel,Desktop,Debit Card,Social Media,0,4.5,0,15,0,0
C04616,Japan,48,Female,Free,1/23/2025,10,308.62,27.62,90,Pet Supplies,Desktop,Debit Card,Email Campaign,1,3.7,1,2,0,0
C04617,France,40,Female,Gold,2/27/2022,8,523.94,74.79,176,Clothing & Apparel,Tablet,PayPal,Direct,3,3.8,0,9,1,0
C04618,France,32,Female,Free,2/18/2024,16,689.63,43.91,84,Beauty & Personal Care,Desktop,Cryptocurrency,Social Media,2,3.7,0,10,1,0
C04619,Australia,29,Female,Gold,6/5/2025,28,3769.83,146.92,15,Beauty & Personal Care,Desktop,Debit Card,Organic Search,5,4.3,1,17,1,0
C04620,India,51,Male,Free,8/30/2024,5,558.5,130.25,7,Clothing & Apparel,Mobile,Credit Card,Social Media,0,4.7,0,8,0,0
C04621,Brazil,18,Female,Platinum,12/31/2025,3,455.92,165.95,64,Clothing & Apparel,Mobile,Credit Card,Organic Search,0,2.8,0,4,1,0
C04622,United States,30,Male,Free,10/2/2025,1,177.5,169.91,115,Food & Grocery,Mobile,Bank Transfer,Referral,0,3.9,0,0,1,0
C04623,United Kingdom,39,Male,Free,11/22/2023,44,6908.4,183.44,32,Electronics,Desktop,Debit Card,Paid Ad,12,4.2,1,10,1,0
C04624,United States,31,Female,Platinum,3/20/2026,20,1574.5,83.39,14,Electronics,Mobile,UPI / Digital Wallet,Social Media,1,4.5,1,0,1,0
C04625,France,44,Female,Platinum,1/14/2023,10,676.25,70.23,48,Electronics,Mobile,Credit Card,Email Campaign,2,4.4,0,1,0,0
C04626,Spain,18,Female,Free,2/16/2024,5,1127.25,214.27,3,Pet Supplies,Tablet,Debit Card,Organic Search,0,3.4,0,1,1,0
C04627,United States,27,Female,Silver,10/3/2024,37,1621.45,49.62,19,Electronics,Tablet,Credit Card,Direct,14,2.7,5,2,0,1
C04628,Italy,34,Female,Free,2/26/2026,5,500.69,117.3,56,Home & Kitchen,Desktop,Debit Card,Direct,0,2.9,0,4,1,0
C04629,Sweden,46,Female,Free,9/15/2025,21,838,43.33,9,Books,Mobile,Credit Card,Social Media,8,4.1,0,1,1,0
C04630,India,34,Female,Free,10/30/2021,16,998.7,56.98,39,Clothing & Apparel,Mobile,PayPal,Direct,1,3.8,1,1,1,0
C04631,United States,33,Male,Gold,3/31/2026,5,1218.15,277.35,4,Home & Kitchen,Mobile,PayPal,Organic Search,1,4,0,3,0,0
C04632,India,36,Male,Free,5/4/2025,18,1081.38,70.1,222,Clothing & Apparel,Desktop,PayPal,Referral,2,2.7,2,0,1,0
C04633,Australia,68,Female,Silver,3/16/2026,3,141.98,44.02,54,Clothing & Apparel,Mobile,Debit Card,Social Media,1,3.6,0,0,1,0
C04634,United States,54,Male,Free,8/24/2025,43,4748.97,97.21,195,Electronics,Desktop,Credit Card,Organic Search,12,4.5,5,0,0,1
C04635,United Kingdom,33,Female,Free,9/4/2024,6,351.64,56.09,249,Electronics,Desktop,Credit Card,Email Campaign,0,4,0,0,1,1
C04636,United Kingdom,43,Female,Silver,4/27/2025,15,714.06,47,25,Clothing & Apparel,Tablet,Credit Card,Organic Search,1,3.9,0,0,1,0
C04637,Poland,58,Male,Free,6/13/2024,13,944.52,82.4,1,Electronics,Desktop,Bank Transfer,Social Media,0,4.3,0,2,1,0
C04638,United States,37,Male,Free,11/21/2025,3,253.28,96.3,4,Travel & Luggage,Mobile,Credit Card,Email Campaign,0,4.7,0,3,1,0
C04639,Canada,40,Male,Free,11/22/2025,10,2870.15,312.72,82,Clothing & Apparel,Desktop,Debit Card,Social Media,3,4.5,1,8,0,0
C04640,Germany,45,Male,Free,6/20/2025,5,561.94,116.08,68,Books,Desktop,Credit Card,Email Campaign,1,4.4,0,3,0,0
C04641,United States,40,Male,Free,12/22/2023,20,2775.68,139.77,123,Clothing & Apparel,Mobile,PayPal,Email Campaign,4,2.9,2,0,0,0
C04642,Netherlands,32,Male,Gold,5/8/2025,14,958.24,62.68,153,Home & Kitchen,Tablet,Credit Card,Email Campaign,1,4.8,1,0,1,0
C04643,Netherlands,18,Male,Free,2/5/2025,13,583.26,48.79,10,Books,Desktop,Credit Card,Paid Ad,2,4.2,0,1,1,0
C04644,United States,29,Male,Free,2/4/2025,18,1653.75,94.79,59,Food & Grocery,Mobile,UPI / Digital Wallet,Social Media,1,4.3,1,9,0,0
C04645,United States,18,Male,Free,2/19/2024,1,178.64,194,61,Automotive,Mobile,Buy Now Pay Later,Organic Search,0,4.9,0,1,1,1
C04646,India,24,Female,Free,4/17/2025,16,2381.41,149.18,90,Food & Grocery,Desktop,PayPal,Email Campaign,1,4.1,1,5,1,0
C04647,Japan,18,Male,Free,10/16/2025,23,1983.56,82.45,36,Food & Grocery,Desktop,Debit Card,Organic Search,1,3.9,1,0,0,0
C04648,United States,22,Female,Free,7/26/2022,8,350.84,44.05,4,Clothing & Apparel,Mobile,Bank Transfer,Paid Ad,2,3.6,0,1,1,0
C04649,India,47,Male,Free,8/6/2022,15,348.25,25.87,120,Home & Kitchen,Mobile,Debit Card,Organic Search,2,4.9,1,36,0,0
C04650,Canada,33,Male,Silver,10/25/2024,2,170.94,77.65,88,Home & Kitchen,Mobile,PayPal,Email Campaign,0,3.1,0,2,1,0
C04651,United States,45,Male,Free,7/20/2023,14,1757.19,142.3,1,Home & Kitchen,Mobile,PayPal,Organic Search,4,4.3,1,2,0,0
C04652,India,33,Female,Silver,7/24/2023,23,1649.13,62.68,70,Clothing & Apparel,Mobile,Credit Card,Social Media,1,3.6,0,1,0,0
C04653,United Kingdom,33,Male,Free,10/18/2025,7,463.6,76.22,101,Clothing & Apparel,Mobile,Debit Card,Social Media,1,4.8,0,2,0,0
C04654,Canada,46,Female,Gold,6/12/2022,17,1601.01,93.78,81,Health & Wellness,Mobile,Credit Card,Email Campaign,3,4.6,1,0,0,0
C04655,United States,62,Male,Free,5/15/2024,22,2982.18,147.2,105,Books,Mobile,Debit Card,Social Media,5,4.6,0,14,0,1
C04656,United States,54,Female,Free,8/10/2025,59,6390.24,103.65,77,Food & Grocery,Tablet,Buy Now Pay Later,Email Campaign,10,4.7,6,0,1,0
C04657,UAE,34,Female,Silver,1/21/2026,12,1251.21,118.08,55,Home & Kitchen,Tablet,Credit Card,Organic Search,2,4.1,1,2,1,0
C04658,India,32,Male,Free,3/7/2026,4,374.9,90.37,33,Home & Kitchen,Mobile,Buy Now Pay Later,Social Media,1,3.4,0,6,1,0
C04659,United States,37,Female,Gold,12/19/2025,15,829.63,51.41,9,Toys & Games,Mobile,PayPal,Organic Search,2,4.4,0,9,1,0
C04660,India,25,Female,Platinum,2/15/2024,25,4580.68,164.63,93,Sports & Outdoors,Tablet,PayPal,Organic Search,8,4.4,3,2,1,0
C04661,United States,42,Female,Free,3/28/2025,4,324.86,73.83,136,Toys & Games,Mobile,UPI / Digital Wallet,Organic Search,1,4.8,0,3,1,0
C04662,Italy,40,Male,Free,11/30/2023,5,568.92,120.25,57,Office Supplies,Tablet,Debit Card,Paid Ad,1,4.4,0,2,1,0
C04663,United States,22,Male,Gold,1/14/2026,9,1281.29,130.32,19,Clothing & Apparel,Desktop,PayPal,Direct,2,4.1,0,9,0,0
C04664,United Kingdom,43,Male,Silver,9/17/2024,8,1370.7,159.28,5,Home & Kitchen,Desktop,UPI / Digital Wallet,Social Media,0,4,0,0,0,0
C04665,France,18,Male,Silver,2/25/2026,15,926.75,60.55,90,Toys & Games,Desktop,Debit Card,Direct,3,3.7,0,3,0,0
C04666,United States,18,Female,Gold,6/15/2024,6,1298.27,243.05,67,Clothing & Apparel,Desktop,PayPal,Email Campaign,1,4.7,0,3,1,1
C04667,United States,58,Female,Silver,9/23/2025,7,200.69,28.11,10,Food & Grocery,Desktop,PayPal,Email Campaign,1,4.6,0,7,0,0
C04668,United Kingdom,41,Female,Free,7/8/2024,2,59.72,32.31,38,Food & Grocery,Tablet,Buy Now Pay Later,Paid Ad,0,4.4,0,5,1,0
C04669,United States,48,Male,Free,2/22/2026,9,572.07,63.87,25,Food & Grocery,Mobile,PayPal,Paid Ad,2,4.9,1,2,1,0
C04670,Poland,18,Other,Silver,2/28/2024,76,7726.36,94.34,31,Beauty & Personal Care,Mobile,Credit Card,Email Campaign,28,4.4,8,1,1,0
C04671,Netherlands,19,Female,Platinum,10/10/2024,6,173.58,31.81,30,Clothing & Apparel,Mobile,Debit Card,Organic Search,2,4.4,0,0,0,0
C04672,Italy,31,Female,Platinum,7/23/2025,14,4000.88,264.19,29,Electronics,Mobile,Buy Now Pay Later,Organic Search,1,3.7,1,0,1,0
C04673,Germany,37,Female,Free,12/10/2024,1,133.16,116.4,51,Electronics,Mobile,UPI / Digital Wallet,Paid Ad,0,2.6,0,4,1,0
C04674,United States,34,Male,Silver,3/30/2026,21,635.56,32.27,50,Jewelry & Accessories,Desktop,Credit Card,Organic Search,4,3,1,7,1,0
C04675,Brazil,25,Female,Silver,4/3/2017,3,389.53,126.07,30,Clothing & Apparel,Desktop,Credit Card,Email Campaign,0,3.9,0,6,1,0
C04676,United States,54,Male,Silver,2/21/2026,2,76.01,38,91,Electronics,Desktop,Credit Card,Organic Search,0,3.6,0,3,1,0
C04677,Germany,43,Female,Free,10/17/2025,15,2465.26,172.97,28,Home & Kitchen,Desktop,Credit Card,Paid Ad,0,4.7,2,0,1,0
C04678,United States,28,Female,Free,2/4/2024,5,680.24,142.78,113,Clothing & Apparel,Desktop,Buy Now Pay Later,Paid Ad,1,2.7,0,0,1,0
C04679,Sweden,41,Female,Free,4/26/2024,23,1955.09,85.07,48,Food & Grocery,Mobile,UPI / Digital Wallet,Email Campaign,5,4.5,2,16,1,0
C04680,Germany,28,Female,Free,12/14/2022,26,2159.18,79.91,31,Books,Mobile,Credit Card,Direct,8,4.8,1,0,1,0
C04681,Australia,33,Female,Silver,2/2/2025,17,876.51,51.73,230,Beauty & Personal Care,Desktop,PayPal,Social Media,6,4.3,1,1,1,0
C04682,Germany,26,Male,Silver,10/15/2024,23,3358.15,139.5,8,Clothing & Apparel,Desktop,Debit Card,Organic Search,5,4.7,0,0,0,0
C04683,Canada,36,Male,Free,12/24/2022,3,162.3,51.5,99,Electronics,Mobile,UPI / Digital Wallet,Email Campaign,1,4.6,0,2,1,0
C04684,Australia,51,Male,Free,9/13/2024,43,939,24.66,58,Books,Tablet,UPI / Digital Wallet,Social Media,6,3.8,3,0,0,0
C04685,Brazil,38,Female,Free,2/18/2023,17,464.52,27.6,5,Beauty & Personal Care,Desktop,Credit Card,Paid Ad,1,3.5,1,13,1,0
C04686,Australia,40,Male,Free,6/22/2024,4,327.6,92.4,340,Books,Mobile,Bank Transfer,Paid Ad,1,4.9,0,10,1,0
C04687,Brazil,18,Male,Gold,10/25/2025,7,648.31,108.49,7,Electronics,Desktop,UPI / Digital Wallet,Email Campaign,1,4.3,0,10,1,0
C04688,Canada,21,Female,Free,1/28/2023,46,2607.11,64.39,87,Health & Wellness,Mobile,Debit Card,Organic Search,9,2.9,2,4,0,0
C04689,United States,38,Male,Free,5/29/2025,30,2868.94,87.32,31,Home & Kitchen,Mobile,PayPal,Direct,9,4.1,2,13,1,0
C04690,Brazil,31,Male,Silver,1/6/2025,6,335.02,50.93,42,Clothing & Apparel,Desktop,Credit Card,Organic Search,1,4.2,0,3,1,0
C04691,India,63,Female,Free,12/2/2024,52,1777.01,31.34,51,Pet Supplies,Mobile,Credit Card,Organic Search,12,3.9,0,3,0,0
C04692,United States,28,Male,Silver,8/27/2025,2,103.16,46.78,1,Health & Wellness,Mobile,Buy Now Pay Later,Email Campaign,0,4.6,0,18,1,0
C04693,Germany,26,Female,Free,6/19/2024,6,157.07,28.55,36,Beauty & Personal Care,Mobile,UPI / Digital Wallet,Referral,1,4.7,0,6,1,0
C04694,United States,29,Male,Free,8/2/2023,2,238.95,139.38,23,Travel & Luggage,Desktop,PayPal,Organic Search,0,4.3,0,0,1,0
C04695,United States,35,Female,Free,3/17/2021,3,309.24,92.59,81,Toys & Games,Tablet,PayPal,Direct,0,4.4,0,4,1,0
C04696,Turkey,41,Female,Free,10/19/2025,5,198.35,41.19,5,Home & Kitchen,Mobile,PayPal,Referral,1,4.8,0,2,0,0
C04697,Australia,35,Male,Platinum,9/12/2025,2,918.91,454.09,50,Toys & Games,Desktop,PayPal,Email Campaign,0,3.7,0,3,0,0
C04698,Mexico,32,Male,Gold,3/30/2024,16,1825.48,117.8,84,Food & Grocery,Mobile,Debit Card,Email Campaign,3,4.7,1,7,1,0
C04699,France,28,Male,Gold,9/2/2025,7,915.23,139.28,0,Jewelry & Accessories,Mobile,Debit Card,Email Campaign,1,4.8,0,9,1,0
C04700,Poland,45,Other,Free,10/9/2025,4,428.03,114.29,126,Home & Kitchen,Mobile,Credit Card,Referral,1,4.7,0,3,1,0
C04701,Canada,40,Female,Gold,3/21/2026,13,3362.84,228.28,75,Food & Grocery,Mobile,Credit Card,Paid Ad,4,4.7,0,0,1,0
C04702,Australia,33,Male,Free,12/28/2023,17,2888.18,154.51,26,Beauty & Personal Care,Mobile,PayPal,Email Campaign,2,4.9,0,4,0,0
C04703,Mexico,35,Female,Free,12/29/2023,4,103.66,26.8,112,Sports & Outdoors,Desktop,Buy Now Pay Later,Paid Ad,1,3.6,0,12,0,0
C04704,Sweden,33,Male,Silver,10/3/2022,8,788.98,87.83,59,Home & Kitchen,Mobile,PayPal,Referral,0,4.7,1,3,0,0
C04705,United Kingdom,32,Female,Silver,10/8/2025,5,246.12,42.95,270,Home & Kitchen,Desktop,Credit Card,Organic Search,0,4.5,0,15,0,0
C04706,France,28,Other,Gold,2/27/2026,7,471.47,63.98,15,Clothing & Apparel,Mobile,Credit Card,Paid Ad,0,4.8,0,3,1,0
C04707,Brazil,42,Male,Gold,8/9/2024,6,331.01,64.26,187,Electronics,Desktop,Credit Card,Paid Ad,1,3,0,6,1,0
C04708,Turkey,18,Female,Gold,3/12/2026,13,1335.81,96.86,145,Electronics,Tablet,Debit Card,Email Campaign,2,4.2,0,11,1,0
C04709,United States,50,Female,Silver,9/7/2024,16,894.89,58.37,7,Toys & Games,Mobile,Debit Card,Organic Search,3,4.7,0,0,0,0
C04710,United States,44,Female,Free,2/5/2026,1,100.63,100.5,29,Books,Desktop,Cryptocurrency,Paid Ad,0,4,0,13,1,0
C04711,Germany,44,Female,Gold,6/4/2024,5,584.59,131.45,91,Books,Desktop,Buy Now Pay Later,Email Campaign,0,4.5,0,16,0,0
C04712,United States,29,Male,Free,3/30/2024,62,6486.52,111.16,164,Food & Grocery,Mobile,UPI / Digital Wallet,Email Campaign,14,4.7,7,9,1,0
C04713,Germany,40,Female,Free,3/29/2026,10,115.69,12.49,76,Clothing & Apparel,Mobile,UPI / Digital Wallet,Social Media,3,3.5,0,5,1,0
C04714,UAE,25,Male,Silver,6/25/2025,21,3999.66,180.31,31,Health & Wellness,Tablet,UPI / Digital Wallet,Direct,2,4,2,6,0,0
C04715,South Africa,20,Female,Free,3/30/2024,4,224.69,59.73,292,Electronics,Mobile,Credit Card,Email Campaign,1,4.1,0,18,0,1
C04716,United States,18,Male,Free,5/3/2025,17,1945.22,110.96,24,Jewelry & Accessories,Mobile,PayPal,Social Media,3,4.2,2,15,1,0
C04717,France,53,Female,Free,2/3/2026,16,931.37,58.05,187,Books,Mobile,Buy Now Pay Later,Email Campaign,2,3.4,1,19,1,0
C04718,United States,24,Male,Silver,11/18/2025,14,1149.27,75.32,12,Electronics,Mobile,Credit Card,Social Media,3,4.3,0,0,1,0
C04719,United States,29,Female,Silver,3/17/2025,34,630.8,17.8,337,Electronics,Mobile,PayPal,Social Media,12,4.2,2,1,0,0
C04720,United States,32,Male,Platinum,2/26/2026,4,1445.03,404.36,53,Clothing & Apparel,Desktop,Credit Card,Email Campaign,0,4.7,0,4,1,0
C04721,Mexico,31,Male,Free,1/1/2026,28,2110.76,70.1,11,Toys & Games,Tablet,Bank Transfer,Social Media,6,5,4,1,1,0
C04722,India,31,Male,Free,2/15/2026,1,48.91,53.88,60,Electronics,Desktop,Debit Card,Social Media,0,3.9,0,3,1,0
C04723,Spain,37,Female,Silver,2/18/2022,37,1722.11,53.26,51,Clothing & Apparel,Desktop,PayPal,Email Campaign,3,4.4,3,1,1,0
C04724,Germany,29,Male,Gold,7/13/2024,7,680.46,98.61,12,Health & Wellness,Mobile,PayPal,Organic Search,2,4.2,0,3,1,0
C04725,United States,40,Male,Free,5/31/2025,6,213.51,31.95,34,Office Supplies,Mobile,Credit Card,Paid Ad,0,3.6,0,0,0,0
C04726,Spain,36,Male,Free,10/3/2025,18,967.65,52.16,111,Beauty & Personal Care,Desktop,PayPal,Email Campaign,5,3.6,1,11,1,1
C04727,United States,46,Male,Free,3/27/2024,3,107.67,32.57,66,Clothing & Apparel,Mobile,UPI / Digital Wallet,Organic Search,1,4.5,0,10,0,0
C04728,United States,41,Male,Platinum,12/11/2025,3,232.13,89.57,36,Jewelry & Accessories,Mobile,Debit Card,Paid Ad,0,4.1,0,4,1,0
C04729,United States,27,Female,Free,9/7/2025,16,993.32,56.38,10,Pet Supplies,Mobile,UPI / Digital Wallet,Email Campaign,4,4.4,2,8,0,0
C04730,United States,18,Male,Platinum,10/5/2024,26,3773.45,135.1,0,Jewelry & Accessories,Tablet,UPI / Digital Wallet,Organic Search,9,4.4,0,3,1,0
C04731,United States,35,Male,Free,3/13/2025,4,150.97,35.1,81,Clothing & Apparel,Mobile,Debit Card,Referral,0,4.8,0,9,1,0
C04732,Netherlands,35,Male,Free,12/24/2025,1,40.62,39.8,38,Home & Kitchen,Desktop,Credit Card,Referral,0,3.4,0,5,1,0
C04733,Mexico,53,Female,Platinum,9/15/2024,11,856.4,74.83,20,Electronics,Desktop,Bank Transfer,Referral,4,4.5,0,2,1,0
C04734,United States,50,Female,Free,12/2/2025,21,1104.21,55.26,26,Electronics,Mobile,Debit Card,Email Campaign,5,3.5,2,0,1,0
C04735,India,29,Male,Free,1/11/2026,27,3478.74,135.32,102,Electronics,Mobile,Buy Now Pay Later,Organic Search,8,3.1,1,3,1,0
C04736,Mexico,35,Male,Free,12/3/2023,42,3501.25,81.48,46,Home & Kitchen,Tablet,Bank Transfer,Email Campaign,2,4.5,0,4,0,0
C04737,France,38,Female,Free,9/9/2025,21,1784.28,88.12,125,Electronics,Mobile,PayPal,Email Campaign,4,4.6,1,0,1,0
C04738,United States,39,Male,Free,12/14/2021,18,778.18,43.63,85,Clothing & Apparel,Mobile,PayPal,Social Media,3,3.6,1,0,0,0
C04739,Japan,63,Male,Free,7/5/2024,14,1729.1,143.51,13,Office Supplies,Mobile,PayPal,Direct,1,3.7,1,0,1,0
C04740,Canada,43,Male,Platinum,5/19/2025,24,997.46,46.55,61,Clothing & Apparel,Mobile,PayPal,Email Campaign,6,4,0,0,1,0
C04741,United States,53,Female,Silver,2/18/2026,14,421.16,32.76,126,Beauty & Personal Care,Mobile,Credit Card,Paid Ad,0,3.5,1,17,1,0
C04742,Australia,34,Male,Free,2/14/2023,28,3687.5,115.75,80,Food & Grocery,Mobile,Credit Card,Direct,10,4.5,1,4,1,0
C04743,Canada,39,Female,Free,1/3/2025,25,2053.42,71.95,11,Health & Wellness,Mobile,PayPal,Referral,2,4.2,0,0,1,0
C04744,United Kingdom,49,Female,Free,10/17/2025,45,5141.76,127.01,385,Books,Mobile,Credit Card,Organic Search,14,4.4,1,0,1,0
C04745,United States,22,Female,Platinum,4/29/2024,6,1052.74,197.89,14,Electronics,Desktop,Debit Card,Social Media,0,4.8,0,1,1,0
C04746,India,41,Female,Free,11/16/2025,1,150.28,154.96,0,Electronics,Desktop,PayPal,Social Media,0,4.6,0,2,1,0
C04747,Canada,33,Female,Free,4/26/2025,32,2669.99,96.98,64,Clothing & Apparel,Mobile,Debit Card,Direct,10,3.4,0,2,1,0
C04748,United States,18,Female,Silver,6/8/2024,1,30.11,30.9,66,Electronics,Desktop,Credit Card,Organic Search,0,4.4,0,0,1,1
C04749,United States,25,Female,Free,8/24/2024,9,431.2,48.01,51,Food & Grocery,Mobile,UPI / Digital Wallet,Referral,2,3.6,0,5,1,0
C04750,Australia,32,Male,Free,6/30/2024,6,364.5,63.63,7,Food & Grocery,Desktop,Buy Now Pay Later,Organic Search,1,4.1,0,5,1,0
C04751,United States,49,Female,Free,12/17/2024,8,738.3,84.15,39,Health & Wellness,Desktop,Debit Card,Organic Search,0,3.9,0,9,1,0
C04752,Mexico,38,Female,Silver,2/7/2026,6,654.08,110.17,97,Electronics,Desktop,Credit Card,Paid Ad,1,4.6,0,3,1,0
C04753,Australia,22,Male,Free,1/14/2024,7,648.61,84.75,33,Electronics,Mobile,PayPal,Organic Search,2,3.6,0,10,0,0
C04754,Sweden,33,Female,Free,11/1/2022,22,1947.64,93.23,61,Home & Kitchen,Tablet,Credit Card,Paid Ad,6,3.2,1,0,0,0
C04755,France,18,Female,Platinum,12/18/2025,60,3773.24,65.99,162,Clothing & Apparel,Mobile,Credit Card,Email Campaign,15,4.3,5,0,1,0
C04756,United States,30,Female,Free,5/18/2025,6,1076.94,201.38,38,Sports & Outdoors,Desktop,Credit Card,Social Media,0,4.5,0,3,1,0
C04757,Mexico,26,Female,Gold,3/30/2026,2,187.47,94.86,5,Electronics,Mobile,Debit Card,Paid Ad,0,4,0,13,1,0
C04758,United States,29,Female,Free,3/31/2026,10,1216.42,106.79,97,Electronics,Mobile,Buy Now Pay Later,Email Campaign,1,3.8,0,13,0,0
C04759,United States,18,Male,Free,11/29/2025,14,465.44,38.61,54,Jewelry & Accessories,Desktop,Credit Card,Social Media,0,4.2,1,25,1,0
C04760,India,24,Male,Free,3/6/2026,1,41.5,46.13,24,Health & Wellness,Mobile,Credit Card,Social Media,0,4.4,0,10,1,1
C04761,United States,37,Female,Free,6/29/2024,6,346.27,59.84,13,Home & Kitchen,Desktop,Credit Card,Email Campaign,0,3.9,0,8,1,0
C04762,United States,28,Female,Silver,3/27/2026,1,51.09,50.94,56,Electronics,Desktop,Debit Card,Email Campaign,0,4.1,0,16,1,0
C04763,United States,29,Male,Free,5/3/2023,6,187.24,28.78,9,Electronics,Desktop,Credit Card,Email Campaign,0,4.8,0,1,1,0
C04764,India,45,Male,Free,6/1/2024,37,780.63,21.82,107,Travel & Luggage,Mobile,Credit Card,Email Campaign,6,4,4,13,1,0
C04765,United States,29,Male,Silver,8/27/2025,3,53.92,18.61,4,Clothing & Apparel,Mobile,UPI / Digital Wallet,Paid Ad,1,3.8,0,0,1,0
C04766,Germany,32,Male,Free,8/30/2018,27,730.94,23.93,119,Clothing & Apparel,Mobile,PayPal,Referral,7,4.5,2,2,1,0
C04767,United Kingdom,33,Female,Free,1/2/2026,10,315.83,30.73,57,Beauty & Personal Care,Mobile,Debit Card,Organic Search,3,3.3,0,12,1,0
C04768,Sweden,40,Male,Silver,7/26/2025,19,2121.13,128.21,73,Health & Wellness,Tablet,Credit Card,Organic Search,1,4.7,0,7,1,0
C04769,Germany,54,Male,Silver,5/7/2025,3,104.55,39.64,15,Home & Kitchen,Mobile,Credit Card,Referral,1,4.5,0,0,0,0
C04770,Canada,64,Female,Free,12/16/2025,18,2319.68,115.64,38,Electronics,Mobile,Debit Card,Social Media,4,4.4,2,6,1,0
C04771,United States,53,Male,Silver,2/17/2026,13,1717.88,140.44,40,Pet Supplies,Mobile,Credit Card,Organic Search,1,4.1,1,5,1,0
C04772,Brazil,21,Male,Gold,11/10/2017,14,3927.36,248.42,101,Toys & Games,Mobile,Debit Card,Email Campaign,0,4.2,0,1,1,0
C04773,Japan,19,Male,Silver,8/2/2025,12,698.96,67.94,231,Home & Kitchen,Mobile,Debit Card,Paid Ad,2,4.4,0,5,1,1
C04774,Italy,31,Male,Silver,5/10/2025,6,282.12,44.23,10,Automotive,Desktop,Bank Transfer,Paid Ad,0,4.1,0,3,0,0
C04775,Brazil,34,Male,Platinum,10/2/2025,17,2287.19,148.24,306,Clothing & Apparel,Desktop,Credit Card,Social Media,6,3.8,1,3,1,0
C04776,Netherlands,44,Male,Silver,8/17/2023,11,779.34,74.47,70,Toys & Games,Mobile,Debit Card,Paid Ad,4,3.9,0,1,1,0
C04777,Japan,50,Male,Platinum,6/14/2023,31,7645.65,248.17,2,Food & Grocery,Mobile,Debit Card,Direct,9,4,1,8,1,0
C04778,Mexico,20,Male,Gold,12/20/2025,9,5523.7,596.52,64,Clothing & Apparel,Mobile,Credit Card,Email Campaign,1,4.5,1,5,1,0
C04779,United States,30,Female,Free,4/9/2025,3,76.21,25.94,51,Beauty & Personal Care,Desktop,Credit Card,Paid Ad,0,3.6,0,7,0,0
C04780,Netherlands,18,Female,Free,1/30/2025,3,177.03,59.79,16,Health & Wellness,Mobile,Credit Card,Organic Search,0,4.6,0,7,0,0
C04781,Canada,31,Female,Silver,10/20/2025,6,175.28,31.53,38,Electronics,Mobile,Credit Card,Paid Ad,0,4.6,0,0,1,0
C04782,India,39,Male,Free,5/24/2025,23,1317.42,60.25,20,Electronics,Desktop,PayPal,Social Media,3,4.2,2,0,1,0
C04783,United States,28,Female,Gold,4/26/2025,21,1153.09,49.47,97,Beauty & Personal Care,Mobile,UPI / Digital Wallet,Organic Search,5,4.7,2,18,0,0
C04784,France,34,Female,Platinum,6/3/2025,62,2730.86,48.83,2,Books,Desktop,Debit Card,Organic Search,5,3.8,7,9,1,1
C04785,United States,44,Female,Free,7/1/2024,16,982.21,63.24,16,Health & Wellness,Mobile,Credit Card,Organic Search,3,3.8,2,16,1,0
C04786,Canada,54,Female,Platinum,1/27/2025,27,1531.21,56.37,12,Electronics,Mobile,Debit Card,Paid Ad,2,4,0,1,0,0
C04787,United States,41,Male,Free,4/30/2024,29,1962.58,61.05,31,Sports & Outdoors,Mobile,Debit Card,Paid Ad,10,4.1,2,19,1,0
C04788,United Kingdom,50,Female,Free,1/28/2024,17,1245.94,73.84,154,Travel & Luggage,Mobile,Credit Card,Social Media,4,3.9,0,0,0,0
C04789,United States,38,Male,Free,5/24/2022,15,2159,129.97,110,Sports & Outdoors,Mobile,Credit Card,Referral,4,3.4,0,0,0,0
C04790,Brazil,24,Female,Platinum,10/16/2022,24,1272.58,51.23,18,Home & Kitchen,Desktop,PayPal,Paid Ad,5,4.6,0,1,1,0
C04791,Mexico,53,Female,Free,7/2/2023,1,188.04,187.14,23,Jewelry & Accessories,Desktop,UPI / Digital Wallet,Email Campaign,0,3.1,0,22,1,0
C04792,India,43,Male,Silver,10/22/2024,15,1981.36,118.29,71,Automotive,Mobile,Credit Card,Email Campaign,5,4.5,0,12,1,0
C04793,Canada,31,Female,Free,8/25/2023,13,1283.6,91.14,82,Beauty & Personal Care,Mobile,Credit Card,Email Campaign,4,4,1,0,1,0
C04794,Turkey,32,Female,Free,11/25/2024,2,89.01,43.46,47,Health & Wellness,Mobile,Credit Card,Email Campaign,0,3.7,0,0,0,1
C04795,India,41,Female,Gold,12/6/2024,12,882.78,67.03,184,Electronics,Mobile,Debit Card,Organic Search,2,4.3,0,3,1,0
C04796,United States,41,Male,Silver,3/9/2021,11,591.03,58.13,58,Sports & Outdoors,Mobile,Credit Card,Social Media,1,4.2,1,1,1,0
C04797,France,65,Female,Platinum,10/9/2025,18,2954.63,152.93,23,Toys & Games,Desktop,Credit Card,Direct,4,4.4,2,1,1,0
C04798,Canada,40,Female,Free,6/1/2025,8,415.51,56.19,42,Electronics,Desktop,PayPal,Organic Search,1,4.3,0,3,0,0
C04799,Germany,40,Male,Free,2/21/2025,9,590.16,59.42,18,Toys & Games,Tablet,Credit Card,Paid Ad,3,4.6,0,10,0,0
C04800,Mexico,43,Male,Gold,1/22/2025,20,458.7,20.36,5,Electronics,Mobile,UPI / Digital Wallet,Email Campaign,3,4.9,2,9,0,0
C04801,Japan,21,Female,Free,12/6/2024,10,1431.7,130.08,248,Jewelry & Accessories,Desktop,Debit Card,Direct,3,4.2,0,2,1,0
C04802,Canada,41,Female,Free,6/17/2020,34,2696.65,81.31,146,Sports & Outdoors,Mobile,Credit Card,Email Campaign,9,4.3,2,5,0,0
C04803,Poland,49,Male,Silver,10/19/2025,42,3207.04,68.02,274,Electronics,Mobile,Credit Card,Organic Search,9,3.5,6,9,1,0
C04804,Australia,47,Male,Gold,3/17/2021,6,150.15,24.58,47,Electronics,Desktop,PayPal,Organic Search,0,3.4,0,0,0,0
C04805,United States,67,Female,Silver,6/25/2024,4,164.04,39.01,2,Food & Grocery,Desktop,Debit Card,Direct,0,4.1,0,2,1,0
C04806,Germany,49,Female,Silver,11/14/2020,10,890.61,84.59,111,Books,Desktop,Credit Card,Social Media,3,3.2,0,3,0,0
C04807,South Korea,33,Male,Silver,4/15/2025,35,1902.66,55.67,14,Clothing & Apparel,Mobile,Bank Transfer,Paid Ad,8,3.7,0,1,1,0
C04808,United States,35,Male,Platinum,9/1/2025,39,7021.59,188.99,26,Home & Kitchen,Mobile,Credit Card,Email Campaign,12,4.7,0,1,1,0
C04809,India,24,Female,Silver,2/9/2026,7,181.66,24.79,3,Automotive,Mobile,Buy Now Pay Later,Paid Ad,0,4.6,0,4,1,0
C04810,Brazil,38,Male,Platinum,4/2/2024,34,2101.06,70.93,29,Jewelry & Accessories,Desktop,PayPal,Organic Search,10,4,2,7,0,0
C04811,India,46,Female,Free,4/24/2025,7,250.83,40.27,27,Books,Mobile,Buy Now Pay Later,Social Media,2,4.2,0,3,1,0
C04812,United Kingdom,43,Male,Free,10/16/2024,7,296.28,43.95,115,Home & Kitchen,Desktop,Credit Card,Organic Search,2,4.5,0,0,0,0
C04813,United States,23,Female,Gold,11/23/2025,3,243.45,71.62,49,Electronics,Desktop,Credit Card,Direct,0,4.7,0,6,1,0
C04814,United States,36,Female,Free,2/16/2026,17,3585.2,191.54,28,Clothing & Apparel,Tablet,Debit Card,Social Media,4,4.6,2,2,0,0
C04815,Germany,42,Male,Free,7/16/2025,4,91.72,22,65,Electronics,Mobile,Credit Card,Email Campaign,0,3.9,0,3,1,0
C04816,Germany,43,Male,Silver,12/30/2020,6,308.83,45.39,55,Beauty & Personal Care,Mobile,Buy Now Pay Later,Email Campaign,1,3.6,0,3,0,0
C04817,Poland,41,Male,Free,2/2/2026,20,2046.68,105.66,149,Jewelry & Accessories,Desktop,Buy Now Pay Later,Direct,1,3.1,2,6,0,0
C04818,India,33,Female,Free,11/23/2023,26,985.45,36.92,5,Beauty & Personal Care,Mobile,Credit Card,Organic Search,10,4.4,3,5,0,0
C04819,UAE,40,Female,Platinum,5/18/2025,15,3781.71,235.68,43,Toys & Games,Tablet,Debit Card,Social Media,4,3.9,1,1,0,0
C04820,Germany,34,Female,Free,11/20/2025,12,1496.34,109.11,30,Food & Grocery,Mobile,Credit Card,Organic Search,0,4.2,1,2,0,0
C04821,France,24,Male,Platinum,12/1/2024,2,255.78,122.41,93,Books,Mobile,Debit Card,Paid Ad,0,3.8,0,1,1,0
C04822,Singapore,21,Male,Free,1/26/2026,4,102.88,22.86,477,Electronics,Mobile,Credit Card,Paid Ad,0,3.4,0,2,0,0
C04823,Japan,35,Female,Free,11/19/2025,22,3613.41,159.42,34,Pet Supplies,Mobile,Credit Card,Email Campaign,2,4.2,1,10,1,0
C04824,South Korea,38,Male,Platinum,11/23/2024,32,1456.1,46.92,38,Food & Grocery,Mobile,PayPal,Social Media,6,4.3,2,2,0,0
C04825,Mexico,25,Female,Silver,3/22/2026,5,169.18,30.03,60,Electronics,Mobile,Debit Card,Email Campaign,1,4.4,0,0,1,0
C04826,United States,38,Male,Free,12/3/2025,55,3182.77,61.24,0,Automotive,Desktop,Credit Card,Email Campaign,9,4.5,7,3,0,0
C04827,Netherlands,19,Female,Free,11/7/2025,5,195.44,42.55,234,Books,Mobile,Credit Card,Organic Search,0,4,0,5,1,0
C04828,Turkey,34,Female,Free,2/20/2026,32,2595.61,90.55,45,Food & Grocery,Desktop,Bank Transfer,Organic Search,6,4.5,4,1,0,0
C04829,United Kingdom,48,Other,Free,3/22/2026,6,257.15,48.18,10,Books,Mobile,Credit Card,Organic Search,2,3.9,0,12,0,0
C04830,Mexico,18,Other,Silver,4/7/2025,8,712.43,79.39,16,Home & Kitchen,Mobile,Credit Card,Organic Search,2,3.6,0,9,1,0
C04831,Germany,43,Female,Free,12/10/2024,15,1170.62,77.31,100,Books,Desktop,Debit Card,Direct,1,3.9,1,24,1,0
C04832,United States,43,Male,Free,10/23/2023,11,295.97,30.28,24,Beauty & Personal Care,Desktop,Debit Card,Direct,0,2.5,0,1,0,1
C04833,India,26,Male,Platinum,1/6/2026,12,1920.82,177.43,15,Clothing & Apparel,Desktop,Credit Card,Email Campaign,1,3.6,0,2,1,0
C04834,United States,30,Female,Free,3/9/2024,2,99.93,45.56,32,Electronics,Tablet,Credit Card,Referral,0,3.7,0,11,1,0
C04835,United States,33,Other,Platinum,1/24/2025,25,4574.93,202.75,10,Food & Grocery,Mobile,Credit Card,Email Campaign,1,4.1,2,1,1,0
C04836,United Kingdom,31,Female,Silver,12/17/2025,19,896.49,48.08,90,Office Supplies,Mobile,UPI / Digital Wallet,Social Media,4,4.6,2,4,1,0
C04837,India,36,Other,Free,7/27/2023,3,125.27,39.99,57,Home & Kitchen,Mobile,Credit Card,Social Media,0,3.8,0,6,1,0
C04838,United States,44,Male,Free,3/21/2026,9,432.74,56.52,116,Office Supplies,Mobile,Buy Now Pay Later,Paid Ad,3,4.7,1,0,1,0
C04839,Germany,30,Male,Silver,6/9/2024,4,346.76,80.26,32,Clothing & Apparel,Desktop,Buy Now Pay Later,Referral,1,4.5,0,9,0,0
C04840,Germany,37,Other,Free,7/10/2025,4,124.47,33.36,25,Pet Supplies,Desktop,PayPal,Paid Ad,1,4.5,0,0,1,0
C04841,United States,31,Male,Platinum,10/26/2023,15,834.35,56.15,70,Home & Kitchen,Mobile,Credit Card,Social Media,3,3.7,1,2,0,0
C04842,India,24,Female,Silver,11/10/2024,42,2883.38,64.27,216,Electronics,Mobile,Credit Card,Organic Search,11,4.1,4,8,0,0
C04843,United States,44,Male,Silver,6/24/2025,7,675.94,85.43,26,Electronics,Mobile,PayPal,Organic Search,0,3.4,0,5,0,0
C04844,Canada,46,Female,Free,3/1/2026,12,740.76,72.2,30,Automotive,Mobile,Debit Card,Email Campaign,1,3.9,0,4,0,0
C04845,United States,25,Female,Gold,7/21/2024,12,442.05,40.66,164,Clothing & Apparel,Desktop,Credit Card,Referral,2,4,0,0,1,0
C04846,United States,19,Male,Silver,7/29/2024,11,714.56,64.73,110,Clothing & Apparel,Mobile,Debit Card,Email Campaign,2,3.9,0,11,1,0
C04847,Brazil,31,Male,Gold,11/7/2025,6,555.84,89.66,81,Home & Kitchen,Tablet,Credit Card,Direct,2,4.3,0,0,0,0
C04848,India,39,Male,Silver,3/28/2026,52,1657.34,29.47,9,Books,Mobile,PayPal,Paid Ad,15,4.4,6,0,1,0
C04849,Germany,31,Male,Free,2/12/2026,3,243.2,73.54,17,Books,Mobile,Debit Card,Social Media,0,4.3,0,3,1,1
C04850,India,57,Other,Free,12/7/2025,10,1901.47,215.5,23,Clothing & Apparel,Mobile,Credit Card,Email Campaign,2,4.3,0,3,1,0
C04851,United Kingdom,24,Female,Free,12/13/2023,18,1326.92,73.21,39,Clothing & Apparel,Tablet,PayPal,Organic Search,3,4.8,0,11,1,0
C04852,United States,40,Female,Free,10/31/2023,1,89.2,94.03,36,Automotive,Tablet,Buy Now Pay Later,Paid Ad,0,4.9,0,10,1,0
C04853,United States,18,Female,Free,2/8/2026,19,1822.22,100.55,86,Home & Kitchen,Mobile,Credit Card,Organic Search,1,4.5,0,3,1,0
C04854,United States,30,Male,Free,10/12/2024,38,877.39,25.35,54,Home & Kitchen,Mobile,Debit Card,Email Campaign,7,2.4,0,2,0,0
C04855,France,34,Male,Free,11/15/2025,13,2026.12,179.53,39,Sports & Outdoors,Desktop,Debit Card,Organic Search,4,4.4,1,1,1,0
C04856,Brazil,33,Female,Silver,12/18/2025,23,784.99,35.7,70,Home & Kitchen,Desktop,Credit Card,Organic Search,2,3.4,1,8,0,0
C04857,Australia,30,Female,Gold,11/2/2025,48,3888.4,72.27,133,Books,Mobile,PayPal,Direct,17,3.6,3,1,0,0
C04858,South Korea,18,Female,Silver,5/21/2024,7,529.03,82.77,58,Electronics,Mobile,PayPal,Direct,0,4.1,0,12,0,0
C04859,United States,42,Male,Free,1/2/2023,14,282.36,19.24,32,Books,Mobile,Debit Card,Social Media,1,3.8,1,0,0,0
C04860,United States,36,Female,Free,11/3/2025,11,502.49,46.64,12,Electronics,Mobile,Debit Card,Email Campaign,0,4.4,0,0,0,0
C04861,Australia,29,Male,Silver,5/3/2025,3,106.79,34.99,74,Sports & Outdoors,Desktop,Debit Card,Organic Search,0,4,0,3,0,0
C04862,United States,46,Male,Free,9/10/2023,21,746.59,33.66,24,Pet Supplies,Mobile,Buy Now Pay Later,Social Media,6,4.1,1,4,0,0
C04863,Singapore,40,Female,Free,12/21/2023,10,2270.16,220.96,91,Beauty & Personal Care,Tablet,Debit Card,Organic Search,2,3.2,0,0,1,0
C04864,United States,25,Male,Free,10/9/2025,27,5798.14,227.48,11,Electronics,Tablet,Debit Card,Email Campaign,4,4.8,1,1,0,0
C04865,Sweden,46,Female,Free,3/1/2025,6,602.84,88.53,27,Home & Kitchen,Mobile,Debit Card,Organic Search,1,4,0,16,0,0
C04866,United States,48,Female,Platinum,3/13/2026,17,3021.81,157.76,90,Electronics,Mobile,UPI / Digital Wallet,Email Campaign,2,4,2,0,1,0
C04867,Australia,18,Male,Free,12/14/2023,7,689.45,111.7,17,Clothing & Apparel,Mobile,Credit Card,Organic Search,2,4.2,0,7,1,0
C04868,United States,41,Other,Free,11/13/2025,12,4504.48,407.43,70,Office Supplies,Mobile,PayPal,Social Media,2,2.4,0,4,1,0
C04869,France,58,Female,Silver,6/8/2024,6,306.02,55.24,69,Toys & Games,Desktop,Credit Card,Email Campaign,1,4.2,0,1,0,0
C04870,United States,30,Female,Free,6/9/2024,6,379.27,63.57,24,Electronics,Desktop,Credit Card,Email Campaign,1,4.1,0,1,1,0
C04871,Germany,32,Male,Free,11/30/2025,3,732.61,219,30,Electronics,Mobile,UPI / Digital Wallet,Paid Ad,0,3.9,0,1,0,0
C04872,United Kingdom,28,Female,Free,2/12/2026,5,301.44,61.72,64,Beauty & Personal Care,Tablet,Credit Card,Paid Ad,1,4.4,0,24,1,0
C04873,United States,29,Female,Silver,4/22/2023,15,812.77,62.09,65,Clothing & Apparel,Desktop,Bank Transfer,Organic Search,5,4.6,2,6,1,0
C04874,United States,49,Male,Platinum,11/29/2025,13,1181.98,92.88,22,Home & Kitchen,Mobile,Credit Card,Referral,2,3.5,1,1,0,0
C04875,Italy,37,Female,Free,9/27/2024,37,1452.91,41.06,18,Electronics,Mobile,UPI / Digital Wallet,Organic Search,11,4.4,1,2,0,0
C04876,United Kingdom,42,Male,Free,3/8/2026,57,2511.98,45.93,18,Electronics,Tablet,Cryptocurrency,Email Campaign,5,4.7,3,1,1,0
C04877,United Kingdom,18,Other,Free,1/31/2026,1,29.63,34.64,146,Toys & Games,Desktop,Bank Transfer,Paid Ad,0,4.2,0,4,1,1
C04878,United States,23,Female,Platinum,2/1/2025,10,814.2,74.07,46,Home & Kitchen,Mobile,Credit Card,Referral,3,4.1,0,6,1,0
C04879,Japan,31,Female,Gold,4/18/2021,17,1466.26,89.72,5,Electronics,Mobile,UPI / Digital Wallet,Social Media,2,3.6,2,1,0,1
C04880,United States,22,Male,Free,12/18/2025,32,1274.38,39.71,35,Beauty & Personal Care,Mobile,Debit Card,Paid Ad,5,4.6,0,7,0,0
C04881,Japan,31,Female,Silver,5/10/2023,2,146.95,72.58,31,Food & Grocery,Tablet,Credit Card,Direct,0,4.9,0,0,0,0
C04882,France,27,Male,Silver,12/16/2025,13,613.99,44.49,40,Health & Wellness,Mobile,UPI / Digital Wallet,Direct,1,3.9,1,15,1,0
C04883,Canada,58,Female,Silver,8/21/2025,65,4628.56,65.21,15,Electronics,Mobile,Credit Card,Social Media,13,3.7,2,1,0,0
C04884,Japan,24,Male,Free,11/9/2024,11,2576.11,249.79,84,Home & Kitchen,Tablet,Credit Card,Email Campaign,2,4.7,1,9,1,0
C04885,Mexico,35,Female,Free,11/26/2025,18,709.15,34.36,50,Automotive,Desktop,UPI / Digital Wallet,Referral,5,4,0,0,1,1
C04886,Brazil,36,Male,Silver,3/22/2026,9,740.5,95.2,64,Travel & Luggage,Desktop,Credit Card,Direct,1,4.8,1,9,1,0
C04887,United States,49,Female,Free,9/11/2023,53,1327.34,24.35,9,Beauty & Personal Care,Desktop,PayPal,Social Media,17,4.6,7,7,1,0
C04888,France,26,Female,Silver,9/1/2022,12,3510.79,334.42,82,Sports & Outdoors,Mobile,Debit Card,Paid Ad,3,4.5,1,2,0,0
C04889,Canada,18,Female,Free,8/8/2023,7,555.42,91.07,59,Home & Kitchen,Mobile,Credit Card,Referral,0,4,0,1,1,0
C04890,Mexico,23,Female,Silver,6/15/2025,4,79.82,19.34,4,Beauty & Personal Care,Mobile,Credit Card,Organic Search,1,2.9,0,3,0,0
C04891,United States,38,Male,Gold,11/25/2023,3,238.22,74.2,105,Clothing & Apparel,Desktop,Credit Card,Organic Search,0,4.9,0,6,0,0
C04892,United Kingdom,47,Male,Free,10/3/2024,19,3413.31,191.96,77,Toys & Games,Tablet,UPI / Digital Wallet,Social Media,5,4,2,0,1,0
C04893,France,36,Female,Free,4/26/2025,18,773.1,39.22,213,Clothing & Apparel,Desktop,Credit Card,Direct,2,3.5,0,4,1,0
C04894,Mexico,27,Male,Free,11/28/2024,5,342.84,80.34,63,Books,Mobile,Debit Card,Email Campaign,1,4.1,0,5,0,0
C04895,France,42,Female,Platinum,8/6/2024,9,762,95.56,40,Clothing & Apparel,Desktop,UPI / Digital Wallet,Paid Ad,2,4,0,4,0,0
C04896,Singapore,18,Other,Silver,7/10/2025,2,60.21,33.27,102,Health & Wellness,Mobile,Cryptocurrency,Email Campaign,0,4.6,0,1,0,0
C04897,United States,36,Male,Silver,10/30/2024,17,884.48,47.82,80,Clothing & Apparel,Desktop,Credit Card,Organic Search,5,3.9,0,10,0,0
C04898,Canada,19,Male,Free,1/22/2024,3,326.24,95.8,44,Food & Grocery,Desktop,Credit Card,Email Campaign,0,4.1,0,0,1,0
C04899,United States,52,Male,Gold,10/6/2023,19,859.44,52.6,43,Clothing & Apparel,Desktop,Debit Card,Email Campaign,6,4.4,1,12,0,0
C04900,United States,41,Male,Free,6/13/2025,2,148.96,79.75,13,Electronics,Desktop,UPI / Digital Wallet,Social Media,0,3.6,0,2,1,1
C04901,United States,22,Female,Silver,3/16/2024,35,22774.9,597.14,51,Home & Kitchen,Desktop,PayPal,Organic Search,8,4.3,3,4,1,1
C04902,United States,26,Male,Free,8/4/2025,26,1475.72,63.39,68,Electronics,Mobile,Credit Card,Organic Search,7,4.1,3,1,0,1
C04903,United States,32,Male,Platinum,10/21/2022,23,2831.47,125.99,36,Clothing & Apparel,Mobile,PayPal,Organic Search,7,4,0,3,0,0
C04904,India,18,Female,Free,11/5/2025,15,1793.05,104.39,20,Clothing & Apparel,Desktop,PayPal,Organic Search,0,4.8,0,3,1,0
C04905,Brazil,33,Male,Free,12/18/2024,2,59.4,34.73,107,Electronics,Tablet,PayPal,Paid Ad,0,4.4,0,0,1,1
C04906,United Kingdom,37,Male,Free,7/15/2021,4,165.04,39.64,27,Health & Wellness,Tablet,Credit Card,Organic Search,0,3.6,0,23,1,0
C04907,United Kingdom,24,Male,Free,7/29/2023,18,1156.93,64.52,176,Office Supplies,Desktop,Credit Card,Social Media,6,3.9,0,3,1,0
C04908,Italy,18,Male,Silver,5/14/2023,3,287.29,102.78,4,Toys & Games,Mobile,PayPal,Paid Ad,0,4.2,0,1,1,0
C04909,Germany,37,Male,Free,11/27/2025,18,2007.39,118.92,30,Home & Kitchen,Desktop,Credit Card,Organic Search,5,4.7,2,1,1,0
C04910,Turkey,35,Female,Free,12/22/2021,3,29.16,8.69,71,Electronics,Mobile,PayPal,Direct,1,3.5,0,4,1,0
C04911,Italy,41,Male,Free,10/29/2025,19,1328.06,63.34,18,Office Supplies,Desktop,Credit Card,Referral,7,3.9,0,2,1,0
C04912,United Kingdom,42,Male,Free,4/29/2020,9,819.37,88.98,96,Clothing & Apparel,Desktop,Credit Card,Direct,3,3.5,1,2,1,0
C04913,United States,27,Female,Free,12/8/2016,35,1115.53,37.4,76,Sports & Outdoors,Mobile,Debit Card,Organic Search,7,3.7,0,1,0,0
C04914,France,33,Female,Free,12/4/2024,12,919.81,84.21,14,Electronics,Desktop,Bank Transfer,Email Campaign,2,3.7,0,0,0,0
C04915,United States,28,Male,Free,12/6/2021,17,893.46,54.46,68,Home & Kitchen,Mobile,PayPal,Email Campaign,2,4.3,1,3,0,0
C04916,India,36,Male,Platinum,10/22/2025,21,2915.89,153.74,16,Clothing & Apparel,Tablet,UPI / Digital Wallet,Organic Search,5,3.7,1,2,1,0
C04917,Japan,33,Male,Free,5/5/2025,10,677.13,67.25,81,Pet Supplies,Mobile,PayPal,Social Media,2,4.2,0,10,1,0
C04918,India,33,Male,Platinum,3/17/2025,38,8878.64,273.36,88,Food & Grocery,Mobile,UPI / Digital Wallet,Social Media,8,4.5,3,0,0,0
C04919,United States,48,Male,Free,1/2/2026,9,726.24,81.62,0,Pet Supplies,Desktop,PayPal,Paid Ad,2,4.3,1,4,1,0
C04920,United States,18,Female,Silver,1/29/2026,8,477.31,53.53,42,Toys & Games,Desktop,Credit Card,Paid Ad,2,4.7,1,1,0,0
C04921,Brazil,38,Male,Free,12/21/2025,13,928.84,77.1,21,Electronics,Desktop,Credit Card,Organic Search,4,4,0,3,0,0
C04922,Netherlands,36,Female,Free,6/18/2024,32,1008.77,28.34,223,Electronics,Mobile,Cryptocurrency,Organic Search,10,4,2,2,1,1
C04923,United Kingdom,39,Male,Silver,7/16/2025,24,1291.93,51.3,218,Beauty & Personal Care,Mobile,Debit Card,Organic Search,8,4.4,0,3,1,0
C04924,Mexico,53,Female,Free,9/23/2021,19,4856.62,270.28,57,Pet Supplies,Desktop,Buy Now Pay Later,Paid Ad,3,4,2,12,1,0
C04925,United Kingdom,39,Female,Free,1/13/2023,58,5584.8,91.79,22,Health & Wellness,Desktop,Credit Card,Email Campaign,15,4.2,0,1,0,0
C04926,Italy,38,Female,Gold,8/12/2020,8,311.51,35.78,7,Electronics,Mobile,Debit Card,Referral,0,4.4,0,0,0,0
C04927,United Kingdom,24,Female,Free,4/16/2025,29,644.3,24.12,14,Beauty & Personal Care,Desktop,Credit Card,Organic Search,5,4,3,0,1,0
C04928,United States,29,Male,Free,3/17/2024,59,3117.47,48.82,3,Sports & Outdoors,Mobile,Bank Transfer,Social Media,5,4.2,6,12,1,0
C04929,United Kingdom,40,Female,Platinum,9/17/2024,15,587.47,43.52,23,Books,Mobile,Credit Card,Social Media,3,4.4,1,1,1,0
C04930,United Kingdom,29,Male,Free,11/23/2025,11,1277.41,107.89,60,Home & Kitchen,Mobile,Buy Now Pay Later,Direct,2,4,0,0,1,0
C04931,Mexico,50,Male,Free,5/17/2024,6,216.78,35.73,22,Electronics,Mobile,PayPal,Direct,1,4.1,0,0,1,0
C04932,Brazil,33,Female,Free,1/28/2025,14,887.45,57.8,123,Clothing & Apparel,Mobile,PayPal,Organic Search,2,4.9,0,4,0,0
C04933,France,24,Male,Free,9/21/2025,10,658.64,66.19,19,Electronics,Mobile,Credit Card,Organic Search,3,3.2,0,6,1,0
C04934,Germany,35,Female,Free,9/30/2025,25,5525.47,203.26,26,Electronics,Mobile,UPI / Digital Wallet,Referral,2,4.8,0,0,0,0
C04935,United States,41,Female,Free,8/22/2023,2,494.98,251.82,15,Toys & Games,Mobile,Credit Card,Organic Search,0,3.7,0,4,1,1
C04936,Canada,35,Male,Platinum,11/18/2022,2,131.87,59.22,16,Beauty & Personal Care,Desktop,PayPal,Email Campaign,0,3.6,0,1,1,0
C04937,Mexico,46,Female,Free,9/23/2025,34,2183.33,72.92,7,Home & Kitchen,Mobile,Credit Card,Social Media,8,3.4,2,3,1,0
C04938,United States,23,Female,Silver,10/10/2024,10,229.63,23.06,46,Jewelry & Accessories,Desktop,Debit Card,Email Campaign,2,2.8,0,7,1,0
C04939,France,20,Female,Free,9/15/2025,18,485.94,27.41,8,Books,Mobile,Bank Transfer,Organic Search,5,3.8,1,11,0,0
C04940,United States,41,Male,Free,8/13/2019,10,1477.48,130.51,1,Electronics,Desktop,Credit Card,Direct,0,4.2,1,6,1,0
C04941,Australia,18,Female,Free,5/12/2023,8,186.35,25.77,34,Electronics,Mobile,PayPal,Social Media,2,4.5,0,5,1,0
C04942,India,21,Other,Free,3/8/2026,2,73.34,32.83,157,Beauty & Personal Care,Desktop,PayPal,Social Media,0,5,0,0,1,0
C04943,Germany,52,Other,Silver,7/26/2025,12,1492.61,137.31,123,Home & Kitchen,Mobile,PayPal,Paid Ad,2,4.5,0,16,1,0
C04944,Spain,39,Female,Gold,10/30/2025,17,815.94,51.62,158,Pet Supplies,Mobile,Credit Card,Social Media,3,4.4,1,2,0,0
C04945,Australia,35,Male,Free,10/10/2025,1,67.01,76.45,43,Food & Grocery,Mobile,Debit Card,Referral,0,4.1,0,4,0,1
C04946,UAE,29,Female,Free,7/28/2022,2,88.25,45.42,8,Food & Grocery,Desktop,Credit Card,Social Media,0,3.9,0,3,1,0
C04947,United States,28,Male,Free,2/15/2024,42,5657.71,146.26,66,Toys & Games,Mobile,PayPal,Direct,9,4.2,5,2,0,0
C04948,France,51,Other,Silver,9/30/2025,16,347.4,25.21,2,Health & Wellness,Mobile,Credit Card,Email Campaign,3,4.6,0,3,0,0
C04949,Germany,46,Male,Silver,11/25/2023,42,1311.64,28.34,25,Health & Wellness,Mobile,Debit Card,Organic Search,3,2.5,2,1,1,0
C04950,India,52,Female,Free,8/18/2025,3,298.87,88.7,27,Books,Desktop,Credit Card,Social Media,0,4.4,0,7,1,0
C04951,United Kingdom,42,Female,Free,3/7/2025,8,497.1,58.28,150,Beauty & Personal Care,Tablet,Credit Card,Social Media,2,4.8,0,1,0,0
C04952,France,25,Female,Silver,12/26/2025,45,1645.49,39.86,59,Clothing & Apparel,Desktop,Credit Card,Paid Ad,17,3.2,5,1,1,0
C04953,India,27,Male,Free,2/23/2026,42,1351.93,35.32,2,Sports & Outdoors,Desktop,Debit Card,Social Media,4,4.6,4,4,1,0
C04954,Germany,53,Male,Free,6/30/2023,11,2053.99,195.55,2,Clothing & Apparel,Mobile,PayPal,Organic Search,3,4.4,0,2,0,0
C04955,United States,27,Male,Free,11/7/2025,29,2454.02,88.11,20,Home & Kitchen,Mobile,PayPal,Email Campaign,7,4,2,5,1,0
C04956,Canada,53,Male,Free,5/26/2022,7,623.77,98.06,54,Jewelry & Accessories,Mobile,Credit Card,Paid Ad,2,4.6,0,16,1,1
C04957,United States,39,Male,Silver,8/26/2025,3,189.38,61.26,265,Home & Kitchen,Desktop,Debit Card,Email Campaign,0,4.6,0,6,1,1
C04958,Brazil,28,Female,Silver,8/18/2025,28,5908.95,187.67,4,Home & Kitchen,Desktop,Credit Card,Referral,11,3.6,2,1,1,0
C04959,South Korea,35,Male,Platinum,3/18/2025,4,698.64,204.28,25,Food & Grocery,Mobile,Credit Card,Email Campaign,0,4.4,0,1,0,0
C04960,Spain,31,Male,Free,5/28/2024,34,1843.03,59.88,8,Electronics,Mobile,PayPal,Paid Ad,6,4.5,4,19,0,0
C04961,United States,46,Female,Free,10/4/2024,49,10553.35,207.91,21,Beauty & Personal Care,Tablet,UPI / Digital Wallet,Organic Search,4,3.2,4,1,0,0
C04962,South Korea,18,Male,Platinum,11/18/2025,2,192.87,104.42,32,Beauty & Personal Care,Mobile,Credit Card,Organic Search,0,4.6,0,0,1,0
C04963,South Korea,21,Female,Free,11/8/2020,1,76.34,79.07,58,Jewelry & Accessories,Mobile,Credit Card,Email Campaign,0,4.1,0,4,1,0
C04964,United States,43,Female,Silver,12/7/2022,9,1062.88,120.7,4,Clothing & Apparel,Tablet,Debit Card,Email Campaign,3,4.1,0,6,0,0
C04965,Sweden,26,Male,Gold,9/1/2021,9,1217.14,139.02,17,Home & Kitchen,Mobile,Credit Card,Email Campaign,3,4.8,0,1,0,0
C04966,South Africa,24,Female,Free,3/24/2026,18,1139.36,67.7,10,Electronics,Mobile,Debit Card,Organic Search,5,4.2,0,6,0,0
C04967,Germany,44,Male,Platinum,11/24/2024,31,1507.37,50.76,13,Electronics,Desktop,Bank Transfer,Social Media,2,3.9,0,4,1,0
C04968,UAE,39,Male,Free,12/9/2025,6,313.04,54.09,8,Health & Wellness,Mobile,Credit Card,Organic Search,1,4.8,0,0,1,0
C04969,South Africa,39,Male,Gold,11/19/2025,1,68.93,62.82,13,Clothing & Apparel,Mobile,PayPal,Paid Ad,0,3.6,0,2,1,1
C04970,India,23,Female,Free,6/20/2024,12,2133.08,197.98,1,Beauty & Personal Care,Desktop,UPI / Digital Wallet,Email Campaign,1,3,1,14,1,0
C04971,Germany,37,Female,Free,10/11/2023,7,126.61,20.78,19,Home & Kitchen,Mobile,PayPal,Social Media,1,4.6,0,6,1,1
C04972,United States,25,Female,Free,3/2/2018,11,1107.49,101.44,115,Electronics,Mobile,Credit Card,Organic Search,3,4.1,0,0,1,0
C04973,Netherlands,34,Male,Free,10/13/2023,6,2396.85,359.38,44,Sports & Outdoors,Tablet,Credit Card,Organic Search,1,4.1,0,11,1,0
C04974,United States,45,Female,Free,12/2/2024,8,748.67,102.94,16,Office Supplies,Mobile,Debit Card,Organic Search,1,4.8,0,3,0,0
C04975,Germany,26,Male,Silver,12/19/2025,3,70.53,26.22,143,Clothing & Apparel,Desktop,Credit Card,Organic Search,1,4.4,0,0,1,0
C04976,United States,18,Male,Silver,8/15/2024,15,1174.75,78.19,58,Clothing & Apparel,Mobile,Debit Card,Organic Search,4,4.8,0,12,1,0
C04977,United Kingdom,46,Female,Free,11/25/2025,6,355.72,62.23,4,Electronics,Mobile,PayPal,Paid Ad,1,4.4,0,8,1,0
C04978,India,41,Male,Silver,10/12/2023,7,970.48,139.55,10,Home & Kitchen,Desktop,Debit Card,Organic Search,0,3.6,0,4,1,0
C04979,Mexico,33,Female,Free,8/14/2023,5,207.06,48.67,8,Electronics,Mobile,Bank Transfer,Email Campaign,1,3.3,0,0,0,0
C04980,United States,28,Male,Free,3/16/2025,14,477.76,37.15,23,Clothing & Apparel,Mobile,Debit Card,Organic Search,5,3.5,1,12,0,0
C04981,South Africa,49,Female,Platinum,6/4/2024,43,2548.35,54.06,194,Electronics,Mobile,Cryptocurrency,Social Media,7,4.6,3,8,1,0
C04982,South Korea,30,Female,Free,1/15/2026,1,64.28,57.16,19,Beauty & Personal Care,Desktop,Debit Card,Organic Search,0,3.4,0,3,1,1
C04983,United States,36,Female,Free,10/19/2024,32,6851.59,210.41,35,Food & Grocery,Mobile,Bank Transfer,Social Media,4,4.3,4,3,1,0
C04984,United Kingdom,20,Male,Free,6/29/2025,37,1168.98,33.09,32,Electronics,Desktop,Bank Transfer,Paid Ad,8,4.7,2,0,0,1
C04985,Poland,29,Male,Silver,10/27/2024,11,423.01,34.65,275,Toys & Games,Desktop,Credit Card,Referral,1,3.9,0,2,0,0
C04986,United Kingdom,34,Female,Free,2/4/2026,14,3570.31,231.76,80,Books,Mobile,Debit Card,Organic Search,4,4.5,0,9,1,0
C04987,France,50,Female,Free,7/19/2020,30,7232.79,215.94,70,Electronics,Desktop,PayPal,Organic Search,10,4.3,1,6,1,0
C04988,India,27,Male,Gold,4/24/2025,55,29317.45,515.64,139,Clothing & Apparel,Desktop,UPI / Digital Wallet,Email Campaign,4,4.5,3,9,1,0
C04989,Turkey,22,Female,Free,4/14/2025,36,1061.64,32.74,70,Electronics,Tablet,Credit Card,Paid Ad,4,3.7,3,0,0,0
C04990,United States,26,Other,Platinum,12/1/2025,5,196.15,44.59,42,Electronics,Mobile,Credit Card,Paid Ad,1,4.2,0,6,1,0
C04991,United States,54,Male,Free,3/14/2025,5,249.81,47.29,30,Food & Grocery,Mobile,Debit Card,Email Campaign,1,4.1,0,11,1,0
C04992,India,22,Female,Platinum,7/4/2024,18,2426.23,145.64,25,Clothing & Apparel,Desktop,PayPal,Email Campaign,2,3.8,2,4,1,0
C04993,Australia,26,Female,Silver,11/23/2025,17,938.51,64.85,89,Books,Mobile,Debit Card,Paid Ad,6,3.5,1,2,1,0
C04994,India,18,Male,Free,10/19/2020,3,270.48,87.62,11,Toys & Games,Mobile,Debit Card,Organic Search,1,4.3,0,4,1,0
C04995,United Kingdom,19,Female,Free,3/25/2026,27,3106.1,101.51,81,Food & Grocery,Mobile,Credit Card,Referral,2,4.4,3,3,1,0
C04996,Canada,42,Other,Free,5/7/2025,8,1296.93,143.54,200,Home & Kitchen,Mobile,Credit Card,Direct,0,3.7,0,4,0,0
C04997,Germany,23,Male,Free,10/19/2023,8,725.29,81.27,14,Home & Kitchen,Desktop,Credit Card,Social Media,0,4.1,1,1,1,0
C04998,United States,26,Male,Silver,5/9/2025,50,2256.59,40.27,71,Electronics,Tablet,UPI / Digital Wallet,Email Campaign,11,4.1,3,4,0,0
C04999,United Kingdom,19,Male,Silver,3/10/2024,33,3734.94,100.98,83,Books,Mobile,Debit Card,Organic Search,2,4.5,3,10,1,0
C05000,United States,23,Male,Silver,2/26/2025,14,2778.52,183,31,Clothing & Apparel,Desktop,PayPal,Social Media,5,3.9,1,23,0,0
C05001,United States,30,Male,Platinum,10/27/2025,7,1129.69,165.24,33,Clothing & Apparel,Mobile,Credit Card,Organic Search,2,4.6,0,10,1,0
C05002,Netherlands,26,Female,Silver,7/5/2025,38,1159.8,31.69,2,Home & Kitchen,Mobile,Buy Now Pay Later,Referral,8,3.1,3,0,1,0
C05003,France,27,Female,Silver,1/7/2026,4,228.16,60.29,3,Clothing & Apparel,Desktop,UPI / Digital Wallet,Organic Search,0,3.9,0,3,1,0
C05004,Italy,40,Male,Free,12/23/2025,12,1007.83,74.53,1,Beauty & Personal Care,Desktop,Debit Card,Paid Ad,2,3.9,0,15,0,0
C05005,United States,36,Female,Free,3/23/2026,5,589.15,124.78,93,Books,Mobile,Buy Now Pay Later,Social Media,0,4.7,0,4,1,1
C05006,Mexico,22,Female,Gold,9/5/2025,43,7580.11,155.45,47,Home & Kitchen,Tablet,PayPal,Paid Ad,8,3.6,0,0,1,0
C05007,Germany,35,Female,Platinum,12/17/2022,5,636.57,136.13,93,Clothing & Apparel,Mobile,Credit Card,Email Campaign,1,4.4,0,15,0,0
C05008,United States,26,Female,Silver,4/18/2024,42,2781.18,71.83,33,Electronics,Desktop,Credit Card,Email Campaign,14,3.8,1,2,1,0
C05009,United States,19,Female,Free,1/7/2025,3,156.34,48.6,1,Electronics,Mobile,UPI / Digital Wallet,Paid Ad,0,4.3,0,3,0,0
C05010,United States,35,Male,Free,9/17/2020,76,9669.29,116.82,105,Electronics,Mobile,Buy Now Pay Later,Email Campaign,4,4.3,8,1,1,0
C05011,Mexico,24,Female,Silver,4/29/2025,17,911.78,61.12,23,Books,Tablet,UPI / Digital Wallet,Email Campaign,2,4.8,0,3,0,0
C05012,United Kingdom,36,Female,Silver,10/5/2025,1,59.6,58.93,67,Home & Kitchen,Mobile,Debit Card,Paid Ad,0,3.9,0,2,1,1
C05013,Spain,50,Female,Platinum,1/8/2019,23,2961.37,130.8,2,Health & Wellness,Mobile,Buy Now Pay Later,Email Campaign,1,3.2,0,14,0,0
C05014,India,53,Female,Free,12/20/2024,24,1784.11,78.37,38,Home & Kitchen,Mobile,UPI / Digital Wallet,Paid Ad,2,4.8,1,2,0,0
C05015,United States,18,Male,Platinum,1/3/2025,6,1196.76,198.68,9,Clothing & Apparel,Tablet,Bank Transfer,Organic Search,2,4.5,0,4,0,0
C05016,United States,37,Female,Silver,7/27/2025,40,3551.54,103.98,88,Jewelry & Accessories,Mobile,Debit Card,Organic Search,6,4.4,4,0,0,0
C05017,United Kingdom,18,Female,Free,3/29/2025,31,2016.51,75.07,66,Jewelry & Accessories,Mobile,Credit Card,Email Campaign,10,3.6,2,1,1,0
C05018,India,26,Female,Free,2/15/2026,18,2362.56,142.05,174,Home & Kitchen,Mobile,Credit Card,Email Campaign,5,4.6,1,6,1,0
C05019,United Kingdom,39,Male,Free,8/15/2023,20,1460.53,82.7,5,Clothing & Apparel,Mobile,Debit Card,Social Media,5,3,1,11,0,0
C05020,United States,44,Male,Free,6/25/2024,23,767.39,33.52,27,Clothing & Apparel,Tablet,PayPal,Paid Ad,2,4.6,1,0,1,0
C05021,United States,24,Male,Silver,10/15/2021,3,157.82,50.53,8,Clothing & Apparel,Mobile,PayPal,Organic Search,0,4.9,0,0,0,0
C05022,Germany,31,Male,Free,9/8/2019,26,971.17,37.26,17,Food & Grocery,Desktop,Credit Card,Direct,2,4.7,0,4,1,1
C05023,United States,45,Male,Free,4/21/2025,22,1565.5,82.14,145,Jewelry & Accessories,Mobile,Credit Card,Paid Ad,7,4.2,1,1,1,0
C05024,United Kingdom,21,Male,Platinum,1/16/2026,12,1613.93,122.29,33,Beauty & Personal Care,Mobile,Credit Card,Paid Ad,3,3.7,0,14,1,0
C05025,Canada,33,Male,Free,4/4/2023,18,1466,87.77,182,Home & Kitchen,Mobile,UPI / Digital Wallet,Organic Search,1,4.3,1,6,0,0
C05026,Brazil,48,Male,Free,3/12/2025,6,525.01,78.97,129,Sports & Outdoors,Mobile,UPI / Digital Wallet,Email Campaign,0,4.2,0,3,0,0
C05027,France,45,Male,Free,1/4/2026,14,1722.53,127.4,116,Electronics,Mobile,Credit Card,Direct,4,4.6,0,4,0,0
C05028,United States,32,Male,Silver,12/25/2023,10,341.65,38.96,4,Automotive,Mobile,Credit Card,Social Media,1,4.1,0,11,1,1
C05029,Canada,41,Male,Gold,5/19/2022,5,1667.22,309.96,2,Sports & Outdoors,Tablet,Credit Card,Paid Ad,1,4.1,0,10,0,0
C05030,Brazil,20,Female,Silver,4/8/2025,16,3559.01,240.78,76,Food & Grocery,Desktop,PayPal,Email Campaign,1,4.3,1,0,1,0
C05031,United States,32,Female,Free,1/16/2026,1,86.76,91.8,56,Jewelry & Accessories,Mobile,Credit Card,Organic Search,0,4.5,0,15,1,0
C05032,Brazil,44,Female,Free,8/16/2024,36,5747.79,139.91,33,Clothing & Apparel,Desktop,Credit Card,Social Media,6,3.1,1,16,1,0
C05033,Turkey,26,Female,Free,12/6/2023,1,48.59,44.04,40,Jewelry & Accessories,Mobile,Debit Card,Social Media,0,3.8,0,7,1,0
C05034,India,36,Female,Gold,2/5/2026,12,496.25,40.88,61,Office Supplies,Desktop,Bank Transfer,Referral,0,4.6,1,0,1,1
C05035,United Kingdom,63,Male,Silver,1/30/2026,37,4902.57,143.43,34,Electronics,Mobile,Debit Card,Social Media,10,4,2,3,1,0
C05036,Brazil,45,Female,Free,9/8/2025,37,1173.68,29.16,49,Clothing & Apparel,Tablet,PayPal,Referral,5,3.9,1,2,1,0
C05037,Germany,18,Male,Free,12/1/2025,12,1982.22,160.38,327,Books,Mobile,Buy Now Pay Later,Direct,4,4.3,0,1,1,1
C05038,United States,44,Male,Free,11/13/2022,28,1782.42,70.11,25,Automotive,Mobile,Credit Card,Social Media,8,4.4,1,1,1,0
C05039,United Kingdom,59,Male,Free,2/17/2024,30,2752.21,84.47,3,Clothing & Apparel,Mobile,Credit Card,Social Media,11,4.3,0,1,1,0
C05040,South Korea,20,Female,Free,5/10/2025,37,2839.51,88.31,27,Books,Mobile,UPI / Digital Wallet,Email Campaign,6,3.7,2,0,0,0
C05041,United States,30,Female,Free,7/1/2024,19,2887.84,160.03,19,Health & Wellness,Desktop,Credit Card,Email Campaign,6,2.8,0,8,0,0
C05042,United States,40,Male,Silver,7/17/2024,22,4607.31,202.42,10,Toys & Games,Mobile,Bank Transfer,Direct,5,3.9,2,1,1,0
C05043,Sweden,54,Female,Silver,7/13/2020,32,1565.68,49.37,110,Jewelry & Accessories,Mobile,UPI / Digital Wallet,Organic Search,7,3.9,1,0,1,0
C05044,United States,43,Female,Platinum,8/21/2025,10,1290.58,114.21,19,Clothing & Apparel,Mobile,Credit Card,Paid Ad,1,4.3,0,1,0,0
C05045,Mexico,49,Male,Free,8/12/2025,4,482.61,115.57,25,Electronics,Tablet,PayPal,Paid Ad,1,3,0,1,0,0
C05046,United States,41,Male,Free,12/31/2024,31,592.38,18.49,15,Electronics,Desktop,Credit Card,Referral,6,3.5,0,0,0,0
C05047,Mexico,27,Female,Free,12/11/2023,37,9564.79,254.9,2,Beauty & Personal Care,Mobile,Credit Card,Social Media,13,4.6,4,1,1,0
C05048,Sweden,27,Female,Silver,8/12/2025,18,1048.02,53.07,109,Electronics,Desktop,Credit Card,Social Media,5,4.6,1,5,1,0
C05049,Japan,29,Female,Free,10/19/2024,24,2802.01,120.78,72,Clothing & Apparel,Desktop,Debit Card,Organic Search,6,4,2,2,1,0
C05050,UAE,45,Female,Silver,12/3/2017,11,1234.48,99.5,10,Electronics,Mobile,Debit Card,Email Campaign,4,4.2,0,3,1,0
C05051,United States,45,Female,Free,5/14/2022,2,53.44,24.44,25,Office Supplies,Mobile,Debit Card,Email Campaign,0,3.6,0,1,1,0
C05052,Singapore,40,Female,Free,4/25/2024,48,5994.85,123.16,26,Books,Desktop,PayPal,Email Campaign,18,4,0,2,1,0
C05053,Germany,53,Female,Free,8/22/2025,4,533.84,145.92,1,Electronics,Mobile,Credit Card,Social Media,1,3.7,0,2,1,0
C05054,United States,55,Male,Free,1/22/2024,64,4551.48,61.92,64,Books,Tablet,Credit Card,Organic Search,24,4.4,3,13,1,0
C05055,United Kingdom,44,Female,Silver,2/15/2026,38,2251.92,53.42,15,Home & Kitchen,Desktop,Credit Card,Email Campaign,7,4.4,2,2,1,0
C05056,France,18,Female,Free,6/12/2023,17,7070.78,413.26,56,Electronics,Desktop,Debit Card,Paid Ad,2,3.9,1,5,0,0
C05057,Germany,47,Female,Silver,5/20/2025,24,1622.24,72.41,18,Home & Kitchen,Mobile,PayPal,Organic Search,7,2.9,0,8,1,0
C05058,United States,25,Female,Silver,3/19/2022,1,77,71.51,1,Food & Grocery,Mobile,Debit Card,Paid Ad,0,4.4,0,17,0,0
C05059,United States,43,Male,Silver,1/25/2026,4,1006.69,245.61,11,Beauty & Personal Care,Desktop,Credit Card,Referral,0,3.8,0,9,0,0
C05060,United States,24,Female,Platinum,2/19/2024,5,632.18,120.4,92,Home & Kitchen,Desktop,Debit Card,Paid Ad,1,3.3,0,27,1,0
C05061,United States,37,Male,Silver,11/17/2022,19,2772.52,144.08,16,Automotive,Mobile,Credit Card,Paid Ad,6,3.8,0,1,1,0
C05062,United States,44,Male,Gold,3/18/2025,11,1179.29,117.17,41,Beauty & Personal Care,Tablet,Credit Card,Organic Search,0,2.9,0,6,0,0
C05063,United States,27,Male,Silver,12/18/2025,5,362.16,67.15,82,Jewelry & Accessories,Desktop,Debit Card,Paid Ad,0,3.9,0,13,1,0
C05064,United States,31,Male,Free,7/8/2021,6,497.2,74.84,39,Food & Grocery,Desktop,Credit Card,Email Campaign,2,4.1,0,15,0,0
C05065,United States,56,Female,Gold,5/16/2025,29,3084.36,102.22,194,Toys & Games,Mobile,Debit Card,Organic Search,8,4.4,0,5,1,1
C05066,Mexico,58,Female,Free,2/29/2024,8,176.4,19.38,105,Sports & Outdoors,Desktop,Debit Card,Paid Ad,1,4.4,0,1,0,0
C05067,Germany,23,Female,Free,4/12/2024,1,20.09,21.31,4,Home & Kitchen,Desktop,Credit Card,Social Media,0,3.2,0,4,1,1
C05068,United States,43,Female,Silver,8/17/2025,7,113.07,18.19,193,Clothing & Apparel,Mobile,Debit Card,Organic Search,1,3.1,1,2,0,0
C05069,Mexico,33,Male,Free,2/12/2025,13,922.67,73.11,68,Home & Kitchen,Desktop,Credit Card,Paid Ad,1,4.8,0,1,0,0
C05070,United Kingdom,21,Female,Silver,7/24/2025,2,357.19,157.16,30,Food & Grocery,Desktop,Credit Card,Social Media,0,4,0,0,1,0
C05071,United States,26,Male,Free,4/23/2024,5,612.54,132.01,40,Beauty & Personal Care,Mobile,Debit Card,Organic Search,0,4.3,0,1,1,0
C05072,United States,32,Female,Free,9/23/2024,5,287.15,63.32,50,Electronics,Mobile,Credit Card,Email Campaign,0,4,0,5,1,0
C05073,South Korea,30,Male,Free,9/25/2025,16,919.02,54.64,38,Books,Mobile,Debit Card,Organic Search,3,4.3,0,0,1,0
C05074,United States,31,Other,Free,7/21/2024,19,791.93,40.17,17,Home & Kitchen,Mobile,Credit Card,Email Campaign,2,3.6,0,0,0,0
C05075,United States,21,Female,Free,8/25/2023,73,2667.72,42.59,80,Sports & Outdoors,Tablet,Debit Card,Email Campaign,10,3.9,3,0,0,0
C05076,South Korea,25,Other,Free,5/13/2024,7,204.85,30.67,224,Books,Mobile,Credit Card,Direct,1,4.7,0,0,0,0
C05077,United States,61,Female,Free,7/22/2025,7,539.3,83.51,6,Books,Mobile,Bank Transfer,Paid Ad,2,4.5,0,2,0,0
C05078,United States,18,Male,Free,1/24/2026,39,5542.24,151.85,94,Electronics,Mobile,Credit Card,Social Media,8,4.3,3,4,1,0
C05079,Brazil,29,Male,Free,4/16/2023,13,1115.47,89.49,103,Home & Kitchen,Mobile,Credit Card,Organic Search,3,4.1,0,5,1,0
C05080,United States,50,Male,Free,5/17/2018,7,676.31,91.55,24,Home & Kitchen,Desktop,Credit Card,Organic Search,2,4.2,0,0,0,0
C05081,United States,36,Female,Free,3/23/2025,32,4828.09,177.36,6,Books,Desktop,UPI / Digital Wallet,Referral,7,4.5,4,0,1,1
C05082,Japan,31,Male,Gold,2/20/2026,5,193.57,42.86,29,Books,Mobile,Credit Card,Organic Search,1,4,0,1,0,0
C05083,India,36,Male,Free,9/15/2021,11,814.59,77.35,117,Electronics,Desktop,PayPal,Social Media,3,3.9,1,1,0,0
C05084,India,27,Female,Free,12/17/2025,23,353.59,17.24,0,Electronics,Mobile,Debit Card,Referral,1,4.4,0,6,1,0
C05085,Poland,41,Female,Free,4/28/2020,14,2047.92,168.72,23,Toys & Games,Desktop,Credit Card,Organic Search,3,4.5,1,2,1,0
C05086,United Kingdom,45,Male,Free,9/9/2024,33,3183.93,97.23,147,Electronics,Mobile,UPI / Digital Wallet,Direct,8,4.1,0,0,0,0
C05087,Germany,30,Female,Silver,5/6/2023,7,540.24,89.43,187,Home & Kitchen,Tablet,UPI / Digital Wallet,Paid Ad,1,3,0,8,1,1
C05088,United States,20,Male,Gold,4/19/2019,1,185.49,204.49,6,Health & Wellness,Mobile,UPI / Digital Wallet,Social Media,0,4.6,0,3,1,0
C05089,United States,40,Male,Free,3/5/2026,37,2774.16,71.96,56,Home & Kitchen,Desktop,Buy Now Pay Later,Organic Search,11,3.8,5,3,1,0
C05090,Spain,29,Female,Free,12/10/2023,47,999.03,21.55,26,Pet Supplies,Mobile,Credit Card,Direct,14,4.4,6,21,0,0
C05091,Germany,37,Male,Gold,6/20/2025,4,640.35,162.55,28,Clothing & Apparel,Mobile,Credit Card,Paid Ad,0,3.2,0,0,1,0
C05092,Brazil,25,Male,Gold,4/9/2025,72,7455.03,100.67,97,Home & Kitchen,Mobile,PayPal,Direct,13,4.5,4,3,1,0
C05093,United States,25,Female,Gold,9/28/2025,19,4998.34,262.07,34,Toys & Games,Mobile,Credit Card,Email Campaign,4,4,1,6,1,0
C05094,United Kingdom,34,Male,Free,1/25/2026,8,544.72,75.57,27,Toys & Games,Mobile,PayPal,Referral,1,4.2,0,17,0,0
C05095,Germany,39,Male,Silver,1/21/2026,2,127.96,57.86,101,Electronics,Desktop,Debit Card,Social Media,0,2.8,0,7,1,0
C05096,United Kingdom,24,Male,Silver,9/11/2025,10,1178.03,127.51,11,Clothing & Apparel,Mobile,UPI / Digital Wallet,Direct,2,4,1,6,1,0
C05097,United States,32,Male,Silver,3/12/2025,5,364.01,70.16,8,Books,Tablet,UPI / Digital Wallet,Organic Search,1,3.8,0,1,1,0
C05098,India,55,Male,Free,12/11/2025,35,4460.2,125.33,102,Electronics,Mobile,Credit Card,Paid Ad,9,4.3,2,2,1,0
C05099,India,41,Male,Free,7/27/2022,6,185.17,33.71,65,Electronics,Mobile,Credit Card,Paid Ad,1,4.7,0,2,1,0
C05100,United Kingdom,32,Male,Free,9/16/2025,11,1562.83,146.14,60,Electronics,Mobile,PayPal,Referral,3,4.4,0,5,1,0
C05101,United Kingdom,56,Female,Silver,1/15/2026,9,843.73,104.14,40,Home & Kitchen,Desktop,PayPal,Organic Search,0,4.7,0,4,1,0
C05102,Canada,46,Male,Silver,8/24/2024,1,30.46,27.38,10,Automotive,Mobile,PayPal,Email Campaign,0,3.9,0,0,1,1
C05103,United States,36,Male,Platinum,6/10/2024,4,328.3,75.05,51,Electronics,Mobile,Credit Card,Paid Ad,0,4.9,0,4,1,0
C05104,United States,19,Female,Silver,10/5/2024,21,2261.77,99.77,42,Home & Kitchen,Mobile,Buy Now Pay Later,Organic Search,2,4.2,2,18,1,0
C05105,Turkey,46,Male,Free,6/10/2025,12,891.86,77.08,74,Clothing & Apparel,Mobile,Credit Card,Direct,2,3.8,0,0,0,0
C05106,Poland,44,Female,Gold,3/29/2026,2,180.48,101.19,13,Office Supplies,Mobile,PayPal,Referral,0,4,0,7,1,1
C05107,Australia,28,Female,Silver,2/24/2026,52,12797.59,279.65,11,Home & Kitchen,Desktop,UPI / Digital Wallet,Organic Search,5,3.6,6,1,1,0
C05108,United States,32,Male,Free,10/23/2025,11,589.05,48.53,138,Health & Wellness,Desktop,Credit Card,Referral,1,3.1,1,3,1,0
C05109,Australia,43,Male,Free,12/1/2025,1,45.41,43.31,18,Electronics,Mobile,UPI / Digital Wallet,Organic Search,0,4.3,0,3,1,1
C05110,United States,31,Male,Platinum,1/29/2025,54,9333.8,160.63,123,Home & Kitchen,Desktop,Bank Transfer,Direct,9,3.9,4,0,0,0
C05111,United Kingdom,44,Female,Gold,3/12/2022,19,576.25,31.67,39,Electronics,Mobile,PayPal,Direct,5,4.1,0,5,1,0
C05112,India,24,Male,Free,7/7/2021,24,1149.36,53.72,12,Pet Supplies,Mobile,Debit Card,Direct,8,4.7,0,23,0,0
C05113,United States,55,Female,Free,8/20/2025,20,4281.62,209.5,85,Toys & Games,Desktop,PayPal,Paid Ad,4,4.9,2,8,1,0
C05114,United States,29,Female,Free,6/6/2024,6,129.74,24.22,73,Home & Kitchen,Mobile,PayPal,Paid Ad,1,4.5,0,2,1,0
C05115,United Kingdom,18,Female,Silver,10/21/2024,14,605.19,44.41,46,Sports & Outdoors,Mobile,Credit Card,Email Campaign,1,4.5,1,5,1,0
C05116,United Kingdom,26,Female,Free,4/10/2025,29,1463.34,44.26,147,Clothing & Apparel,Tablet,Debit Card,Email Campaign,7,4.5,1,2,1,0
C05117,Canada,18,Female,Free,10/3/2024,1,173.66,155.3,211,Home & Kitchen,Mobile,Credit Card,Paid Ad,0,4.7,0,1,1,1
C05118,United States,36,Female,Free,4/8/2024,8,297.86,34.69,2,Jewelry & Accessories,Desktop,Debit Card,Social Media,0,3,0,6,1,0
C05119,India,20,Male,Silver,9/8/2024,8,121.74,17.4,108,Health & Wellness,Mobile,Credit Card,Direct,1,3.1,0,0,0,0
C05120,United States,30,Male,Silver,3/23/2025,4,636.02,162.89,32,Sports & Outdoors,Desktop,Credit Card,Referral,0,4.6,0,4,1,0
C05121,United States,37,Female,Silver,9/6/2025,19,1136.7,68.21,58,Food & Grocery,Mobile,Credit Card,Direct,5,3.9,2,3,0,0
C05122,United States,36,Female,Free,12/31/2023,9,1026.45,114.21,74,Sports & Outdoors,Desktop,Credit Card,Social Media,0,4.2,0,7,1,0
C05123,India,34,Female,Gold,9/12/2020,14,1413.46,104.88,45,Clothing & Apparel,Mobile,PayPal,Social Media,5,3.8,0,0,1,0
C05124,United States,33,Female,Silver,8/30/2025,5,155.01,30.12,392,Books,Tablet,UPI / Digital Wallet,Organic Search,0,2.7,0,2,1,0
C05125,Germany,57,Female,Silver,5/11/2025,1,113.04,107.81,47,Home & Kitchen,Mobile,UPI / Digital Wallet,Paid Ad,0,4.8,0,0,0,0
C05126,United States,48,Female,Free,2/17/2026,6,400.18,58.39,29,Sports & Outdoors,Mobile,PayPal,Organic Search,1,3.5,0,3,1,0
C05127,Brazil,34,Male,Free,2/20/2025,2,75.25,37.6,48,Clothing & Apparel,Desktop,Credit Card,Referral,0,4.4,0,0,0,0
C05128,South Africa,51,Male,Free,6/20/2025,12,1165.18,109.15,164,Home & Kitchen,Mobile,Credit Card,Organic Search,0,3.8,1,1,0,0
C05129,United States,51,Female,Silver,2/14/2026,12,785.06,57.31,20,Electronics,Mobile,Credit Card,Email Campaign,2,4.7,0,9,1,0
C05130,Germany,40,Female,Free,8/23/2021,6,883.89,132.3,14,Home & Kitchen,Mobile,Credit Card,Social Media,1,3.7,0,0,0,0
C05131,United States,37,Other,Free,1/30/2024,79,27252.84,321.1,80,Pet Supplies,Mobile,Credit Card,Organic Search,27,3.8,11,7,0,0
C05132,Canada,50,Male,Gold,7/12/2025,26,795.98,35.58,199,Food & Grocery,Tablet,Buy Now Pay Later,Email Campaign,3,4.2,2,0,1,0
C05133,Germany,24,Male,Free,2/17/2026,16,1648.57,120.61,50,Electronics,Desktop,Credit Card,Paid Ad,0,4.4,1,1,1,0
C05134,India,46,Female,Silver,7/5/2021,1,50.01,46.49,0,Home & Kitchen,Desktop,Cryptocurrency,Organic Search,0,4.7,0,4,0,1
C05135,France,43,Female,Free,3/5/2025,10,879.34,80.75,60,Books,Mobile,Credit Card,Paid Ad,3,4.3,0,0,1,1
C05136,United States,45,Female,Free,12/10/2024,23,5335.21,217.84,44,Toys & Games,Desktop,Credit Card,Social Media,2,3.8,3,6,1,0
C05137,United States,39,Female,Free,11/15/2020,17,572.52,37.21,27,Jewelry & Accessories,Desktop,Debit Card,Organic Search,1,4.5,2,7,1,0
C05138,United Kingdom,26,Female,Free,8/1/2025,46,3119.76,67.88,13,Toys & Games,Mobile,Cryptocurrency,Social Media,13,2.6,2,5,0,0
C05139,France,34,Female,Free,6/25/2024,38,4443.01,108.41,29,Home & Kitchen,Mobile,Debit Card,Paid Ad,6,3.9,0,6,1,0
C05140,United States,58,Male,Free,1/18/2025,34,2991.05,81.2,35,Health & Wellness,Desktop,Debit Card,Direct,11,4.1,1,1,1,0
C05141,United States,27,Male,Free,8/25/2023,29,2707.09,91.33,7,Clothing & Apparel,Mobile,Buy Now Pay Later,Paid Ad,3,4.1,3,2,1,0
C05142,France,18,Other,Free,10/20/2025,29,5974.01,200.05,7,Clothing & Apparel,Mobile,Debit Card,Direct,7,4.2,0,7,1,0
C05143,Germany,38,Male,Silver,7/21/2025,14,1739.89,115.21,36,Office Supplies,Tablet,PayPal,Organic Search,0,4.1,0,9,0,0
C05144,United States,50,Male,Platinum,7/21/2025,7,464.99,68.26,79,Clothing & Apparel,Mobile,Buy Now Pay Later,Social Media,1,3.7,0,5,0,0
C05145,Germany,25,Male,Silver,3/20/2026,36,793.38,20.95,128,Pet Supplies,Mobile,Debit Card,Paid Ad,5,4.7,4,1,1,0
C05146,Italy,63,Female,Free,9/2/2015,39,1316.11,30.58,128,Beauty & Personal Care,Mobile,Credit Card,Social Media,7,4,2,8,0,0
C05147,United States,18,Male,Silver,12/23/2025,16,1594.52,94.48,103,Food & Grocery,Mobile,PayPal,Direct,4,3.9,2,1,1,0
C05148,United States,34,Female,Silver,7/31/2025,14,813.56,61.08,59,Books,Mobile,Credit Card,Direct,2,4,1,0,0,0
C05149,United States,33,Male,Gold,6/22/2024,5,528.3,104.05,33,Toys & Games,Mobile,Credit Card,Social Media,0,4.3,0,1,1,0
C05150,Sweden,27,Male,Free,6/22/2025,64,2943.1,44.94,11,Sports & Outdoors,Mobile,Credit Card,Organic Search,10,4.4,5,0,0,0
C05151,Japan,63,Female,Free,8/27/2025,4,1089.74,261.16,6,Automotive,Tablet,Credit Card,Paid Ad,0,4,0,0,0,0
C05152,India,22,Female,Free,9/21/2025,20,801.58,36.76,31,Toys & Games,Desktop,Credit Card,Social Media,5,3.9,2,0,1,0
C05153,United States,60,Male,Platinum,5/16/2024,4,388.73,110.21,111,Sports & Outdoors,Desktop,Credit Card,Organic Search,1,4.3,0,3,1,0
C05154,Germany,41,Female,Free,9/29/2025,2,58.84,29.41,235,Beauty & Personal Care,Desktop,Credit Card,Direct,0,3.6,0,4,1,0
C05155,Brazil,18,Female,Free,3/17/2026,1,82.72,95.25,26,Clothing & Apparel,Desktop,Credit Card,Direct,0,4.4,0,1,1,1
C05156,United States,34,Male,Platinum,9/7/2025,3,939.32,277.2,74,Clothing & Apparel,Desktop,Credit Card,Organic Search,1,4.5,0,5,1,0
C05157,Australia,32,Male,Free,9/2/2024,4,173.76,50.93,36,Sports & Outdoors,Mobile,Credit Card,Social Media,1,4.4,0,0,1,0
C05158,United States,42,Male,Silver,6/29/2025,2,348.46,183.87,60,Toys & Games,Desktop,Bank Transfer,Referral,0,4.6,0,1,1,0
C05159,India,36,Male,Gold,10/1/2021,22,2074.03,90.3,16,Sports & Outdoors,Mobile,PayPal,Direct,4,4.2,0,1,0,0
C05160,Italy,49,Male,Silver,10/25/2022,46,5447.53,132.31,62,Electronics,Desktop,Credit Card,Organic Search,7,3.7,1,3,0,0
C05161,United States,24,Female,Free,8/22/2024,17,659.65,44.42,103,Electronics,Desktop,Debit Card,Social Media,1,4.3,2,10,1,0
C05162,United States,42,Male,Free,1/26/2026,11,1284.7,109.18,49,Jewelry & Accessories,Mobile,Credit Card,Organic Search,3,4.6,1,1,0,0
C05163,United Kingdom,30,Female,Free,10/16/2025,14,886.69,63.57,147,Books,Tablet,Buy Now Pay Later,Organic Search,0,4.3,0,7,1,0
C05164,Germany,18,Female,Gold,2/7/2024,38,6291.85,157.01,8,Sports & Outdoors,Mobile,PayPal,Organic Search,8,4.3,2,7,1,0
C05165,France,30,Female,Silver,11/27/2023,5,213.42,48.48,25,Clothing & Apparel,Mobile,UPI / Digital Wallet,Paid Ad,1,3.8,0,8,1,1
C05166,Mexico,42,Female,Free,12/29/2025,45,2633.89,57.37,41,Clothing & Apparel,Mobile,Credit Card,Organic Search,5,3.9,0,3,1,0
C05167,United States,23,Male,Silver,4/27/2022,4,593.86,134.36,114,Books,Mobile,Debit Card,Email Campaign,0,4.1,0,2,1,0
C05168,Mexico,24,Female,Free,9/23/2025,1,240.94,212.74,260,Beauty & Personal Care,Mobile,UPI / Digital Wallet,Organic Search,0,4,0,3,0,1
C05169,United States,41,Male,Gold,12/14/2022,5,282.93,55.43,19,Home & Kitchen,Mobile,UPI / Digital Wallet,Organic Search,0,3.4,0,6,0,0
C05170,Canada,20,Male,Free,6/28/2024,11,180.17,16.34,52,Clothing & Apparel,Desktop,PayPal,Paid Ad,1,4.3,1,4,1,0
C05171,United States,58,Female,Free,9/5/2024,20,4652.03,257.43,36,Sports & Outdoors,Mobile,PayPal,Paid Ad,3,4.1,2,7,0,0
C05172,Spain,21,Female,Free,5/22/2023,5,204.24,46.33,294,Home & Kitchen,Mobile,Credit Card,Social Media,1,4.5,0,10,0,1
C05173,India,38,Female,Silver,2/1/2025,26,1714.43,75.29,18,Sports & Outdoors,Mobile,Bank Transfer,Social Media,9,4,1,16,1,0
C05174,Australia,33,Female,Silver,12/21/2023,35,1735.69,43.82,4,Pet Supplies,Tablet,Credit Card,Email Campaign,5,4.6,3,8,0,0
C05175,Germany,45,Female,Gold,11/5/2025,2,330.21,145.17,144,Beauty & Personal Care,Desktop,Credit Card,Direct,0,4.2,0,9,0,1
C05176,United States,36,Female,Silver,2/14/2024,9,297.09,37.26,72,Toys & Games,Desktop,Credit Card,Direct,1,3.8,0,1,1,0
C05177,United States,32,Male,Free,12/1/2024,16,424.43,23.67,66,Jewelry & Accessories,Mobile,Credit Card,Direct,5,3.4,0,0,0,0
C05178,France,39,Male,Gold,6/11/2023,58,4884.77,84.19,131,Clothing & Apparel,Mobile,UPI / Digital Wallet,Referral,8,4.2,5,4,0,0
C05179,United States,55,Female,Silver,12/13/2025,6,291.82,51.64,73,Clothing & Apparel,Mobile,PayPal,Email Campaign,0,4.7,0,7,1,0
C05180,Germany,44,Female,Free,3/31/2026,6,554.92,97.68,57,Clothing & Apparel,Mobile,Debit Card,Paid Ad,2,3.5,0,2,0,0
C05181,United States,27,Female,Platinum,4/16/2022,3,406.31,138.57,64,Food & Grocery,Mobile,Credit Card,Organic Search,1,4.6,0,4,0,0
C05182,South Korea,31,Male,Free,8/28/2025,12,1116.98,85.27,33,Sports & Outdoors,Mobile,PayPal,Social Media,3,4.8,0,8,1,0
C05183,United States,31,Female,Gold,3/29/2026,14,2342.89,147.03,0,Sports & Outdoors,Desktop,PayPal,Social Media,4,3.3,1,8,1,0
C05184,United Kingdom,18,Female,Gold,2/5/2026,2,95.95,44.83,34,Home & Kitchen,Mobile,Debit Card,Paid Ad,0,4.6,0,15,0,0
C05185,United States,62,Female,Gold,8/15/2021,17,1997.39,112.52,31,Electronics,Desktop,Credit Card,Social Media,4,4.3,1,2,0,0
C05186,United Kingdom,39,Male,Free,3/11/2026,24,891.95,36.35,7,Electronics,Mobile,Debit Card,Organic Search,2,4.3,0,7,0,0
C05187,United States,49,Female,Free,1/17/2026,30,471.53,16,6,Sports & Outdoors,Mobile,Credit Card,Organic Search,1,3.6,1,3,1,0
C05188,UAE,50,Male,Free,3/16/2026,15,2401.03,154.29,239,Clothing & Apparel,Desktop,Credit Card,Organic Search,5,3.4,0,0,1,1
C05189,United States,30,Female,Silver,5/17/2023,15,275.08,18.7,69,Clothing & Apparel,Mobile,Credit Card,Organic Search,0,4.9,0,2,1,0
C05190,Japan,27,Male,Silver,2/21/2026,51,2872,56.37,14,Home & Kitchen,Mobile,Debit Card,Email Campaign,7,4.6,3,1,0,0
C05191,United States,34,Male,Silver,9/25/2025,41,3745.13,101.61,86,Books,Desktop,Credit Card,Organic Search,2,4.1,1,5,0,0
C05192,United States,40,Female,Free,1/12/2025,14,877.6,55.05,15,Clothing & Apparel,Mobile,Buy Now Pay Later,Email Campaign,1,4.5,0,3,1,0
C05193,India,27,Male,Gold,12/1/2024,2,318.28,142.12,5,Beauty & Personal Care,Tablet,Debit Card,Social Media,0,3.4,0,5,1,0
C05194,United States,30,Female,Silver,9/25/2024,30,1132,32.92,1,Beauty & Personal Care,Mobile,UPI / Digital Wallet,Email Campaign,3,4.1,2,15,1,0
C05195,France,53,Male,Silver,2/11/2026,13,839.15,69.99,12,Toys & Games,Desktop,Debit Card,Organic Search,3,3.9,1,9,1,0
C05196,South Korea,34,Male,Silver,7/2/2025,23,739.71,28.98,50,Clothing & Apparel,Desktop,Debit Card,Organic Search,3,4.4,3,0,0,0
C05197,United States,30,Male,Free,11/26/2024,31,1176.59,36.17,170,Beauty & Personal Care,Desktop,Buy Now Pay Later,Referral,11,3.2,2,23,0,0
C05198,United States,37,Female,Free,11/29/2024,38,2951.14,76.99,24,Health & Wellness,Mobile,Buy Now Pay Later,Organic Search,6,3.9,4,12,1,0
C05199,Japan,45,Female,Free,2/6/2026,8,764.45,106.67,57,Sports & Outdoors,Mobile,Credit Card,Email Campaign,1,3.8,0,8,1,0
C05200,United States,24,Male,Silver,1/30/2022,8,2140.15,232.65,91,Electronics,Tablet,Credit Card,Email Campaign,1,4.9,0,0,1,0
C05201,Spain,34,Female,Free,3/4/2026,37,969.8,30.76,46,Books,Mobile,PayPal,Paid Ad,11,3,5,0,1,1
C05202,United Kingdom,41,Male,Gold,5/22/2025,21,1332.74,69.52,5,Toys & Games,Mobile,Bank Transfer,Email Campaign,8,3.3,1,14,1,1
C05203,France,49,Male,Gold,2/5/2022,2,194.46,90.17,26,Toys & Games,Mobile,PayPal,Organic Search,0,4.7,0,8,0,0
C05204,Italy,18,Male,Gold,11/26/2024,1,7.92,9.16,65,Clothing & Apparel,Mobile,Debit Card,Organic Search,0,4.6,0,2,0,0
C05205,South Africa,30,Female,Free,8/8/2023,7,143.19,19.06,44,Electronics,Desktop,PayPal,Social Media,0,3.4,0,8,1,0
C05206,United States,18,Male,Free,6/13/2025,38,2943.66,80.45,19,Sports & Outdoors,Desktop,Credit Card,Organic Search,12,4.6,0,3,1,0
C05207,Japan,72,Male,Gold,4/17/2025,1,64.99,73.52,163,Books,Mobile,UPI / Digital Wallet,Paid Ad,0,3.5,0,0,1,0
C05208,Brazil,20,Male,Free,4/20/2023,5,110.59,24.08,88,Sports & Outdoors,Mobile,Debit Card,Social Media,1,4.5,0,1,0,0
C05209,United States,21,Female,Gold,3/21/2025,20,2254.31,99.67,30,Home & Kitchen,Mobile,Debit Card,Organic Search,4,4.5,0,13,0,0
C05210,South Africa,18,Male,Gold,5/26/2025,1,121.01,106.14,103,Pet Supplies,Desktop,Credit Card,Organic Search,0,4.2,0,1,1,1
C05211,Canada,30,Male,Silver,5/16/2024,15,588.29,34.99,45,Beauty & Personal Care,Desktop,Credit Card,Social Media,5,4.5,1,1,1,0
C05212,United Kingdom,38,Female,Free,2/10/2024,5,250.72,46.12,11,Clothing & Apparel,Mobile,Credit Card,Organic Search,1,4.3,0,8,0,0
C05213,Brazil,33,Female,Silver,11/17/2021,13,1439.34,111.05,37,Health & Wellness,Desktop,Credit Card,Social Media,3,4.3,1,1,0,0
C05214,United States,44,Male,Free,3/13/2026,1,81.93,87.29,174,Beauty & Personal Care,Mobile,Bank Transfer,Organic Search,0,3.8,0,10,0,0
C05215,Brazil,19,Female,Free,3/22/2025,42,1978.29,46.29,30,Beauty & Personal Care,Mobile,Debit Card,Social Media,6,4.5,4,3,0,0
C05216,United States,32,Male,Gold,3/17/2026,9,824.61,103.37,33,Books,Desktop,PayPal,Organic Search,0,4.8,0,4,0,0
C05217,United States,38,Female,Silver,12/31/2022,6,1100.44,209.85,9,Books,Desktop,Debit Card,Social Media,1,4.2,0,3,1,0
C05218,Germany,18,Male,Free,2/11/2026,2,136.84,80.15,124,Electronics,Desktop,Credit Card,Social Media,0,4.2,0,0,0,1
C05219,United States,29,Female,Silver,12/31/2024,8,923,108.62,25,Food & Grocery,Desktop,Debit Card,Email Campaign,1,4.4,0,4,0,0
C05220,France,25,Female,Silver,6/2/2025,19,403.95,19.6,31,Books,Mobile,Credit Card,Social Media,4,3.4,1,9,1,0
C05221,United States,21,Female,Free,6/9/2023,36,9307.68,271.99,44,Health & Wellness,Desktop,Credit Card,Organic Search,6,3.5,4,0,1,0
C05222,India,37,Male,Free,4/12/2025,18,795.18,50.06,33,Clothing & Apparel,Mobile,PayPal,Organic Search,6,4,1,3,0,0
C05223,Spain,24,Male,Free,12/29/2025,14,1272.12,97.7,174,Jewelry & Accessories,Desktop,Credit Card,Organic Search,5,4.4,1,4,1,0
C05224,United States,40,Female,Silver,3/11/2024,1,52.6,53.46,86,Travel & Luggage,Mobile,Bank Transfer,Direct,0,4.2,0,10,0,0
C05225,Turkey,34,Male,Gold,10/17/2014,18,3580.59,178.76,18,Beauty & Personal Care,Mobile,Credit Card,Paid Ad,1,4,0,3,1,0
C05226,India,51,Male,Platinum,10/21/2024,35,19457.68,512.82,67,Pet Supplies,Desktop,Debit Card,Email Campaign,4,4.5,0,8,1,0
C05227,Singapore,26,Female,Silver,7/26/2023,31,1414.88,44.15,38,Sports & Outdoors,Tablet,PayPal,Organic Search,5,3.6,2,0,1,0
C05228,United States,28,Female,Free,12/17/2024,5,1050.24,200.06,29,Toys & Games,Mobile,Credit Card,Organic Search,0,4.7,0,11,1,0
C05229,Brazil,49,Female,Silver,12/14/2022,1,96.3,96.64,69,Electronics,Mobile,PayPal,Paid Ad,0,4.3,0,2,1,0
C05230,India,59,Male,Free,3/17/2026,3,70.1,22.28,10,Toys & Games,Desktop,UPI / Digital Wallet,Social Media,0,4.3,0,3,1,0
C05231,Mexico,29,Female,Silver,8/16/2024,2,271.95,140.6,30,Books,Mobile,Credit Card,Social Media,0,3.5,0,4,0,0
C05232,India,57,Male,Platinum,10/16/2024,13,1845.57,146.12,49,Jewelry & Accessories,Mobile,Credit Card,Paid Ad,3,4.7,1,15,1,0
C05233,South Africa,47,Female,Free,7/6/2023,12,494.21,47.02,19,Sports & Outdoors,Mobile,Credit Card,Organic Search,1,4,0,5,0,1
C05234,United States,43,Female,Free,11/19/2024,30,739.38,26.83,40,Electronics,Mobile,Credit Card,Email Campaign,3,4.9,2,0,1,1
C05235,Germany,45,Male,Free,2/2/2024,29,586.29,20.07,8,Electronics,Desktop,Debit Card,Email Campaign,5,3.6,3,0,0,0
C05236,Spain,46,Female,Free,5/21/2025,13,1428.71,103.87,5,Electronics,Mobile,Credit Card,Social Media,2,4.8,1,0,0,0
C05237,UAE,29,Male,Free,6/8/2022,8,134.95,15.25,193,Electronics,Mobile,Debit Card,Social Media,1,3.3,1,13,0,1
C05238,United States,43,Male,Gold,5/23/2024,13,838.56,56.51,11,Beauty & Personal Care,Mobile,PayPal,Email Campaign,3,4.1,0,5,0,1
C05239,United Kingdom,42,Male,Gold,10/14/2024,36,25953.79,762.93,85,Electronics,Tablet,Bank Transfer,Direct,7,3.3,3,0,0,0
C05240,United States,36,Male,Platinum,5/28/2025,18,3079.45,158.88,43,Home & Kitchen,Mobile,Debit Card,Social Media,7,4.6,0,11,1,0
C05241,France,34,Female,Free,3/5/2024,8,1097.94,157.94,146,Home & Kitchen,Mobile,Debit Card,Social Media,0,4.1,0,5,1,0
C05242,United States,29,Other,Free,3/12/2023,3,589.16,179.04,9,Electronics,Tablet,Credit Card,Social Media,1,4,0,0,0,0
C05243,India,28,Female,Free,3/10/2026,7,573.58,80.92,8,Electronics,Desktop,Bank Transfer,Social Media,2,4.5,0,3,1,1
C05244,United Kingdom,51,Female,Free,5/2/2022,2,200.2,93.65,106,Clothing & Apparel,Mobile,Debit Card,Organic Search,0,4.4,0,0,1,0
C05245,France,42,Female,Silver,9/7/2025,20,866.66,49.26,108,Pet Supplies,Mobile,Credit Card,Direct,3,3.8,1,5,1,1
C05246,Japan,34,Male,Platinum,2/24/2026,16,3364.91,190.46,72,Clothing & Apparel,Desktop,Debit Card,Direct,2,3.8,1,0,1,0
C05247,Japan,31,Other,Free,12/7/2024,11,324.5,29.73,32,Electronics,Desktop,UPI / Digital Wallet,Social Media,0,4,0,2,1,0
C05248,France,30,Male,Free,5/16/2025,23,1238.1,58.25,172,Clothing & Apparel,Mobile,PayPal,Email Campaign,9,4.2,0,1,0,0
C05249,Germany,61,Male,Free,6/10/2023,23,1269.72,53.89,7,Clothing & Apparel,Desktop,Bank Transfer,Social Media,6,3.7,2,2,1,0
C05250,United States,49,Female,Silver,8/18/2024,5,409.51,95.22,9,Clothing & Apparel,Mobile,Credit Card,Paid Ad,1,4.7,0,0,1,0
C05251,United States,29,Male,Free,11/3/2024,22,2577.67,108.65,18,Food & Grocery,Tablet,Debit Card,Direct,3,3,0,1,1,1
C05252,Japan,39,Male,Free,5/5/2023,9,981.74,123.42,4,Home & Kitchen,Desktop,PayPal,Paid Ad,1,4.4,0,2,0,0
C05253,United Kingdom,25,Female,Silver,11/9/2020,9,516.29,51.65,15,Books,Desktop,Credit Card,Social Media,3,3.3,1,8,1,0
C05254,United States,44,Male,Free,10/28/2025,38,1640.7,45.68,130,Sports & Outdoors,Desktop,Buy Now Pay Later,Paid Ad,4,3.4,1,2,1,0
C05255,UAE,23,Female,Free,10/5/2023,74,4652.95,64.2,34,Sports & Outdoors,Desktop,PayPal,Social Media,12,4.1,9,4,0,0
C05256,France,25,Male,Free,7/5/2025,8,1331.27,153.71,22,Books,Desktop,Debit Card,Email Campaign,1,3.5,1,0,1,0
C05257,Germany,21,Male,Free,8/28/2024,20,1249.59,58.84,208,Beauty & Personal Care,Tablet,Debit Card,Organic Search,3,3.4,1,5,1,0
C05258,Japan,33,Female,Gold,8/6/2025,63,10161.93,168.03,81,Health & Wellness,Mobile,Credit Card,Direct,16,4.4,0,5,1,0
C05259,Germany,40,Male,Platinum,3/24/2022,10,1299.93,133.09,20,Electronics,Mobile,UPI / Digital Wallet,Organic Search,1,4.2,0,1,1,0
C05260,Brazil,18,Female,Gold,11/28/2025,21,602.78,33.22,44,Clothing & Apparel,Mobile,Debit Card,Direct,5,4.6,1,2,1,0
C05261,United States,52,Male,Free,5/31/2024,11,874.51,77.28,97,Books,Desktop,Buy Now Pay Later,Organic Search,3,4.5,0,0,1,0
C05262,Brazil,39,Female,Free,10/15/2018,13,1205.52,100.05,63,Jewelry & Accessories,Tablet,Credit Card,Referral,1,4.8,0,4,0,0
C05263,Poland,44,Male,Free,1/23/2026,1,83.99,84.51,109,Toys & Games,Tablet,Credit Card,Email Campaign,0,4.3,0,10,0,1
C05264,United States,25,Male,Platinum,5/26/2025,41,10910.9,245.59,18,Books,Mobile,Buy Now Pay Later,Organic Search,3,3,5,1,1,0
C05265,United States,37,Female,Silver,4/27/2021,46,1677.54,38.65,12,Food & Grocery,Mobile,Debit Card,Paid Ad,3,4.2,3,1,1,0
C05266,United States,41,Male,Free,7/9/2024,18,837.41,40.5,43,Clothing & Apparel,Mobile,Debit Card,Organic Search,4,3.9,1,7,1,0
C05267,United States,59,Female,Free,2/26/2026,3,140.31,50.01,119,Beauty & Personal Care,Mobile,Credit Card,Direct,0,4.6,0,5,1,0
C05268,United Kingdom,43,Female,Free,2/4/2022,1,236.33,229.79,86,Home & Kitchen,Desktop,UPI / Digital Wallet,Paid Ad,0,3.8,0,4,1,1
C05269,Mexico,47,Male,Free,7/9/2025,6,351.46,57.48,32,Home & Kitchen,Desktop,UPI / Digital Wallet,Direct,0,4.3,0,4,1,0
C05270,Brazil,38,Male,Free,6/24/2023,4,147.32,37.83,10,Automotive,Mobile,Credit Card,Paid Ad,1,4.4,0,12,1,0
C05271,United States,18,Female,Free,5/30/2025,1,55.98,49.46,79,Home & Kitchen,Mobile,Debit Card,Organic Search,0,4.6,0,6,1,0
C05272,Canada,39,Male,Free,2/8/2026,29,1859.92,58,101,Clothing & Apparel,Desktop,PayPal,Direct,7,3.7,4,0,0,0
C05273,United States,43,Female,Free,2/14/2024,16,3076.43,197.64,264,Electronics,Mobile,Cryptocurrency,Email Campaign,1,4,1,13,1,1
C05274,United States,26,Female,Free,1/9/2026,19,2344.11,136.94,2,Office Supplies,Mobile,Credit Card,Organic Search,2,3.1,2,0,1,0
C05275,United Kingdom,27,Male,Free,6/1/2023,39,3991.46,111.22,71,Electronics,Desktop,Credit Card,Paid Ad,15,4.3,4,6,1,1
C05276,United States,30,Male,Gold,3/2/2025,16,7729.38,426.55,60,Clothing & Apparel,Mobile,Debit Card,Organic Search,5,4.2,1,15,1,0
C05277,United States,34,Male,Free,3/26/2025,5,147.05,28.96,22,Clothing & Apparel,Tablet,Debit Card,Direct,1,4.7,0,7,1,0
C05278,India,44,Female,Free,6/7/2025,38,3761.72,92.93,122,Sports & Outdoors,Mobile,Credit Card,Email Campaign,7,4.6,2,5,0,0
C05279,Italy,27,Male,Free,9/27/2023,9,628.34,75.12,11,Home & Kitchen,Mobile,Credit Card,Organic Search,1,2.9,1,2,0,0
C05280,France,31,Female,Silver,2/15/2025,13,1916.88,134.82,36,Electronics,Desktop,Debit Card,Organic Search,3,4.6,0,12,1,0
C05281,Italy,42,Male,Gold,3/11/2026,11,608.51,57.77,51,Toys & Games,Desktop,Debit Card,Email Campaign,2,4.2,1,1,0,0
C05282,United States,43,Male,Free,3/1/2026,12,599.12,53.94,15,Health & Wellness,Desktop,Debit Card,Organic Search,1,4.5,0,0,0,0
C05283,France,34,Female,Silver,10/25/2025,33,1765.05,61.06,91,Home & Kitchen,Mobile,Credit Card,Paid Ad,3,2.9,3,8,0,0
C05284,India,29,Female,Gold,3/24/2025,14,2165.48,139.9,128,Electronics,Mobile,Debit Card,Paid Ad,1,3.6,0,1,1,0
C05285,United States,40,Male,Silver,6/17/2025,7,220.26,36.11,36,Clothing & Apparel,Mobile,Credit Card,Email Campaign,1,4.6,1,8,0,0
C05286,Canada,33,Male,Free,3/22/2024,15,1380.64,90.65,37,Food & Grocery,Mobile,Credit Card,Paid Ad,2,4.2,1,4,1,0
C05287,Mexico,42,Female,Free,9/25/2024,4,379.18,98.91,65,Electronics,Mobile,Credit Card,Social Media,0,3.5,0,1,0,0
C05288,United Kingdom,24,Male,Free,10/25/2025,14,399.82,30.68,40,Jewelry & Accessories,Desktop,Buy Now Pay Later,Email Campaign,5,3.8,0,2,0,0
C05289,Mexico,58,Male,Free,3/22/2023,12,737.87,64.95,219,Electronics,Desktop,Bank Transfer,Direct,2,4.1,1,2,1,1
C05290,United Kingdom,58,Female,Silver,6/22/2025,17,2668.73,152.91,46,Home & Kitchen,Desktop,Credit Card,Direct,1,4.6,1,5,0,0
C05291,United States,31,Female,Free,4/9/2025,1,17.4,17.55,8,Electronics,Tablet,Credit Card,Organic Search,0,3,0,8,1,0
C05292,Mexico,21,Female,Free,10/12/2025,10,1716.36,168.53,46,Toys & Games,Desktop,Bank Transfer,Email Campaign,1,5,0,19,1,0
C05293,India,32,Female,Gold,12/29/2024,39,3135.99,71.08,9,Clothing & Apparel,Mobile,Debit Card,Social Media,2,4.9,3,1,1,0
C05294,Australia,18,Male,Free,8/27/2024,4,117.17,33.16,8,Books,Mobile,UPI / Digital Wallet,Organic Search,0,3.8,0,0,0,0
C05295,United Kingdom,23,Female,Free,10/6/2025,66,7510.88,119.92,29,Beauty & Personal Care,Desktop,Credit Card,Organic Search,7,4.7,5,5,0,1
C05296,Canada,33,Female,Silver,4/17/2025,20,842.89,39.54,106,Clothing & Apparel,Desktop,PayPal,Social Media,4,4.6,2,1,0,0
C05297,Germany,39,Male,Gold,10/12/2025,2,180.15,78.77,58,Jewelry & Accessories,Mobile,Credit Card,Social Media,0,3.4,0,6,0,0
C05298,Canada,57,Male,Platinum,11/15/2025,9,744.76,91.61,0,Food & Grocery,Mobile,Credit Card,Social Media,0,4,1,10,0,0
C05299,UAE,56,Female,Silver,10/23/2025,25,962.39,43.31,61,Electronics,Desktop,Credit Card,Organic Search,7,3.8,1,2,0,0
C05300,Italy,32,Male,Free,2/6/2026,2,64.41,31.6,16,Pet Supplies,Desktop,Debit Card,Paid Ad,0,4.7,0,7,1,0
C05301,Germany,18,Male,Gold,11/23/2025,4,97.41,26.59,34,Jewelry & Accessories,Mobile,Bank Transfer,Social Media,1,4.1,0,2,0,0
C05302,United States,48,Male,Silver,3/23/2024,4,600.7,173.69,105,Clothing & Apparel,Mobile,Bank Transfer,Email Campaign,1,3.7,0,0,1,0
C05303,Germany,18,Female,Free,3/30/2024,11,1030.07,85.97,103,Beauty & Personal Care,Mobile,Bank Transfer,Social Media,4,4,0,3,1,0
C05304,United Kingdom,22,Female,Silver,12/17/2023,29,400.79,12.12,40,Home & Kitchen,Desktop,Credit Card,Organic Search,10,2.8,4,2,0,0
C05305,Canada,35,Female,Platinum,11/29/2023,7,2979.56,485.14,22,Clothing & Apparel,Mobile,PayPal,Paid Ad,1,4,0,10,0,1
C05306,Italy,20,Male,Silver,9/10/2025,15,275.06,18.49,107,Food & Grocery,Tablet,Credit Card,Email Campaign,4,4.7,0,6,1,0
C05307,Australia,41,Female,Free,11/12/2025,49,4038.91,95.63,48,Home & Kitchen,Desktop,Credit Card,Social Media,5,4.3,3,0,1,1
C05308,Turkey,42,Female,Free,3/29/2025,19,1224.56,69.59,31,Clothing & Apparel,Tablet,Credit Card,Organic Search,2,3.9,1,4,1,0
C05309,United States,37,Male,Gold,10/5/2021,11,705.59,62.02,93,Home & Kitchen,Tablet,Debit Card,Social Media,1,4.1,0,2,1,0
C05310,United States,48,Female,Silver,3/6/2025,9,549.43,59.7,15,Sports & Outdoors,Mobile,Debit Card,Social Media,2,4.1,1,2,0,0
C05311,United States,19,Male,Free,9/18/2025,32,1256.95,44.75,39,Electronics,Desktop,PayPal,Organic Search,7,4.1,2,2,0,0
C05312,Germany,45,Male,Free,1/26/2022,2,123.16,70.34,2,Electronics,Desktop,Credit Card,Email Campaign,0,2.6,0,3,0,1
C05313,United Kingdom,40,Female,Free,3/31/2026,3,322.64,117.27,236,Health & Wellness,Mobile,PayPal,Social Media,0,4,0,2,1,0
C05314,Canada,36,Male,Silver,7/7/2023,17,2239.82,118.79,66,Travel & Luggage,Mobile,Cryptocurrency,Organic Search,1,4,0,2,0,0
C05315,Japan,30,Female,Silver,2/21/2026,20,2179.07,116.81,5,Home & Kitchen,Desktop,Credit Card,Email Campaign,4,4,1,0,1,0
C05316,United States,24,Male,Gold,10/29/2024,3,375.59,115.94,4,Beauty & Personal Care,Desktop,Credit Card,Organic Search,1,3.8,0,1,0,0
C05317,Japan,25,Male,Silver,2/19/2026,4,247.29,71.39,44,Books,Desktop,PayPal,Organic Search,1,3.3,0,1,1,0
C05318,Netherlands,40,Other,Silver,1/21/2024,4,434.19,123.76,75,Electronics,Mobile,UPI / Digital Wallet,Social Media,1,4,0,11,0,0
C05319,United States,37,Male,Free,1/18/2026,19,5237.17,270.83,63,Home & Kitchen,Desktop,Credit Card,Social Media,1,4.5,0,17,1,0
C05320,United Kingdom,43,Male,Free,10/18/2025,9,578.71,60.26,23,Clothing & Apparel,Mobile,Credit Card,Email Campaign,2,4.3,0,2,0,0
C05321,Canada,37,Female,Silver,2/9/2026,1,32.86,29.69,45,Home & Kitchen,Tablet,Credit Card,Email Campaign,0,4.5,0,0,1,0
C05322,India,38,Female,Free,4/16/2022,33,1098.69,30.74,64,Sports & Outdoors,Desktop,PayPal,Organic Search,4,3.7,4,10,1,0
C05323,Canada,29,Female,Free,12/18/2022,8,240.09,31.91,34,Beauty & Personal Care,Mobile,Credit Card,Email Campaign,0,4.6,0,4,1,0
C05324,Germany,38,Male,Free,10/30/2025,15,2156.75,151.42,67,Books,Tablet,Credit Card,Organic Search,2,4.6,1,18,0,0
C05325,France,25,Male,Free,12/14/2025,5,348.81,77.2,4,Electronics,Mobile,Credit Card,Social Media,0,4.8,0,1,1,0
C05326,Australia,23,Male,Free,10/21/2025,6,717.75,128.15,60,Electronics,Mobile,Credit Card,Email Campaign,0,4.7,0,3,1,0
C05327,United Kingdom,18,Male,Silver,10/5/2024,11,216.49,23.09,100,Clothing & Apparel,Desktop,UPI / Digital Wallet,Social Media,0,3.8,1,4,0,0
C05328,United States,49,Male,Gold,6/3/2025,2,104.32,57.07,161,Food & Grocery,Desktop,Credit Card,Organic Search,0,4.7,0,4,1,0
C05329,United States,29,Other,Gold,3/27/2023,22,2184.88,107.38,42,Sports & Outdoors,Tablet,Debit Card,Email Campaign,1,4.3,3,2,0,1
C05330,UAE,18,Male,Silver,4/3/2023,7,745.66,107.86,18,Home & Kitchen,Mobile,Debit Card,Social Media,1,4.2,0,0,0,0
C05331,United States,36,Female,Free,4/10/2024,14,728.86,46.66,121,Clothing & Apparel,Mobile,Debit Card,Organic Search,4,4.5,1,0,0,0
C05332,Brazil,26,Female,Silver,4/5/2025,45,2391.22,53.61,85,Sports & Outdoors,Mobile,UPI / Digital Wallet,Direct,7,4.9,4,13,0,0
C05333,United Kingdom,20,Male,Free,12/20/2025,10,356,38.58,54,Food & Grocery,Mobile,Cryptocurrency,Organic Search,1,4.5,0,0,0,0
C05334,United States,28,Male,Free,1/12/2026,2,96.83,48.47,67,Health & Wellness,Tablet,Credit Card,Paid Ad,0,4.6,0,0,1,0
C05335,Germany,45,Male,Platinum,10/4/2022,8,670.85,84.43,106,Clothing & Apparel,Tablet,Credit Card,Paid Ad,2,4.2,0,15,0,0
C05336,United States,18,Female,Silver,8/17/2024,4,202.77,46.92,34,Pet Supplies,Desktop,Bank Transfer,Direct,0,4.3,0,2,0,0
C05337,India,44,Male,Gold,11/22/2025,38,24118.18,687.81,49,Books,Desktop,PayPal,Direct,8,4.9,1,1,1,0
C05338,United States,41,Male,Free,9/22/2025,17,238.83,16.14,1,Books,Tablet,PayPal,Direct,4,4.4,0,3,1,0
C05339,India,18,Female,Free,4/1/2024,2,158.68,77.74,153,Clothing & Apparel,Desktop,Debit Card,Social Media,0,4.8,0,3,0,0
C05340,India,33,Female,Free,6/13/2025,1,65.94,73.81,34,Automotive,Mobile,Debit Card,Paid Ad,0,4.1,0,1,1,0
C05341,Germany,51,Female,Silver,3/9/2025,13,920.02,71.05,108,Home & Kitchen,Mobile,Credit Card,Referral,3,4.3,0,0,1,0
C05342,Brazil,21,Female,Free,3/25/2025,6,672.62,118.43,1,Electronics,Desktop,Credit Card,Social Media,1,4.7,0,0,1,0
C05343,France,41,Female,Free,7/8/2024,3,270.74,80.62,47,Home & Kitchen,Mobile,Credit Card,Organic Search,0,4,0,16,1,0
C05344,Brazil,39,Female,Free,2/20/2026,3,519.99,152.92,83,Home & Kitchen,Desktop,Credit Card,Social Media,0,4.2,0,4,1,0
C05345,Singapore,48,Male,Free,3/30/2026,10,428.51,40.15,160,Jewelry & Accessories,Mobile,Buy Now Pay Later,Email Campaign,3,4.7,1,0,1,0
C05346,Spain,52,Female,Silver,8/13/2022,9,719.1,89.66,53,Electronics,Tablet,Credit Card,Organic Search,2,4.2,0,3,1,0
C05347,Brazil,44,Male,Free,5/24/2024,23,5538.54,231.42,21,Home & Kitchen,Desktop,Debit Card,Paid Ad,3,3.8,3,6,1,0
C05348,United Kingdom,20,Female,Free,4/26/2025,21,1401.05,58.52,36,Books,Mobile,PayPal,Paid Ad,8,3.3,0,0,0,0
C05349,United States,35,Female,Gold,12/10/2024,14,912.55,71.41,8,Books,Desktop,UPI / Digital Wallet,Direct,2,2.4,1,2,0,0
C05350,United States,25,Female,Platinum,10/31/2025,4,456.63,116.27,14,Books,Mobile,Credit Card,Organic Search,0,3.7,0,1,0,0
C05351,France,25,Male,Silver,11/5/2025,10,283.55,32.09,9,Sports & Outdoors,Desktop,Debit Card,Social Media,3,4.5,1,2,1,0
C05352,Netherlands,36,Female,Gold,1/15/2026,19,1040.22,60.74,187,Office Supplies,Mobile,Debit Card,Organic Search,6,4,1,0,1,0
C05353,Germany,22,Female,Free,1/14/2024,16,979.46,53.85,35,Clothing & Apparel,Mobile,Debit Card,Social Media,3,4.3,0,18,1,0
C05354,Brazil,53,Female,Gold,7/24/2025,3,428.83,144.47,31,Home & Kitchen,Mobile,Debit Card,Social Media,0,4.3,0,11,1,0
C05355,Mexico,40,Female,Free,7/24/2025,12,359.86,30.91,240,Electronics,Mobile,Credit Card,Direct,4,4.5,0,1,0,0
C05356,Netherlands,27,Female,Free,3/12/2024,36,741.34,21.3,104,Clothing & Apparel,Desktop,Credit Card,Organic Search,14,3.2,2,7,0,0
C05357,India,20,Female,Free,12/14/2024,52,5007.35,90.64,18,Toys & Games,Desktop,PayPal,Email Campaign,9,4.8,0,1,1,0
C05358,United States,59,Male,Free,1/15/2026,1,57.1,66.56,72,Books,Tablet,UPI / Digital Wallet,Social Media,0,3.7,0,7,1,0
C05359,Japan,24,Male,Gold,9/5/2025,28,1549.11,49.08,66,Home & Kitchen,Mobile,Credit Card,Social Media,8,4.3,0,0,0,0
C05360,United States,47,Female,Gold,11/28/2024,2,130.61,64.51,107,Office Supplies,Mobile,PayPal,Email Campaign,0,4.7,0,0,1,1
C05361,UAE,25,Female,Free,6/26/2025,61,8113.26,144.96,0,Electronics,Mobile,Debit Card,Email Campaign,19,4.4,7,5,1,0
C05362,United States,27,Male,Free,2/23/2026,22,1340.94,56.41,59,Electronics,Mobile,Credit Card,Paid Ad,6,4.8,2,4,0,0
C05363,Mexico,35,Male,Free,9/20/2025,21,1199.75,52.06,30,Pet Supplies,Mobile,PayPal,Social Media,2,4,2,0,1,0
C05364,Japan,28,Male,Silver,1/9/2026,5,301.7,58.1,9,Clothing & Apparel,Mobile,UPI / Digital Wallet,Email Campaign,1,4.2,0,3,0,0
C05365,United States,31,Male,Free,7/11/2021,6,241.81,40.82,32,Health & Wellness,Desktop,PayPal,Organic Search,1,4.5,0,0,0,0
C05366,United States,23,Female,Silver,3/11/2023,23,11312.02,445.93,93,Electronics,Mobile,Debit Card,Organic Search,4,4.1,1,0,0,0
C05367,United States,56,Male,Silver,11/16/2025,4,145.6,41.76,153,Electronics,Desktop,Buy Now Pay Later,Organic Search,1,4.2,0,1,1,1
C05368,United Kingdom,24,Male,Free,3/17/2026,6,649.47,119.98,24,Home & Kitchen,Mobile,Debit Card,Email Campaign,1,3.9,0,11,1,0
C05369,France,36,Female,Free,11/21/2025,32,1866.29,56.72,8,Electronics,Mobile,PayPal,Organic Search,3,4.8,4,0,0,0
C05370,UAE,44,Other,Free,6/15/2025,4,236.31,55.65,55,Health & Wellness,Mobile,Debit Card,Direct,0,4.2,0,10,1,0
C05371,United States,32,Female,Silver,3/28/2026,21,665.16,35.87,70,Office Supplies,Mobile,Debit Card,Email Campaign,2,3.7,2,1,1,0
C05372,Australia,41,Male,Gold,3/10/2025,4,271.61,67.76,56,Books,Tablet,Bank Transfer,Direct,1,3.6,0,7,1,0
C05373,United States,31,Female,Free,1/10/2026,3,467.01,145.88,60,Clothing & Apparel,Desktop,Credit Card,Organic Search,0,4.2,0,8,0,0
C05374,India,42,Female,Free,1/18/2024,1,33.65,29.77,182,Clothing & Apparel,Desktop,Credit Card,Email Campaign,0,3.3,0,1,0,0
C05375,India,24,Female,Silver,6/1/2025,1,22.01,24.48,294,Office Supplies,Mobile,Credit Card,Social Media,0,4.8,0,4,0,1
C05376,Sweden,34,Male,Platinum,9/26/2024,9,937.18,109.08,3,Sports & Outdoors,Desktop,Debit Card,Direct,1,4,1,0,1,0
C05377,Poland,18,Male,Free,4/14/2024,4,872.43,194.23,17,Toys & Games,Desktop,UPI / Digital Wallet,Paid Ad,1,4.1,0,6,0,0
C05378,United States,35,Female,Free,3/17/2024,22,2746.69,110.51,82,Toys & Games,Desktop,Credit Card,Organic Search,8,4.8,0,3,1,0
C05379,Poland,34,Male,Free,5/25/2025,1,176.11,153.6,98,Clothing & Apparel,Desktop,Credit Card,Direct,0,4.9,0,0,0,1
C05380,Sweden,37,Female,Free,12/13/2023,59,3045.02,44.91,1,Books,Desktop,Debit Card,Paid Ad,17,4.7,4,7,1,0
C05381,United Kingdom,52,Female,Free,3/7/2026,24,6769.69,269.94,17,Home & Kitchen,Desktop,UPI / Digital Wallet,Organic Search,6,2.8,2,11,1,0
C05382,United States,27,Male,Free,11/23/2025,3,94.3,30.05,1,Health & Wellness,Desktop,Buy Now Pay Later,Social Media,1,4.7,0,0,1,0
C05383,United States,34,Female,Gold,9/27/2019,43,3667.87,93.93,72,Clothing & Apparel,Mobile,Bank Transfer,Social Media,9,4.6,5,1,1,0
C05384,United States,18,Female,Silver,11/6/2023,79,2350.94,33.53,227,Books,Mobile,UPI / Digital Wallet,Direct,4,4.1,2,16,0,1
C05385,Australia,33,Male,Free,10/28/2025,4,221.47,57.17,46,Health & Wellness,Mobile,Credit Card,Paid Ad,0,4.5,0,15,0,0
C05386,United Kingdom,21,Female,Free,10/3/2025,2,73.86,39.54,27,Electronics,Mobile,UPI / Digital Wallet,Social Media,0,3.3,0,1,0,1
C05387,India,21,Female,Free,9/7/2025,13,642.99,46.11,22,Electronics,Mobile,Buy Now Pay Later,Email Campaign,1,3.4,1,16,1,0
C05388,United Kingdom,61,Female,Free,4/30/2024,17,772.09,51.17,43,Sports & Outdoors,Mobile,Debit Card,Organic Search,0,3.9,0,0,1,0
C05389,Brazil,51,Female,Gold,9/24/2023,4,357.38,96.71,1,Sports & Outdoors,Mobile,Credit Card,Direct,1,3.6,0,8,1,0
C05390,Canada,35,Female,Free,10/10/2025,17,1110.98,57.25,109,Health & Wellness,Mobile,UPI / Digital Wallet,Social Media,3,4.4,1,3,0,0
C05391,United Kingdom,31,Female,Silver,1/21/2026,27,2366.93,79.73,29,Clothing & Apparel,Tablet,Debit Card,Organic Search,3,4.5,1,3,1,0
C05392,India,18,Female,Silver,2/10/2026,14,2250.06,164.47,52,Clothing & Apparel,Mobile,Credit Card,Referral,3,4,1,8,1,0
C05393,India,46,Male,Free,4/7/2024,33,1420.94,44.66,95,Electronics,Mobile,Debit Card,Organic Search,4,3.1,3,1,0,0
C05394,Canada,46,Male,Silver,10/1/2024,2,525.27,247.38,157,Sports & Outdoors,Desktop,Credit Card,Email Campaign,0,4,0,5,0,0
C05395,Sweden,23,Male,Free,3/14/2026,35,1476.05,40.3,96,Food & Grocery,Desktop,Buy Now Pay Later,Social Media,12,3.9,4,12,0,0
C05396,Italy,39,Male,Silver,2/28/2026,7,128.49,19.25,16,Clothing & Apparel,Mobile,PayPal,Paid Ad,2,4.1,0,2,0,0
C05397,United Kingdom,21,Male,Free,2/5/2024,6,807.96,118.42,63,Books,Desktop,Credit Card,Direct,0,4.2,0,0,1,0
C05398,United States,42,Other,Platinum,12/2/2023,19,3764.59,186.63,129,Beauty & Personal Care,Tablet,Debit Card,Organic Search,3,2.7,1,2,1,0
C05399,France,40,Female,Free,1/2/2023,40,1592.8,37.68,13,Home & Kitchen,Mobile,PayPal,Direct,9,4.5,5,3,1,0
C05400,United States,38,Female,Gold,5/14/2024,16,347.92,18.99,71,Electronics,Desktop,Credit Card,Organic Search,2,4.4,0,2,1,0
C05401,India,35,Female,Free,1/12/2026,9,822.98,89.08,43,Food & Grocery,Mobile,UPI / Digital Wallet,Social Media,0,4.1,0,2,1,0
C05402,United States,38,Female,Free,9/5/2025,5,482.39,102.37,15,Books,Mobile,Credit Card,Referral,1,4.5,0,2,0,0
C05403,France,34,Male,Free,2/11/2026,34,3855.66,120.07,7,Automotive,Desktop,Credit Card,Social Media,4,3.9,2,3,0,1
C05404,Canada,46,Female,Free,2/15/2019,9,545.94,61.69,28,Clothing & Apparel,Mobile,Debit Card,Organic Search,0,3.8,0,1,1,0
C05405,India,39,Female,Gold,3/28/2026,47,15791.11,356.52,8,Electronics,Tablet,UPI / Digital Wallet,Organic Search,7,3.1,3,8,1,0
C05406,Singapore,46,Female,Free,6/22/2025,57,2820.41,56.39,44,Toys & Games,Mobile,UPI / Digital Wallet,Paid Ad,12,4.5,6,8,1,0
C05407,UAE,25,Female,Silver,2/18/2026,1,204.19,179.38,17,Food & Grocery,Mobile,UPI / Digital Wallet,Organic Search,0,4.7,0,0,1,0
C05408,India,51,Male,Free,3/8/2026,10,227.65,25.59,48,Food & Grocery,Mobile,Bank Transfer,Direct,2,4.7,0,8,1,0
C05409,Italy,35,Female,Silver,4/27/2022,13,1360.76,99.49,10,Toys & Games,Tablet,Credit Card,Email Campaign,3,3.7,0,6,1,0
C05410,Germany,45,Female,Gold,2/21/2026,23,1678.16,72.66,40,Electronics,Desktop,PayPal,Paid Ad,8,3.9,3,7,0,0
C05411,United Kingdom,52,Female,Silver,12/14/2025,3,158.04,49.04,135,Electronics,Tablet,Debit Card,Paid Ad,0,3.5,0,7,1,0
C05412,Turkey,43,Male,Silver,9/11/2023,10,601.16,54.6,44,Electronics,Mobile,PayPal,Organic Search,3,4.3,0,5,1,0
C05413,South Korea,55,Male,Gold,1/6/2025,8,588.69,68,88,Electronics,Tablet,Credit Card,Email Campaign,2,4.3,1,16,1,0
C05414,United States,38,Other,Free,4/7/2023,11,524.8,47.44,93,Jewelry & Accessories,Desktop,Credit Card,Social Media,2,4.3,1,0,0,0
C05415,Canada,34,Female,Free,3/28/2025,18,734.31,46.58,12,Clothing & Apparel,Tablet,Credit Card,Email Campaign,6,4,0,6,1,0
C05416,Germany,36,Male,Free,1/9/2025,5,1557.86,307.63,43,Electronics,Tablet,Debit Card,Organic Search,0,2.5,0,7,0,0
C05417,Mexico,36,Male,Gold,2/13/2026,17,1183.96,61.27,11,Electronics,Desktop,Bank Transfer,Social Media,4,3.8,0,0,1,0
C05418,United States,21,Female,Free,11/13/2025,23,2792.8,117.14,94,Books,Desktop,Credit Card,Social Media,5,4.8,2,5,1,0
C05419,United States,44,Male,Free,11/21/2025,18,1603.38,85.29,13,Clothing & Apparel,Desktop,UPI / Digital Wallet,Organic Search,1,4.6,1,6,0,0
C05420,South Korea,29,Female,Gold,10/16/2025,3,229.47,76.5,71,Jewelry & Accessories,Mobile,Credit Card,Email Campaign,0,4.1,0,7,1,1
C05421,United Kingdom,40,Female,Free,11/15/2025,33,556.45,15,80,Toys & Games,Mobile,Bank Transfer,Email Campaign,8,4.2,0,2,0,0
C05422,Brazil,28,Male,Gold,12/10/2021,16,1205.95,84.89,8,Sports & Outdoors,Desktop,Credit Card,Email Campaign,4,4,1,0,1,0
C05423,Australia,30,Male,Gold,12/19/2024,18,1113.86,70.24,69,Electronics,Mobile,PayPal,Social Media,4,4,1,2,1,0
C05424,United States,38,Male,Silver,11/17/2023,19,1484,69.08,53,Electronics,Mobile,Credit Card,Organic Search,2,4.3,2,2,0,0
C05425,United States,54,Female,Gold,5/7/2024,7,1153.15,191.84,1,Beauty & Personal Care,Tablet,Credit Card,Social Media,1,3.1,0,4,0,0
C05426,United States,30,Female,Silver,4/29/2020,16,737.55,44.91,0,Home & Kitchen,Tablet,Debit Card,Organic Search,4,3.9,1,5,1,0
C05427,United States,45,Male,Silver,10/5/2024,5,183.35,37.03,2,Books,Mobile,Credit Card,Paid Ad,0,3.5,0,6,1,0
C05428,India,41,Male,Gold,6/13/2024,5,402.19,89.24,4,Jewelry & Accessories,Desktop,Credit Card,Organic Search,1,3.5,0,1,1,0
C05429,United States,38,Female,Free,8/13/2025,9,480.87,50.14,21,Beauty & Personal Care,Desktop,Debit Card,Direct,1,4,0,1,1,0
C05430,Brazil,45,Male,Silver,9/15/2025,61,4551.2,72.6,34,Clothing & Apparel,Desktop,Debit Card,Email Campaign,18,4.5,8,12,0,0
C05431,Germany,41,Female,Gold,5/4/2025,14,2542.61,183.97,81,Books,Tablet,Debit Card,Paid Ad,2,4.9,0,3,0,0
C05432,Germany,53,Female,Gold,11/13/2025,39,2157.74,61.79,1,Beauty & Personal Care,Mobile,Debit Card,Organic Search,10,4.1,0,0,0,0
C05433,Mexico,60,Male,Free,9/23/2025,10,858.82,78.57,33,Health & Wellness,Mobile,Bank Transfer,Direct,2,4,0,9,1,0
C05434,United Kingdom,42,Male,Free,7/28/2024,3,800.81,305.46,10,Clothing & Apparel,Desktop,Credit Card,Organic Search,1,4.4,0,7,1,0
C05435,United States,30,Female,Free,2/20/2024,7,653.86,90.81,102,Automotive,Desktop,Bank Transfer,Social Media,0,3.8,0,0,1,0
C05436,Germany,24,Female,Silver,2/23/2024,17,894.56,46.28,0,Books,Desktop,Credit Card,Email Campaign,3,4.3,1,3,0,0
C05437,Sweden,34,Female,Gold,8/2/2024,3,511.78,164.24,11,Jewelry & Accessories,Mobile,PayPal,Social Media,0,3.7,0,1,1,0
C05438,France,57,Female,Free,10/16/2024,4,370.03,98.86,134,Jewelry & Accessories,Mobile,Credit Card,Paid Ad,1,4.2,0,9,0,0
C05439,United Kingdom,46,Male,Free,11/10/2025,10,918.06,92.28,20,Toys & Games,Desktop,Debit Card,Social Media,3,4.6,0,3,0,0
C05440,United States,46,Male,Silver,12/20/2025,40,2096.23,51.1,71,Beauty & Personal Care,Tablet,PayPal,Paid Ad,8,4.8,1,3,0,0
C05441,United States,29,Male,Free,2/21/2023,78,4809.58,56.61,113,Books,Mobile,Credit Card,Direct,27,4.2,5,2,1,0
C05442,France,24,Male,Free,6/28/2023,21,1554.94,87.09,0,Books,Desktop,Debit Card,Referral,7,3.6,2,9,1,0
C05443,United Kingdom,30,Male,Platinum,8/18/2025,25,4782.16,181.04,38,Electronics,Desktop,Credit Card,Email Campaign,5,4.7,0,4,0,0
C05444,Germany,18,Male,Platinum,2/27/2026,4,591.33,165.5,98,Electronics,Desktop,Credit Card,Organic Search,1,3.9,0,14,0,1
C05445,Australia,41,Female,Free,1/29/2021,7,234.38,35.39,16,Pet Supplies,Tablet,UPI / Digital Wallet,Organic Search,0,4.5,0,11,1,0
C05446,United States,35,Female,Silver,2/12/2025,19,508.66,29.12,87,Electronics,Tablet,Credit Card,Email Campaign,5,4.4,1,1,1,0
C05447,France,38,Female,Free,2/25/2026,15,1513.33,99.81,225,Home & Kitchen,Desktop,PayPal,Social Media,2,3.8,1,4,1,0
C05448,Germany,26,Female,Free,12/18/2024,17,891.14,46.1,37,Electronics,Mobile,Credit Card,Organic Search,5,3.2,0,0,1,0
C05449,United States,47,Male,Gold,10/23/2024,7,706.99,100.14,25,Travel & Luggage,Desktop,Debit Card,Email Campaign,2,4.5,0,3,0,0
C05450,Canada,53,Male,Free,3/28/2023,5,654.89,123.32,17,Food & Grocery,Desktop,Credit Card,Organic Search,1,3.8,0,7,1,1
C05451,Mexico,68,Female,Free,3/25/2026,5,90.41,19.89,34,Travel & Luggage,Desktop,Credit Card,Social Media,1,3.3,0,1,1,0
C05452,United Kingdom,18,Male,Gold,9/17/2025,27,2020.33,78.27,4,Clothing & Apparel,Mobile,Buy Now Pay Later,Organic Search,5,4.6,3,6,1,0
C05453,Singapore,22,Female,Free,7/6/2025,3,167.06,63.81,42,Toys & Games,Mobile,Credit Card,Social Media,0,4.1,0,2,0,0
C05454,United Kingdom,43,Male,Free,9/23/2025,33,2740.02,81.08,170,Automotive,Desktop,UPI / Digital Wallet,Organic Search,3,4,1,2,1,0
C05455,United Kingdom,43,Male,Free,8/28/2024,9,6380.44,647.68,15,Beauty & Personal Care,Mobile,Credit Card,Referral,0,3.7,0,0,1,0
C05456,United States,36,Female,Free,3/17/2026,39,1640.98,39.46,144,Electronics,Desktop,PayPal,Social Media,2,4.6,3,2,1,0
C05457,France,35,Male,Silver,9/21/2022,18,1382.83,79.54,14,Travel & Luggage,Desktop,Credit Card,Email Campaign,1,4.2,1,2,1,0
C05458,India,22,Male,Free,4/28/2023,20,878.79,48.98,8,Jewelry & Accessories,Tablet,Credit Card,Direct,2,4,0,4,0,0
C05459,India,33,Female,Free,3/10/2025,4,147.84,40.44,80,Toys & Games,Mobile,Credit Card,Social Media,1,4,0,2,1,0
C05460,France,39,Female,Free,9/14/2023,35,1800.03,57.54,1,Clothing & Apparel,Mobile,Credit Card,Organic Search,2,4.7,4,4,1,0
C05461,Poland,39,Male,Gold,11/2/2025,51,2792.49,51.2,68,Clothing & Apparel,Mobile,Credit Card,Social Media,3,4.5,0,8,0,0
C05462,United States,38,Male,Silver,5/9/2023,56,2916.53,50.02,0,Toys & Games,Desktop,Debit Card,Paid Ad,20,3.8,1,2,1,0
C05463,United States,48,Female,Free,11/15/2022,36,666.66,20.16,12,Automotive,Mobile,Credit Card,Email Campaign,5,4.7,3,4,1,0
C05464,Japan,55,Female,Free,1/31/2025,14,753.76,60.34,237,Health & Wellness,Mobile,Cryptocurrency,Paid Ad,4,4.4,1,1,0,0
C05465,United States,31,Female,Free,12/6/2025,2,129.25,74.36,88,Clothing & Apparel,Desktop,UPI / Digital Wallet,Social Media,0,4,0,11,1,0
C05466,Mexico,39,Male,Free,12/7/2024,33,974.81,28.19,21,Electronics,Mobile,PayPal,Social Media,5,3.6,2,1,0,0
C05467,United Kingdom,36,Male,Free,4/17/2024,8,115.43,15.35,74,Books,Desktop,PayPal,Organic Search,2,4.5,0,2,1,0
C05468,South Africa,50,Female,Free,12/24/2025,11,942.37,82.72,73,Home & Kitchen,Mobile,Credit Card,Email Campaign,3,3.7,1,1,1,0
C05469,United States,31,Female,Free,6/8/2022,14,982.5,68.8,19,Home & Kitchen,Mobile,Buy Now Pay Later,Direct,5,3.9,0,5,1,0
C05470,France,27,Female,Free,10/28/2025,10,427.75,39.96,9,Electronics,Desktop,Credit Card,Email Campaign,1,4.4,0,16,0,0
C05471,Brazil,56,Male,Platinum,9/1/2024,33,2694.87,93.48,89,Clothing & Apparel,Mobile,Credit Card,Organic Search,8,4.4,3,0,0,0
C05472,United States,27,Other,Free,12/9/2024,6,172.5,25.49,17,Clothing & Apparel,Desktop,Debit Card,Social Media,2,4.6,0,8,0,0
C05473,Netherlands,35,Female,Silver,11/29/2025,6,696.99,110.28,107,Office Supplies,Tablet,Debit Card,Direct,1,4,0,5,1,0
C05474,United Kingdom,19,Female,Free,10/1/2023,18,602.02,39.14,3,Electronics,Mobile,Debit Card,Social Media,6,4.8,0,0,1,0
C05475,UAE,18,Female,Free,3/23/2021,17,2926.08,150.16,26,Pet Supplies,Mobile,Credit Card,Email Campaign,4,3.9,2,2,0,0
C05476,United States,26,Female,Silver,8/10/2025,2,198.62,96.78,112,Beauty & Personal Care,Mobile,PayPal,Referral,0,4.2,0,7,0,0
C05477,United States,18,Male,Silver,10/21/2024,18,1632.99,103.08,2,Books,Desktop,PayPal,Paid Ad,7,4.1,1,4,1,0
C05478,Canada,44,Male,Free,4/25/2025,5,411.31,76.81,50,Office Supplies,Mobile,Bank Transfer,Social Media,1,3.1,0,6,1,0
C05479,United States,46,Male,Free,12/7/2025,9,303.61,31.78,52,Books,Tablet,PayPal,Direct,2,3.9,0,5,1,0
C05480,Germany,61,Female,Free,12/21/2024,33,2233.51,74.76,20,Clothing & Apparel,Desktop,Credit Card,Direct,5,4.1,2,1,0,0
C05481,United States,32,Female,Free,8/23/2023,5,1001.62,186.14,6,Food & Grocery,Mobile,Credit Card,Social Media,1,4.9,0,1,0,0
C05482,United States,57,Male,Free,1/12/2026,21,1364.21,71.19,120,Electronics,Tablet,Bank Transfer,Paid Ad,6,4.6,1,7,1,0
C05483,United States,52,Male,Free,12/1/2023,22,1922.46,76.03,4,Toys & Games,Mobile,Credit Card,Paid Ad,2,4.4,3,23,0,0
C05484,United Kingdom,18,Male,Free,2/9/2025,20,3506.12,183.03,35,Office Supplies,Mobile,Credit Card,Social Media,2,4,1,0,0,0
C05485,United States,36,Male,Free,9/16/2023,1,22.37,23.57,20,Books,Mobile,Cryptocurrency,Organic Search,0,4.3,0,3,0,0
C05486,France,42,Female,Gold,4/19/2023,56,1227.65,21.37,6,Electronics,Desktop,Credit Card,Direct,13,4.9,4,1,1,0
C05487,United States,18,Male,Silver,4/1/2025,11,4490.62,355.21,72,Jewelry & Accessories,Desktop,Buy Now Pay Later,Social Media,3,3.5,0,0,0,0
C05488,France,50,Female,Gold,11/17/2024,10,176.72,19.08,74,Home & Kitchen,Mobile,Buy Now Pay Later,Email Campaign,2,3.7,1,8,0,0
C05489,Singapore,34,Other,Free,9/16/2025,26,2874.9,106.67,46,Automotive,Mobile,Credit Card,Organic Search,5,4.8,1,2,0,0
C05490,United States,42,Male,Free,7/27/2024,10,642.74,65.05,67,Clothing & Apparel,Mobile,Debit Card,Organic Search,3,4.5,0,1,0,0
C05491,United States,39,Female,Platinum,7/23/2025,10,1517.37,146.71,30,Home & Kitchen,Mobile,Credit Card,Email Campaign,2,4.2,0,3,0,0
C05492,United Kingdom,18,Male,Free,4/24/2023,31,3878.03,114.32,58,Home & Kitchen,Desktop,PayPal,Organic Search,3,4.3,1,1,0,0
C05493,India,28,Male,Silver,6/14/2025,39,1615.47,43.31,21,Electronics,Desktop,Debit Card,Referral,14,4,4,2,1,0
C05494,United States,38,Female,Free,5/3/2023,8,330.44,36.15,12,Home & Kitchen,Mobile,Credit Card,Organic Search,1,4.3,0,3,0,0
C05495,Germany,20,Female,Free,2/17/2021,33,887.5,28.29,2,Clothing & Apparel,Desktop,UPI / Digital Wallet,Organic Search,10,4.5,0,1,0,0
C05496,United Kingdom,35,Female,Free,8/15/2025,12,1940.11,177.63,121,Toys & Games,Mobile,Debit Card,Direct,3,3.6,1,12,0,0
C05497,Brazil,41,Female,Free,10/1/2023,26,5223.43,192.26,214,Electronics,Mobile,Credit Card,Email Campaign,8,4.6,1,21,1,0
C05498,Netherlands,18,Female,Silver,12/31/2024,29,3044.11,111.33,125,Pet Supplies,Mobile,Credit Card,Social Media,5,3.9,3,0,1,0
C05499,Germany,41,Other,Free,11/17/2025,23,852.77,33.03,154,Office Supplies,Mobile,Debit Card,Organic Search,5,4.2,1,4,1,0
C05500,Spain,31,Female,Free,8/30/2025,16,1248.42,81.28,28,Books,Mobile,Credit Card,Organic Search,2,4.5,1,12,1,0
C05501,Japan,18,Male,Silver,8/4/2018,34,709.1,20.9,108,Books,Mobile,Buy Now Pay Later,Paid Ad,7,3.7,4,15,1,0
C05502,Canada,46,Female,Gold,9/26/2024,10,1200.07,107.85,24,Clothing & Apparel,Desktop,Credit Card,Paid Ad,0,3.6,0,3,1,0
C05503,United States,34,Female,Silver,3/30/2016,1,48.33,55.98,48,Books,Desktop,Cryptocurrency,Direct,0,4.3,0,1,1,0
C05504,India,44,Male,Silver,6/13/2024,19,1161.43,57.08,13,Electronics,Mobile,Debit Card,Organic Search,3,4.7,2,12,1,0
C05505,Brazil,36,Female,Free,8/14/2023,6,89.06,15.2,33,Electronics,Desktop,PayPal,Organic Search,1,4.2,0,1,1,0
C05506,United States,45,Male,Free,9/2/2025,47,1484.36,35.84,30,Jewelry & Accessories,Tablet,UPI / Digital Wallet,Paid Ad,17,4.6,4,5,1,0
C05507,United Kingdom,57,Female,Silver,3/16/2026,6,291.51,56.93,68,Electronics,Desktop,Credit Card,Organic Search,1,4.8,0,22,1,0
C05508,United States,39,Male,Gold,8/29/2025,5,449.3,92.23,104,Home & Kitchen,Desktop,Credit Card,Email Campaign,0,4.2,0,1,1,0
C05509,United Kingdom,31,Male,Silver,12/9/2025,14,1121.24,92.31,81,Home & Kitchen,Desktop,UPI / Digital Wallet,Direct,5,4.1,0,8,1,0
C05510,Singapore,35,Female,Gold,8/9/2021,30,1488.89,48.44,4,Food & Grocery,Desktop,Buy Now Pay Later,Email Campaign,9,4.7,2,4,0,0
C05511,United States,18,Male,Free,3/11/2026,9,1823.16,237.37,34,Clothing & Apparel,Mobile,PayPal,Organic Search,1,4.5,0,13,1,0
C05512,Germany,20,Male,Silver,2/10/2025,15,888.91,63.5,16,Books,Desktop,UPI / Digital Wallet,Email Campaign,1,3.2,0,0,0,0
C05513,Australia,44,Female,Free,8/10/2023,12,481.11,44.55,2,Food & Grocery,Mobile,Debit Card,Paid Ad,3,3.3,1,15,0,0
C05514,France,33,Female,Silver,3/17/2026,5,323.95,74.36,45,Health & Wellness,Mobile,Debit Card,Email Campaign,1,3.2,0,2,1,0
C05515,Germany,35,Male,Free,3/25/2025,15,589.41,38.5,24,Clothing & Apparel,Tablet,PayPal,Organic Search,3,4.2,0,3,0,0
C05516,United States,70,Female,Silver,2/24/2024,15,1613.72,95.36,66,Books,Desktop,Buy Now Pay Later,Direct,2,4.2,2,0,1,0
C05517,India,21,Male,Silver,11/29/2025,13,1171.79,103.08,18,Office Supplies,Mobile,Credit Card,Organic Search,0,4.6,1,2,1,0
C05518,Italy,34,Female,Gold,1/5/2026,44,3249.45,78.79,6,Electronics,Desktop,UPI / Digital Wallet,Social Media,4,3.4,1,6,0,0
C05519,United States,28,Female,Free,7/3/2024,4,272.27,69.36,150,Clothing & Apparel,Mobile,UPI / Digital Wallet,Social Media,0,4.4,0,1,1,0
C05520,Mexico,34,Male,Free,7/8/2024,3,535.85,174.46,37,Toys & Games,Desktop,PayPal,Organic Search,0,4.1,0,2,1,0
C05521,India,29,Male,Free,2/27/2026,18,928.65,53.99,1,Food & Grocery,Mobile,PayPal,Social Media,3,2.7,0,4,0,0
C05522,United States,47,Female,Free,3/27/2026,19,1443.02,72.62,34,Sports & Outdoors,Mobile,Credit Card,Email Campaign,4,3.3,1,4,0,0
C05523,Mexico,24,Male,Free,7/2/2021,3,428.26,143.66,7,Clothing & Apparel,Desktop,Debit Card,Email Campaign,0,2.9,0,9,1,0
C05524,Germany,24,Male,Silver,10/23/2023,31,1434.64,53.71,61,Toys & Games,Tablet,PayPal,Direct,11,4.7,4,1,0,0
C05525,United Kingdom,46,Male,Gold,5/22/2023,8,500.42,56.32,69,Electronics,Mobile,Bank Transfer,Organic Search,1,4.4,0,13,1,0
C05526,India,21,Male,Gold,6/26/2024,9,1201.12,129.28,74,Toys & Games,Desktop,Credit Card,Paid Ad,2,3.6,0,3,1,0
C05527,United Kingdom,37,Female,Gold,9/20/2025,10,610.53,70.62,78,Clothing & Apparel,Mobile,Credit Card,Email Campaign,3,4.4,0,6,1,0
C05528,United States,23,Female,Free,2/8/2022,19,4561.17,236.59,100,Automotive,Mobile,Credit Card,Email Campaign,2,4.2,2,5,1,0
C05529,United States,35,Female,Free,12/31/2024,6,211.83,36.68,68,Automotive,Mobile,Credit Card,Organic Search,0,4.3,0,13,0,0
C05530,Singapore,53,Female,Free,1/7/2024,8,756.85,87.41,46,Toys & Games,Tablet,PayPal,Email Campaign,0,3.2,0,0,1,0
C05531,United States,18,Female,Free,3/26/2026,5,401.69,90.19,105,Clothing & Apparel,Mobile,Credit Card,Social Media,1,4.2,0,1,1,0
C05532,South Korea,32,Male,Gold,11/2/2024,15,3320.71,193.47,6,Electronics,Mobile,Credit Card,Organic Search,4,3.8,0,3,0,0
C05533,United States,40,Female,Platinum,5/23/2022,12,1242.14,106.17,40,Office Supplies,Mobile,Debit Card,Direct,1,4.8,1,3,0,0
C05534,Germany,24,Male,Free,10/30/2025,4,277.18,69.74,78,Books,Mobile,Debit Card,Email Campaign,1,3.3,0,1,0,0
C05535,United States,45,Female,Free,5/4/2024,4,739.63,210.34,18,Books,Tablet,PayPal,Social Media,0,4.1,0,14,1,1
C05536,United States,24,Male,Gold,3/19/2026,8,520.59,61.04,39,Toys & Games,Tablet,Credit Card,Organic Search,2,4.1,0,5,0,0
C05537,Australia,29,Male,Free,7/3/2025,29,1715.14,58.11,45,Beauty & Personal Care,Desktop,Credit Card,Social Media,2,3.3,1,1,1,0
C05538,Canada,27,Male,Platinum,8/31/2025,47,7773.94,174.19,64,Toys & Games,Mobile,Credit Card,Paid Ad,5,4,6,15,1,0
C05539,Spain,44,Female,Free,2/5/2025,2,116.84,58.05,12,Electronics,Desktop,Debit Card,Email Campaign,0,3.7,0,0,1,1
C05540,United States,44,Male,Gold,12/21/2023,4,370.27,94.01,14,Electronics,Mobile,PayPal,Social Media,0,4.5,0,0,0,0
C05541,Germany,52,Female,Gold,8/29/2025,11,945.27,94.09,94,Electronics,Desktop,Bank Transfer,Paid Ad,3,4.8,1,11,0,0
C05542,United States,21,Male,Free,6/4/2022,8,550.05,76.24,24,Office Supplies,Desktop,PayPal,Direct,2,4.5,1,3,1,0
C05543,United Kingdom,26,Female,Free,8/31/2024,11,374.91,39.91,64,Clothing & Apparel,Desktop,Credit Card,Social Media,0,4.7,1,4,0,0
C05544,United Kingdom,18,Male,Free,1/25/2025,15,2029.05,149.65,32,Sports & Outdoors,Desktop,Credit Card,Social Media,4,4.2,1,0,1,0
C05545,Brazil,45,Female,Free,7/30/2022,26,1661.16,65.31,7,Travel & Luggage,Tablet,UPI / Digital Wallet,Social Media,1,3.8,1,6,0,0
C05546,United Kingdom,55,Female,Silver,3/13/2026,7,1437.36,187.24,168,Clothing & Apparel,Desktop,Credit Card,Paid Ad,0,3,0,0,0,0
C05547,Germany,37,Male,Free,7/15/2025,6,218.54,37.68,32,Electronics,Tablet,Buy Now Pay Later,Organic Search,2,4.2,0,6,1,0
C05548,Japan,29,Other,Platinum,9/12/2025,29,5535.01,205.33,179,Electronics,Mobile,Bank Transfer,Organic Search,5,3.3,3,3,0,0
C05549,United States,42,Female,Free,7/4/2024,6,153.42,27.1,5,Beauty & Personal Care,Desktop,Credit Card,Email Campaign,1,4,0,1,1,0
C05550,France,18,Male,Silver,9/15/2022,10,1097.97,103.41,40,Clothing & Apparel,Mobile,Debit Card,Organic Search,2,3.8,0,4,1,0
C05551,India,19,Female,Silver,12/28/2022,22,2073.17,108.66,60,Beauty & Personal Care,Mobile,Credit Card,Direct,4,3.1,3,1,0,0
C05552,India,36,Male,Free,6/27/2025,8,352.62,44.53,53,Home & Kitchen,Mobile,Bank Transfer,Organic Search,0,3.9,0,2,0,0
C05553,United Kingdom,55,Female,Free,8/24/2024,6,219.56,40.49,72,Automotive,Desktop,Debit Card,Paid Ad,1,3.9,0,1,0,0
C05554,Spain,38,Female,Free,3/29/2026,7,361.95,46.46,121,Books,Desktop,Debit Card,Social Media,1,4.4,0,4,1,0
C05555,Poland,38,Male,Platinum,6/23/2025,9,1033.84,113.4,35,Travel & Luggage,Mobile,Credit Card,Organic Search,0,4.5,1,0,1,0
C05556,France,39,Female,Free,3/19/2025,2,218.82,112.66,12,Clothing & Apparel,Mobile,UPI / Digital Wallet,Paid Ad,0,2.8,0,5,1,1
C05557,Germany,44,Male,Free,6/17/2020,4,123.75,29.03,9,Food & Grocery,Desktop,PayPal,Paid Ad,1,4,0,3,1,0
C05558,France,42,Female,Free,1/17/2026,21,2207.2,102.57,111,Sports & Outdoors,Desktop,Credit Card,Direct,2,4.6,2,2,1,0
C05559,United States,41,Female,Silver,12/11/2025,25,2740.17,99.45,37,Travel & Luggage,Mobile,Credit Card,Organic Search,6,4.2,3,4,0,0
C05560,Italy,33,Female,Silver,4/6/2025,11,1492.29,143.68,145,Clothing & Apparel,Desktop,Debit Card,Social Media,0,3.7,1,1,0,0
C05561,Canada,38,Female,Silver,9/9/2025,1,17.28,19.78,104,Toys & Games,Mobile,PayPal,Organic Search,0,3.8,0,0,1,0
C05562,Germany,22,Female,Gold,2/18/2022,26,1216.14,42.27,11,Beauty & Personal Care,Mobile,Credit Card,Email Campaign,2,4.4,2,0,1,0
C05563,United States,18,Male,Free,9/11/2025,6,326.29,62.27,14,Electronics,Mobile,UPI / Digital Wallet,Paid Ad,1,4.9,0,4,0,0
C05564,Japan,38,Male,Free,4/18/2025,19,3976.46,239.47,6,Office Supplies,Mobile,PayPal,Organic Search,6,4.5,1,4,1,0
C05565,United States,24,Male,Free,8/1/2024,25,1915.1,82.07,61,Electronics,Desktop,Debit Card,Social Media,5,4.5,0,2,1,0
C05566,India,26,Male,Free,11/14/2022,43,1163.73,31.46,198,Clothing & Apparel,Desktop,Debit Card,Email Campaign,12,1.8,1,5,0,0
C05567,India,37,Female,Free,12/9/2025,4,287.32,82.13,9,Clothing & Apparel,Mobile,Credit Card,Paid Ad,1,4.7,0,0,1,0
C05568,United States,22,Female,Gold,3/10/2026,3,81.48,27.83,19,Sports & Outdoors,Desktop,Cryptocurrency,Direct,0,3.9,0,0,1,0
C05569,Canada,36,Female,Gold,11/25/2025,12,776.43,61.31,241,Clothing & Apparel,Desktop,Bank Transfer,Email Campaign,1,4.6,0,1,1,0
C05570,United Kingdom,18,Male,Gold,11/22/2021,22,1897.18,82.41,76,Toys & Games,Mobile,Credit Card,Social Media,7,4.7,0,11,0,0
C05571,Germany,44,Male,Silver,2/4/2026,33,2504.44,69.95,6,Sports & Outdoors,Desktop,Credit Card,Organic Search,5,4.6,1,14,0,0
C05572,United Kingdom,47,Female,Free,10/6/2023,37,5656.41,166.01,13,Sports & Outdoors,Desktop,PayPal,Social Media,2,4.4,1,2,1,0
C05573,Brazil,43,Male,Silver,5/24/2024,19,385.33,21.71,79,Food & Grocery,Mobile,Bank Transfer,Social Media,5,3.9,2,0,1,0
C05574,Canada,44,Male,Silver,5/23/2024,2,118,59.89,31,Books,Mobile,Bank Transfer,Organic Search,0,4,0,2,1,0
C05575,France,31,Female,Silver,12/20/2023,6,234.27,42.44,17,Food & Grocery,Desktop,UPI / Digital Wallet,Direct,1,3.3,0,1,1,0
C05576,United States,46,Female,Silver,10/17/2025,3,99.31,34.81,1,Books,Tablet,Credit Card,Direct,0,4.8,0,3,0,0
C05577,Spain,28,Female,Silver,6/25/2023,20,1817,99.89,100,Electronics,Tablet,Credit Card,Email Campaign,5,2.9,0,14,1,0
C05578,Canada,29,Male,Free,3/28/2026,52,1465.96,33.06,78,Electronics,Desktop,PayPal,Direct,6,4.8,1,2,1,0
C05579,United States,24,Female,Silver,3/22/2023,8,541.57,59.68,62,Beauty & Personal Care,Mobile,Buy Now Pay Later,Email Campaign,0,3.6,0,12,1,0
C05580,Germany,32,Female,Free,11/16/2025,6,340.34,62.93,5,Clothing & Apparel,Mobile,PayPal,Organic Search,1,3.9,0,5,0,0
C05581,United States,49,Female,Gold,2/12/2024,18,5631.96,288.18,54,Home & Kitchen,Tablet,PayPal,Paid Ad,6,3.6,2,4,1,0
C05582,United Kingdom,31,Female,Free,3/8/2026,14,2795.2,199.05,73,Home & Kitchen,Desktop,Bank Transfer,Referral,4,4.5,1,4,1,0
C05583,Australia,32,Female,Free,5/20/2025,2,54.96,30.2,25,Sports & Outdoors,Mobile,Credit Card,Organic Search,0,4,0,3,1,0
C05584,United States,30,Female,Silver,8/1/2023,27,1402.31,46.4,90,Clothing & Apparel,Mobile,Debit Card,Social Media,2,4.7,0,4,1,0
C05585,United States,23,Female,Free,6/5/2025,29,2411.29,80.38,22,Automotive,Mobile,Credit Card,Organic Search,3,4.8,3,2,1,0
C05586,United States,23,Female,Free,10/24/2022,8,194.78,27.88,8,Jewelry & Accessories,Desktop,Debit Card,Social Media,3,3.9,1,6,1,0
C05587,Japan,46,Male,Gold,6/14/2025,6,1086.88,197.91,44,Beauty & Personal Care,Mobile,Debit Card,Paid Ad,0,4.3,0,6,0,0
C05588,South Korea,40,Female,Free,5/5/2022,9,252.26,29.85,55,Electronics,Desktop,Debit Card,Direct,0,4.6,0,1,1,0
C05589,United Kingdom,18,Female,Gold,1/14/2025,2,152.88,77.67,24,Sports & Outdoors,Tablet,Buy Now Pay Later,Organic Search,0,4.8,0,3,1,0
C05590,United Kingdom,38,Female,Gold,6/24/2025,22,1078.89,45.28,12,Clothing & Apparel,Mobile,Bank Transfer,Direct,6,4.6,1,2,0,0
C05591,United States,25,Female,Silver,11/8/2025,3,334.94,103.51,58,Books,Mobile,Credit Card,Referral,0,4.2,0,14,1,0
C05592,United States,18,Male,Silver,3/30/2026,10,532.35,52.33,18,Books,Mobile,UPI / Digital Wallet,Social Media,3,4.8,0,1,1,0
C05593,United States,19,Male,Gold,12/4/2024,2,227.97,126.18,25,Books,Tablet,PayPal,Social Media,0,4.5,0,9,1,0
C05594,United States,18,Female,Free,10/23/2022,7,249.56,35.13,12,Clothing & Apparel,Mobile,UPI / Digital Wallet,Organic Search,2,4,0,3,1,0
C05595,France,48,Female,Gold,3/18/2025,7,492.7,69.59,19,Health & Wellness,Desktop,Credit Card,Social Media,0,4,0,1,1,0
C05596,France,43,Female,Gold,3/14/2026,21,718.57,32.35,109,Clothing & Apparel,Desktop,Credit Card,Organic Search,5,4.6,1,4,1,0
C05597,United States,18,Female,Gold,9/13/2025,5,653.81,142.92,134,Electronics,Desktop,Cryptocurrency,Organic Search,0,4.6,0,18,1,0
C05598,United States,25,Other,Gold,1/1/2026,14,2568.45,184.54,31,Clothing & Apparel,Mobile,PayPal,Paid Ad,5,3.9,0,1,1,0
C05599,Sweden,41,Male,Platinum,9/8/2022,2,164.78,75.38,4,Books,Mobile,PayPal,Email Campaign,0,3.2,0,5,1,0
C05600,India,57,Female,Silver,11/23/2025,11,394.71,38.47,94,Electronics,Mobile,Debit Card,Paid Ad,0,2.7,0,0,0,0
C05601,United States,38,Female,Free,1/14/2026,15,440.07,32.27,16,Electronics,Mobile,Credit Card,Social Media,2,3.3,0,6,0,1
C05602,India,42,Male,Gold,2/14/2024,5,488.78,100.01,29,Food & Grocery,Mobile,PayPal,Social Media,1,3.6,0,9,1,0
C05603,United States,40,Female,Free,10/31/2025,14,1571.57,124.09,114,Toys & Games,Mobile,Buy Now Pay Later,Email Campaign,4,4.6,1,14,1,0
C05604,France,30,Male,Free,6/14/2025,10,211.31,23.06,21,Office Supplies,Desktop,Debit Card,Email Campaign,2,2.2,0,0,0,0
C05605,Netherlands,40,Male,Silver,9/17/2025,12,706.62,57.08,29,Jewelry & Accessories,Desktop,Debit Card,Organic Search,3,4.2,1,8,1,0
C05606,United States,37,Male,Silver,10/25/2025,9,402.69,40.41,555,Books,Desktop,PayPal,Email Campaign,3,4.9,0,2,1,1
C05607,Germany,23,Male,Free,4/2/2025,15,748.69,46.61,26,Jewelry & Accessories,Mobile,Credit Card,Organic Search,3,4.1,0,15,1,0
C05608,Singapore,42,Male,Free,2/26/2026,4,250.34,60.95,36,Home & Kitchen,Mobile,Credit Card,Social Media,0,3.3,0,1,1,0
C05609,Japan,25,Female,Silver,10/29/2025,20,792.89,35.25,25,Toys & Games,Tablet,UPI / Digital Wallet,Email Campaign,7,4.8,2,1,1,0
C05610,France,46,Male,Silver,1/1/2025,22,7352.56,311.23,11,Electronics,Desktop,Credit Card,Paid Ad,2,4,2,6,1,0
C05611,United States,42,Female,Free,9/15/2025,22,790.19,40.04,193,Automotive,Desktop,Credit Card,Direct,7,3.8,1,5,0,0
C05612,United States,47,Female,Free,3/3/2026,40,2605.18,64.64,2,Food & Grocery,Mobile,UPI / Digital Wallet,Social Media,4,3.7,4,1,1,0
C05613,United States,32,Female,Free,4/1/2025,1,35.62,32.27,2,Sports & Outdoors,Mobile,Credit Card,Social Media,0,4.8,0,4,0,0
C05614,United States,25,Female,Free,10/14/2024,35,2158.32,60.86,10,Sports & Outdoors,Mobile,UPI / Digital Wallet,Referral,1,4.3,1,0,0,0
C05615,UAE,41,Male,Platinum,11/6/2025,11,2025.39,167.89,12,Home & Kitchen,Mobile,Debit Card,Social Media,2,3.7,1,5,1,0
C05616,United States,48,Male,Free,6/15/2024,49,2981.39,53.15,58,Automotive,Desktop,Credit Card,Direct,9,4.3,0,0,1,0
C05617,United States,30,Male,Free,8/10/2021,6,560.91,93.76,42,Electronics,Desktop,PayPal,Organic Search,1,4.5,0,3,0,0
C05618,France,32,Female,Silver,10/30/2025,13,900.19,69.99,48,Electronics,Mobile,Buy Now Pay Later,Organic Search,0,4.6,1,4,0,0
C05619,Canada,33,Male,Free,10/26/2025,20,6246.83,330.65,129,Books,Mobile,Credit Card,Paid Ad,6,3.7,0,10,0,0
C05620,Sweden,56,Female,Silver,3/27/2025,4,295.78,68.87,47,Sports & Outdoors,Desktop,Debit Card,Social Media,0,3.5,0,2,0,0
C05621,United States,32,Female,Gold,9/5/2025,24,2743.46,113.27,21,Health & Wellness,Desktop,Credit Card,Organic Search,6,3.4,1,1,1,0
C05622,South Korea,37,Female,Free,3/17/2025,7,369.24,52.88,10,Health & Wellness,Desktop,Cryptocurrency,Social Media,2,4.4,0,12,0,0
C05623,United States,43,Male,Free,9/30/2025,4,380.11,88.03,79,Jewelry & Accessories,Mobile,Debit Card,Organic Search,1,3.4,0,4,1,0
C05624,Mexico,50,Male,Gold,1/15/2026,5,1013.24,180.38,17,Electronics,Tablet,Debit Card,Social Media,0,4.6,0,16,1,0
C05625,Italy,39,Female,Free,2/5/2025,1,10.21,11.71,6,Clothing & Apparel,Tablet,PayPal,Organic Search,0,4.4,0,13,1,1
C05626,United States,55,Male,Free,1/17/2025,58,9245.29,156.51,23,Electronics,Tablet,Credit Card,Social Media,7,4.7,0,1,0,0
C05627,United States,51,Female,Free,10/23/2023,10,300.34,28.61,83,Office Supplies,Mobile,Debit Card,Email Campaign,2,4.7,1,5,1,0
C05628,India,53,Male,Platinum,6/15/2024,20,2023.66,93.57,140,Clothing & Apparel,Desktop,Credit Card,Paid Ad,3,2.9,1,9,1,0
C05629,United Kingdom,34,Other,Free,12/15/2024,10,707.54,69.2,96,Clothing & Apparel,Tablet,PayPal,Social Media,1,4.3,1,4,1,0
C05630,United Kingdom,45,Female,Gold,5/30/2024,17,656.25,42.88,96,Clothing & Apparel,Mobile,Credit Card,Paid Ad,3,4.5,2,5,1,0
C05631,South Africa,29,Female,Silver,12/9/2021,3,477.17,173.94,66,Automotive,Mobile,PayPal,Email Campaign,0,4.7,0,1,0,0
C05632,United States,59,Male,Gold,7/13/2024,19,2040.03,101.15,34,Health & Wellness,Tablet,PayPal,Organic Search,3,3.7,1,13,1,0
C05633,Australia,39,Male,Platinum,1/25/2026,18,3157.05,165.69,64,Toys & Games,Desktop,Debit Card,Paid Ad,6,3,1,5,1,0
C05634,India,44,Female,Free,3/1/2026,3,101.87,38.49,80,Clothing & Apparel,Mobile,Credit Card,Referral,0,4.4,0,1,1,0
C05635,Japan,25,Male,Free,9/3/2019,53,2086.41,45.9,27,Electronics,Mobile,Debit Card,Direct,19,4.2,0,6,1,0
C05636,Italy,33,Male,Free,6/25/2022,60,1731.5,32.98,582,Toys & Games,Mobile,Credit Card,Direct,19,4.5,7,0,1,1
C05637,Canada,19,Male,Free,12/18/2024,18,1239.11,59.96,37,Home & Kitchen,Desktop,UPI / Digital Wallet,Direct,4,4.4,2,1,1,0
C05638,Italy,51,Female,Free,6/9/2025,4,216.54,48.75,81,Beauty & Personal Care,Tablet,Credit Card,Organic Search,0,4.2,0,0,1,0
C05639,United States,22,Female,Free,2/20/2026,19,175.11,8.13,27,Electronics,Tablet,Credit Card,Email Campaign,5,3.5,2,15,1,0
C05640,United States,57,Female,Free,10/12/2023,12,959.45,82.61,6,Electronics,Tablet,UPI / Digital Wallet,Organic Search,3,4.2,1,7,1,0
C05641,Netherlands,57,Female,Silver,11/13/2024,11,711.41,57.4,288,Health & Wellness,Mobile,PayPal,Social Media,0,3.6,1,0,1,0
C05642,United States,28,Male,Free,8/15/2025,13,5375.85,481.9,74,Food & Grocery,Tablet,PayPal,Social Media,4,4.6,1,9,1,0
C05643,United States,30,Female,Free,7/1/2025,2,147.89,84.87,20,Jewelry & Accessories,Tablet,Debit Card,Social Media,0,3.9,0,7,0,0
C05644,United Kingdom,44,Female,Free,8/19/2021,4,138.74,31.1,15,Beauty & Personal Care,Desktop,PayPal,Social Media,0,4.4,0,6,1,0
C05645,Japan,47,Female,Free,10/2/2025,6,260.54,48.63,46,Jewelry & Accessories,Desktop,UPI / Digital Wallet,Organic Search,0,4.3,0,4,0,0
C05646,India,45,Female,Gold,10/19/2023,24,3847.74,144.69,1,Clothing & Apparel,Desktop,Credit Card,Paid Ad,9,4.7,1,7,0,0
C05647,United States,48,Female,Silver,4/12/2025,15,1464.03,90.79,17,Clothing & Apparel,Mobile,Credit Card,Organic Search,2,3.8,1,5,0,0
C05648,India,50,Male,Silver,9/20/2025,20,894.77,45.76,111,Electronics,Mobile,PayPal,Social Media,4,3.8,0,6,0,0
C05649,United States,36,Male,Free,6/23/2023,7,708.9,113.38,3,Home & Kitchen,Mobile,PayPal,Social Media,2,4.2,0,2,0,0
C05650,Germany,30,Male,Gold,4/25/2023,78,1368.71,15.7,15,Clothing & Apparel,Desktop,Credit Card,Organic Search,16,4.7,2,0,0,0
C05651,Netherlands,18,Male,Silver,9/10/2022,12,542.49,44.23,47,Toys & Games,Mobile,Bank Transfer,Direct,4,4.5,0,6,0,0
C05652,Germany,55,Male,Free,2/9/2026,4,136.03,35.77,210,Beauty & Personal Care,Mobile,UPI / Digital Wallet,Email Campaign,0,4.9,0,5,1,1
C05653,United States,53,Female,Free,2/28/2025,29,1080.63,41.43,120,Electronics,Mobile,Credit Card,Social Media,7,4.4,1,1,0,0
C05654,Brazil,20,Male,Silver,9/5/2025,2,106.47,46.3,13,Electronics,Mobile,PayPal,Email Campaign,0,4.4,0,13,1,0
C05655,United States,31,Male,Free,11/16/2025,10,1696.74,160.46,112,Electronics,Desktop,Debit Card,Organic Search,3,4.7,0,0,0,0
C05656,Australia,29,Male,Silver,1/10/2024,9,353.94,36.69,2,Electronics,Mobile,Debit Card,Direct,1,4.1,0,8,1,0
C05657,United States,24,Male,Free,8/8/2025,1,123.09,120.91,10,Electronics,Mobile,Credit Card,Organic Search,0,3.3,0,3,0,0
C05658,Australia,40,Male,Silver,12/2/2025,31,2886.15,86.99,17,Home & Kitchen,Mobile,Debit Card,Organic Search,11,3.4,2,11,1,0
C05659,United Kingdom,27,Female,Silver,8/20/2025,18,911.33,56.1,146,Food & Grocery,Mobile,Credit Card,Organic Search,6,4.6,0,0,0,0
C05660,Japan,24,Male,Gold,3/19/2026,10,357.79,39.54,71,Jewelry & Accessories,Desktop,Credit Card,Organic Search,3,4.4,0,2,0,0
C05661,Australia,34,Male,Silver,7/29/2024,2,146.98,77.49,4,Travel & Luggage,Mobile,Credit Card,Organic Search,0,3.3,0,5,0,1
C05662,Poland,35,Female,Free,10/4/2020,14,2972.52,229.43,85,Electronics,Mobile,Debit Card,Organic Search,0,4.3,0,0,1,0
C05663,United Kingdom,40,Male,Free,7/11/2024,27,2311.09,76.5,5,Clothing & Apparel,Desktop,Debit Card,Referral,2,4.1,3,5,0,0
C05664,Italy,55,Male,Free,2/25/2022,5,561.42,110.23,91,Jewelry & Accessories,Mobile,Debit Card,Organic Search,1,3.9,0,18,0,0
C05665,South Korea,19,Male,Free,2/5/2026,21,1429.92,65.36,63,Books,Tablet,Credit Card,Organic Search,2,3.1,1,0,0,0
C05666,United Kingdom,32,Female,Free,12/17/2025,8,324.46,38.85,12,Beauty & Personal Care,Desktop,Credit Card,Organic Search,2,4.3,0,0,0,0
C05667,United States,18,Female,Free,3/27/2026,22,3167.81,125.52,30,Electronics,Mobile,PayPal,Referral,7,3.7,1,2,0,1
C05668,Poland,43,Female,Free,10/18/2025,8,226.22,25.32,0,Clothing & Apparel,Desktop,UPI / Digital Wallet,Paid Ad,3,3.8,0,3,1,0
C05669,Germany,38,Male,Silver,7/24/2018,2,148.07,70.61,101,Food & Grocery,Mobile,Credit Card,Email Campaign,0,3.1,0,5,1,0
C05670,United States,18,Male,Silver,9/14/2024,9,1064.21,104.51,139,Pet Supplies,Mobile,UPI / Digital Wallet,Email Campaign,2,4.4,0,0,1,0
C05671,India,25,Male,Free,10/24/2025,3,635.23,205.97,13,Clothing & Apparel,Desktop,Bank Transfer,Direct,0,4.3,0,7,0,0
C05672,Italy,38,Female,Silver,9/16/2023,38,1698.16,46.96,126,Toys & Games,Desktop,UPI / Digital Wallet,Email Campaign,10,3.8,3,0,1,0
C05673,United States,18,Male,Gold,2/3/2026,36,1337.49,34.82,14,Toys & Games,Desktop,Credit Card,Email Campaign,12,4.1,2,3,0,0
C05674,Germany,32,Male,Free,12/15/2024,39,9740.72,272.06,88,Clothing & Apparel,Desktop,Debit Card,Email Campaign,4,4.1,0,10,0,0
C05675,Canada,29,Female,Silver,10/1/2025,7,695.04,92.34,15,Clothing & Apparel,Desktop,Credit Card,Organic Search,1,4.2,0,5,0,0
C05676,United Kingdom,43,Female,Free,2/2/2026,3,95.04,35.13,21,Sports & Outdoors,Mobile,Credit Card,Email Campaign,0,4.8,0,0,0,0
C05677,Turkey,37,Other,Free,1/10/2026,8,259.72,32.17,7,Jewelry & Accessories,Tablet,PayPal,Paid Ad,2,4.5,0,5,1,1
C05678,UAE,56,Female,Gold,10/22/2022,8,384.48,47.74,198,Home & Kitchen,Desktop,UPI / Digital Wallet,Referral,3,4.8,0,4,1,0
C05679,Turkey,24,Male,Free,6/30/2024,14,1403.26,89.32,1,Toys & Games,Mobile,Credit Card,Social Media,0,4.7,1,6,0,0
C05680,France,48,Female,Platinum,6/15/2025,24,3772.17,175.16,23,Health & Wellness,Desktop,Buy Now Pay Later,Direct,9,4.7,2,1,1,0
C05681,France,55,Male,Free,10/14/2018,12,535.62,41.44,71,Travel & Luggage,Mobile,Credit Card,Direct,2,4.7,0,3,0,0
C05682,United States,34,Female,Free,12/20/2024,32,1425.08,39.92,222,Clothing & Apparel,Mobile,UPI / Digital Wallet,Organic Search,2,2.5,2,1,1,0
C05683,India,41,Male,Free,9/16/2024,21,1617.65,81.92,2,Health & Wellness,Mobile,Cryptocurrency,Organic Search,1,3.8,1,1,1,0
C05684,Australia,51,Male,Free,9/12/2024,16,2281.51,139.62,128,Clothing & Apparel,Mobile,UPI / Digital Wallet,Paid Ad,4,3.2,1,0,1,0
C05685,France,22,Male,Free,1/4/2025,12,911.51,69.71,101,Clothing & Apparel,Desktop,Buy Now Pay Later,Email Campaign,3,3.6,0,13,0,0
C05686,France,36,Female,Free,4/12/2023,9,238.54,25.48,94,Beauty & Personal Care,Desktop,Buy Now Pay Later,Email Campaign,2,3.4,0,4,1,0
C05687,Japan,33,Female,Free,12/27/2024,36,1449.94,35.79,0,Books,Mobile,Credit Card,Email Campaign,11,3.7,2,3,1,0
C05688,United States,29,Female,Free,3/11/2024,12,968.95,76.7,68,Books,Mobile,Credit Card,Referral,3,4.4,1,0,1,1
C05689,United States,34,Male,Free,1/21/2024,21,989.9,47.99,67,Books,Desktop,Credit Card,Email Campaign,5,4.2,2,7,0,0
C05690,India,58,Male,Free,7/6/2023,12,493.84,43.94,47,Books,Desktop,Credit Card,Referral,3,4.2,0,2,0,1
C05691,Australia,37,Male,Silver,2/13/2026,20,949.01,48.62,46,Home & Kitchen,Mobile,UPI / Digital Wallet,Social Media,2,4.8,2,9,0,0
C05692,United States,33,Male,Free,9/9/2023,3,121.52,42.84,3,Clothing & Apparel,Tablet,Buy Now Pay Later,Organic Search,1,4.2,0,9,1,0
C05693,France,23,Female,Gold,7/18/2024,11,726.04,59.65,41,Toys & Games,Tablet,Credit Card,Social Media,4,3.5,0,2,1,0
C05694,Spain,42,Female,Gold,8/30/2025,18,4638.22,269.79,98,Electronics,Desktop,PayPal,Organic Search,3,3.7,1,0,0,0
C05695,Brazil,33,Female,Free,5/5/2024,47,1186.39,29.6,14,Toys & Games,Mobile,PayPal,Social Media,13,4.5,6,2,1,0
C05696,Germany,20,Female,Silver,8/9/2025,34,3104.67,80.5,106,Electronics,Mobile,PayPal,Organic Search,2,3.7,4,0,1,0
C05697,France,28,Male,Free,2/27/2026,4,410.47,118.42,108,Sports & Outdoors,Mobile,PayPal,Organic Search,0,3.1,0,0,0,0
C05698,Germany,20,Female,Free,12/27/2024,21,181.89,9.33,58,Clothing & Apparel,Mobile,PayPal,Organic Search,4,3.8,1,4,1,0
C05699,United States,39,Male,Gold,9/12/2025,26,2575.53,110.03,29,Sports & Outdoors,Mobile,Credit Card,Email Campaign,8,4.1,0,1,1,0
C05700,India,18,Female,Free,10/12/2023,2,71.79,41.66,25,Toys & Games,Desktop,Cryptocurrency,Social Media,0,2.9,0,18,0,1
C05701,United States,18,Male,Free,6/1/2025,37,3306.97,82.98,12,Electronics,Mobile,Debit Card,Organic Search,8,3.9,1,4,0,0
C05702,United Kingdom,18,Female,Free,2/8/2026,11,645.68,58.11,4,Toys & Games,Mobile,Credit Card,Social Media,1,4.2,0,5,1,0
C05703,United Kingdom,38,Female,Free,6/22/2025,3,142.45,52.5,45,Clothing & Apparel,Mobile,Debit Card,Paid Ad,0,3.5,0,3,1,0
C05704,United States,49,Male,Free,3/24/2023,70,2447.5,38.45,44,Home & Kitchen,Mobile,PayPal,Email Campaign,4,4.3,4,6,1,0
C05705,Mexico,32,Male,Free,7/27/2024,33,4392.59,150.64,26,Beauty & Personal Care,Mobile,UPI / Digital Wallet,Social Media,12,4.5,0,7,1,0
C05706,United States,34,Female,Free,1/12/2025,8,1420.83,176.26,33,Books,Desktop,Credit Card,Organic Search,1,4.7,0,10,1,0
C05707,Germany,36,Female,Free,3/4/2026,1,86.23,75.21,0,Clothing & Apparel,Mobile,PayPal,Social Media,0,4.1,0,20,0,0
C05708,United Kingdom,50,Male,Free,11/6/2021,62,5313.94,80.45,34,Books,Tablet,PayPal,Email Campaign,13,4.1,6,2,1,0
C05709,India,20,Female,Silver,11/4/2025,25,601.07,21.39,157,Home & Kitchen,Desktop,Credit Card,Organic Search,3,4.4,2,6,0,1
C05710,Netherlands,24,Male,Silver,2/9/2021,1,107.07,102.42,127,Clothing & Apparel,Desktop,UPI / Digital Wallet,Social Media,0,4.8,0,0,1,1
C05711,United States,31,Male,Free,11/1/2025,6,350.43,58.48,69,Pet Supplies,Desktop,Debit Card,Organic Search,1,3.7,0,5,1,0
C05712,India,28,Male,Gold,12/21/2023,28,5047.09,157.59,151,Toys & Games,Mobile,Credit Card,Social Media,10,4,0,2,0,0
C05713,Canada,35,Male,Free,3/4/2026,15,296.5,20.78,15,Jewelry & Accessories,Mobile,Credit Card,Email Campaign,5,4.3,0,4,1,0
C05714,Australia,35,Female,Free,3/9/2026,9,2752.57,278.13,214,Electronics,Mobile,Credit Card,Organic Search,1,3.4,1,0,0,1
C05715,United States,39,Female,Silver,12/12/2025,17,1878.62,102.53,53,Home & Kitchen,Mobile,Debit Card,Organic Search,2,4,0,16,1,0
C05716,Brazil,18,Male,Platinum,2/15/2026,31,2034.96,73.66,21,Home & Kitchen,Mobile,Credit Card,Social Media,12,4.3,1,5,1,0
C05717,United States,18,Female,Free,12/4/2022,16,1375.51,75.79,34,Travel & Luggage,Mobile,Debit Card,Organic Search,5,4.6,0,0,1,0
C05718,France,24,Female,Free,3/8/2025,37,2327.23,67.99,37,Clothing & Apparel,Desktop,PayPal,Email Campaign,12,4.4,0,0,1,0
C05719,France,31,Female,Gold,5/16/2020,19,1362.94,76.52,136,Jewelry & Accessories,Mobile,Debit Card,Organic Search,1,4,1,6,1,1
C05720,Japan,54,Female,Platinum,2/23/2026,49,12219.92,262.66,93,Beauty & Personal Care,Desktop,PayPal,Organic Search,5,4.7,1,10,1,0
C05721,Canada,18,Female,Platinum,8/31/2025,24,4206.79,176.03,52,Books,Mobile,Credit Card,Social Media,6,4.3,1,9,0,0
C05722,India,20,Male,Free,12/14/2024,8,274.56,38.38,75,Books,Desktop,Credit Card,Social Media,2,4.4,0,0,1,0
C05723,United States,65,Male,Free,2/9/2024,27,925.68,37.47,11,Sports & Outdoors,Mobile,Credit Card,Organic Search,3,4.3,1,1,1,0
C05724,Mexico,34,Female,Free,12/17/2025,37,2049.74,52.97,1,Food & Grocery,Mobile,Credit Card,Paid Ad,10,3.2,0,5,1,0
C05725,Canada,29,Female,Silver,9/27/2023,3,125.59,48.22,20,Clothing & Apparel,Tablet,Debit Card,Organic Search,0,4.6,0,2,1,1
C05726,Australia,35,Male,Gold,2/24/2026,9,756.9,95.23,0,Toys & Games,Desktop,PayPal,Social Media,3,3.7,0,4,0,0
C05727,United States,43,Male,Platinum,3/24/2026,15,3886.23,291.16,116,Pet Supplies,Desktop,Bank Transfer,Email Campaign,0,4.4,2,5,0,0
C05728,India,47,Male,Free,10/30/2018,9,255.02,28.57,107,Sports & Outdoors,Desktop,Credit Card,Organic Search,0,3.4,0,3,1,0
C05729,United States,39,Male,Free,2/23/2026,2,638.79,364.18,52,Beauty & Personal Care,Desktop,PayPal,Paid Ad,0,4.3,0,2,1,1
C05730,South Africa,62,Male,Silver,6/13/2024,4,273.43,61.32,236,Home & Kitchen,Mobile,Credit Card,Organic Search,0,4.6,0,3,1,0
C05731,United States,18,Female,Silver,2/5/2026,18,2963.64,177.49,77,Home & Kitchen,Mobile,Credit Card,Organic Search,6,3.4,1,5,0,0
C05732,Mexico,19,Male,Free,8/25/2025,12,1656.86,128.4,24,Books,Mobile,Credit Card,Paid Ad,1,3.4,1,3,1,0
C05733,South Korea,43,Male,Free,9/30/2025,19,1055.15,49.59,99,Jewelry & Accessories,Desktop,Credit Card,Direct,5,4.6,2,6,1,0
C05734,United States,50,Male,Free,1/17/2025,12,1221.24,99.22,29,Books,Desktop,UPI / Digital Wallet,Organic Search,4,4.6,0,23,1,0
C05735,Netherlands,30,Male,Free,9/20/2021,15,831.69,61.57,103,Electronics,Desktop,PayPal,Referral,3,4.5,0,0,0,0
C05736,Turkey,18,Female,Silver,5/19/2022,12,437,32.17,23,Beauty & Personal Care,Mobile,Credit Card,Direct,2,3.7,1,18,1,0
C05737,United States,23,Other,Free,2/5/2025,24,3963.02,151.05,61,Electronics,Tablet,UPI / Digital Wallet,Organic Search,3,4.1,2,3,1,0
C05738,Germany,37,Male,Free,2/21/2026,13,280.99,20.85,16,Clothing & Apparel,Tablet,Debit Card,Social Media,4,4.3,1,10,1,0
C05739,Mexico,35,Female,Free,12/31/2025,32,868.74,24.85,89,Books,Mobile,Debit Card,Organic Search,7,3.1,3,15,1,1
C05740,Canada,33,Male,Silver,1/22/2025,26,972.8,37.72,18,Clothing & Apparel,Mobile,Debit Card,Organic Search,7,4.1,0,0,1,0
C05741,United States,39,Female,Platinum,9/15/2024,27,3888.42,153.73,19,Beauty & Personal Care,Mobile,PayPal,Social Media,4,4.6,3,2,0,0
C05742,Singapore,40,Male,Free,2/18/2026,52,1809.16,36.09,40,Electronics,Desktop,Credit Card,Organic Search,15,4.4,5,5,1,0
C05743,Spain,28,Male,Silver,9/15/2023,31,1291.73,39.51,325,Electronics,Mobile,Bank Transfer,Direct,8,4,2,5,1,0
C05744,United States,35,Female,Free,10/31/2023,57,3742.01,59.25,52,Clothing & Apparel,Mobile,Debit Card,Paid Ad,9,4.3,7,2,0,0
C05745,Germany,45,Female,Platinum,11/3/2024,16,1139.46,72.42,65,Pet Supplies,Desktop,Debit Card,Direct,3,3.1,2,6,0,0
C05746,Germany,45,Male,Silver,10/4/2022,16,2680.83,157.99,25,Toys & Games,Mobile,UPI / Digital Wallet,Email Campaign,5,3.5,1,19,0,0
C05747,India,27,Male,Platinum,9/2/2025,3,65.51,22.59,37,Electronics,Desktop,Buy Now Pay Later,Direct,0,4.4,0,3,0,0
C05748,United States,36,Female,Free,2/4/2024,10,548.17,48.21,268,Pet Supplies,Mobile,UPI / Digital Wallet,Direct,1,3.6,0,8,0,1
C05749,United Kingdom,46,Male,Silver,4/10/2025,44,2358.24,47.24,66,Electronics,Desktop,Credit Card,Organic Search,13,4.6,2,2,1,0
C05750,France,39,Female,Free,9/25/2025,17,957.4,60,97,Beauty & Personal Care,Mobile,Credit Card,Organic Search,0,4.4,1,1,1,1
C05751,United States,32,Female,Gold,8/2/2025,26,618.64,21.1,35,Automotive,Mobile,Credit Card,Email Campaign,3,3.9,3,3,1,0
C05752,United Kingdom,45,Female,Platinum,9/10/2025,51,1941.6,40.8,381,Toys & Games,Tablet,Credit Card,Paid Ad,18,4.2,3,1,1,0
C05753,United States,36,Male,Gold,11/26/2021,3,124.99,41.61,59,Pet Supplies,Mobile,Credit Card,Organic Search,0,4.8,0,0,1,0
C05754,United Kingdom,24,Female,Free,11/7/2025,5,2856.38,554.83,94,Jewelry & Accessories,Desktop,PayPal,Social Media,1,3.6,0,2,1,0
C05755,France,32,Female,Free,6/13/2021,20,848.82,47.11,91,Home & Kitchen,Mobile,Debit Card,Email Campaign,6,4.5,2,1,1,0
C05756,United States,33,Male,Free,1/24/2026,53,15745.34,300.66,45,Clothing & Apparel,Mobile,Credit Card,Paid Ad,8,4.4,5,4,0,0
C05757,United States,18,Male,Gold,11/16/2024,4,155.05,43.3,27,Food & Grocery,Mobile,Debit Card,Social Media,1,4,0,3,1,0
C05758,United Kingdom,47,Male,Free,1/17/2021,8,298.35,43.2,52,Clothing & Apparel,Desktop,PayPal,Organic Search,2,3.7,1,2,1,0
C05759,United States,27,Male,Silver,3/7/2025,37,5178.75,160.26,39,Books,Desktop,Bank Transfer,Organic Search,6,4.3,2,2,1,0
C05760,Italy,51,Female,Silver,8/16/2023,24,712.65,31.76,44,Clothing & Apparel,Mobile,Bank Transfer,Social Media,2,3.7,0,3,0,0
C05761,United States,45,Female,Free,9/23/2025,2,243.68,128.39,49,Jewelry & Accessories,Mobile,Bank Transfer,Social Media,0,4.2,0,10,0,1
C05762,United States,35,Female,Free,1/3/2023,4,339.07,74.38,60,Food & Grocery,Mobile,Credit Card,Paid Ad,0,4.7,0,1,1,0
C05763,Netherlands,42,Female,Silver,4/10/2025,17,530.29,27.64,83,Electronics,Desktop,UPI / Digital Wallet,Referral,1,4,2,3,1,0
C05764,France,34,Male,Silver,10/10/2025,10,190.22,21.22,102,Electronics,Desktop,Bank Transfer,Email Campaign,0,4.1,0,0,1,0
C05765,United States,45,Female,Platinum,11/28/2024,15,1484.68,105.26,39,Toys & Games,Mobile,Buy Now Pay Later,Email Campaign,1,4.6,2,6,1,0
C05766,United States,50,Female,Silver,7/12/2022,12,594.03,47.6,14,Clothing & Apparel,Mobile,Credit Card,Paid Ad,4,4,0,2,0,0
C05767,Japan,39,Female,Free,5/12/2025,1,100.62,107.4,52,Clothing & Apparel,Desktop,Credit Card,Social Media,0,4.3,0,0,0,0
C05768,UAE,43,Female,Free,11/27/2024,44,4174.6,82.62,33,Sports & Outdoors,Desktop,Debit Card,Social Media,8,4.7,0,2,1,0
C05769,France,31,Other,Free,2/1/2024,15,218.86,16.21,42,Sports & Outdoors,Desktop,Credit Card,Social Media,4,4.8,0,5,1,0
C05770,United States,38,Female,Free,9/6/2024,1,78.77,84.01,70,Beauty & Personal Care,Desktop,Credit Card,Organic Search,0,3.7,0,0,0,0
C05771,Poland,44,Male,Gold,8/24/2024,10,598.65,53.71,65,Automotive,Tablet,Credit Card,Organic Search,0,4.3,1,10,1,0
C05772,Japan,40,Male,Silver,9/19/2025,14,1797.4,117.24,36,Electronics,Desktop,UPI / Digital Wallet,Social Media,1,3.7,1,3,1,0
C05773,United States,41,Male,Silver,11/9/2025,21,4773.5,213.61,43,Clothing & Apparel,Mobile,PayPal,Social Media,5,4.4,2,8,0,0
C05774,United Kingdom,54,Male,Free,5/6/2025,16,909.69,56.57,30,Electronics,Desktop,Debit Card,Paid Ad,3,3.8,1,1,0,0
C05775,Brazil,43,Male,Silver,4/4/2024,6,255.09,37.61,108,Office Supplies,Mobile,PayPal,Organic Search,2,4,0,0,1,0
C05776,United Kingdom,43,Female,Silver,2/26/2026,5,620.31,140.18,14,Food & Grocery,Mobile,UPI / Digital Wallet,Paid Ad,1,3.5,0,5,0,0
C05777,Brazil,34,Female,Free,3/17/2024,22,1181.97,60.54,110,Jewelry & Accessories,Desktop,Debit Card,Organic Search,7,4.4,0,1,1,0
C05778,United States,34,Male,Free,11/22/2025,9,335.2,41.13,19,Beauty & Personal Care,Desktop,Debit Card,Paid Ad,2,4.1,0,0,1,0
C05779,Germany,56,Male,Gold,12/9/2025,13,544.81,47.75,207,Automotive,Desktop,Debit Card,Direct,1,4,1,0,0,1
C05780,Australia,43,Male,Platinum,2/18/2026,16,1828.82,118.59,85,Home & Kitchen,Desktop,PayPal,Referral,2,3.8,1,0,0,0
C05781,Germany,44,Male,Free,6/28/2024,14,1835.81,142.28,25,Beauty & Personal Care,Mobile,Buy Now Pay Later,Direct,2,4.5,0,7,1,0
C05782,Germany,47,Male,Free,2/15/2025,3,253.52,74.38,163,Home & Kitchen,Desktop,Cryptocurrency,Email Campaign,1,4.5,0,0,0,0
C05783,United States,63,Male,Platinum,4/5/2025,35,6926.33,203.14,4,Home & Kitchen,Mobile,Credit Card,Email Campaign,8,4.8,4,7,0,0
C05784,United States,18,Male,Free,2/17/2025,25,2297.91,85.5,20,Books,Mobile,Debit Card,Social Media,5,3.9,1,1,1,0
C05785,Spain,28,Female,Gold,2/28/2022,3,109.03,42.46,78,Clothing & Apparel,Mobile,PayPal,Organic Search,0,4.5,0,8,1,0
C05786,United States,43,Female,Free,12/20/2024,36,3598.44,89.67,41,Beauty & Personal Care,Mobile,Debit Card,Organic Search,10,2.9,4,2,1,0
C05787,Germany,50,Male,Free,3/7/2022,11,1471.57,123,2,Electronics,Tablet,Buy Now Pay Later,Social Media,2,3.8,0,5,0,0
C05788,India,34,Female,Silver,10/19/2025,65,5320.48,74.53,139,Jewelry & Accessories,Mobile,Buy Now Pay Later,Email Campaign,8,4.1,2,1,0,1
C05789,France,25,Female,Silver,12/6/2024,6,335.35,48.62,48,Travel & Luggage,Mobile,PayPal,Email Campaign,1,4.2,0,2,1,0
C05790,Germany,18,Male,Free,1/31/2018,2,336.84,150.14,91,Automotive,Mobile,Credit Card,Social Media,0,4.4,0,4,0,0
C05791,United States,45,Female,Free,1/6/2025,9,908.34,90.13,38,Jewelry & Accessories,Tablet,PayPal,Direct,0,3.8,1,2,0,0
C05792,Netherlands,34,Male,Gold,1/5/2025,16,1242.04,86.61,73,Home & Kitchen,Desktop,Buy Now Pay Later,Organic Search,2,3.7,0,6,0,1
C05793,United States,33,Male,Gold,9/11/2022,9,630.26,70.98,30,Pet Supplies,Mobile,Debit Card,Email Campaign,3,3.8,0,9,1,0
C05794,Germany,36,Male,Free,6/11/2025,15,1030.79,79.68,33,Clothing & Apparel,Tablet,Credit Card,Email Campaign,2,4.8,1,0,0,0
C05795,United States,49,Male,Free,3/27/2025,15,649.08,44.73,16,Home & Kitchen,Desktop,PayPal,Direct,4,3.8,1,0,0,0
C05796,Australia,54,Male,Free,11/5/2024,4,564.25,130.46,109,Home & Kitchen,Desktop,Credit Card,Paid Ad,0,3,0,2,1,0
C05797,United States,32,Female,Silver,9/21/2025,8,927.04,128.02,5,Food & Grocery,Tablet,Debit Card,Email Campaign,1,4.9,0,7,1,0
C05798,United Kingdom,32,Female,Free,5/9/2021,24,2242.61,87.09,24,Toys & Games,Mobile,PayPal,Social Media,1,4.6,2,8,1,0
C05799,Mexico,35,Other,Free,8/18/2024,3,113.2,41.03,193,Health & Wellness,Mobile,Bank Transfer,Email Campaign,1,3.7,0,1,1,0
C05800,Brazil,18,Male,Free,5/9/2024,62,6078.76,86.03,23,Electronics,Mobile,Credit Card,Email Campaign,21,4.3,2,2,1,0
C05801,Germany,38,Female,Free,12/30/2025,28,5067.75,205.3,0,Sports & Outdoors,Tablet,Credit Card,Email Campaign,3,2.8,2,0,1,0
C05802,Netherlands,24,Female,Free,3/30/2022,10,282.43,32.76,88,Clothing & Apparel,Desktop,Credit Card,Email Campaign,2,4.3,0,2,0,0
C05803,United Kingdom,59,Male,Free,8/9/2025,8,665.31,81.23,3,Electronics,Mobile,Debit Card,Paid Ad,0,4,0,4,0,0
C05804,United States,36,Male,Free,3/9/2026,12,569.91,47,99,Sports & Outdoors,Mobile,Credit Card,Direct,4,4.3,0,0,1,0
C05805,India,36,Male,Free,5/4/2022,16,2070.21,121.43,97,Health & Wellness,Mobile,PayPal,Social Media,2,4.4,1,5,0,0
C05806,United States,41,Female,Free,6/17/2021,15,1138.54,68.77,167,Travel & Luggage,Tablet,UPI / Digital Wallet,Organic Search,5,4.2,1,0,0,0
C05807,United States,55,Male,Free,2/15/2024,18,836.02,45.66,106,Automotive,Mobile,Debit Card,Organic Search,2,2.6,0,3,0,0
C05808,UAE,34,Other,Free,12/6/2025,5,317.53,61.04,124,Jewelry & Accessories,Mobile,Credit Card,Email Campaign,1,4.3,0,0,0,0
C05809,United States,32,Female,Free,5/16/2025,50,1259.13,22.72,103,Travel & Luggage,Mobile,PayPal,Organic Search,16,4.9,0,1,1,0
C05810,United States,40,Female,Silver,7/29/2025,8,1198.76,130.41,307,Sports & Outdoors,Mobile,Credit Card,Paid Ad,0,3.1,1,0,1,0
C05811,India,19,Male,Free,5/15/2025,4,592.98,144.39,5,Electronics,Mobile,Credit Card,Organic Search,0,3.6,0,9,1,0
C05812,India,28,Female,Gold,1/6/2026,3,357.15,137.27,28,Clothing & Apparel,Tablet,PayPal,Paid Ad,0,4.4,0,2,1,0
C05813,Italy,40,Female,Gold,5/3/2025,19,3219.36,159.15,14,Clothing & Apparel,Mobile,Buy Now Pay Later,Social Media,3,4.8,1,2,1,0
C05814,India,31,Male,Gold,5/2/2025,14,1293.6,86.58,61,Food & Grocery,Mobile,Credit Card,Social Media,4,4.7,0,3,0,0
C05815,United States,36,Female,Free,1/18/2022,5,244.48,49.54,35,Clothing & Apparel,Mobile,Debit Card,Organic Search,1,3.3,0,0,1,0
C05816,Spain,36,Male,Free,10/8/2024,4,188.9,52.45,86,Clothing & Apparel,Mobile,PayPal,Email Campaign,1,4.1,0,5,1,0
C05817,Italy,42,Female,Free,4/17/2025,41,1399.52,33.45,77,Toys & Games,Mobile,UPI / Digital Wallet,Referral,14,3.2,0,2,0,0
C05818,Turkey,41,Male,Gold,10/30/2023,10,276.65,28.26,19,Automotive,Mobile,Credit Card,Email Campaign,3,4.3,0,7,1,0
C05819,United States,22,Female,Free,1/21/2026,35,1772.57,59.35,7,Health & Wellness,Desktop,Credit Card,Organic Search,8,4.5,1,1,0,0
C05820,India,26,Male,Free,1/18/2025,4,255.33,68.18,60,Electronics,Mobile,Debit Card,Paid Ad,1,4.3,0,7,1,0
C05821,United States,29,Female,Free,8/12/2025,38,1823.16,45.84,0,Electronics,Desktop,Credit Card,Direct,5,4.9,3,1,0,0
C05822,United States,53,Male,Silver,9/27/2025,25,5024.99,182.11,72,Home & Kitchen,Desktop,UPI / Digital Wallet,Paid Ad,8,4.4,1,3,1,0
C05823,South Africa,52,Female,Free,12/15/2025,18,1274.56,72.19,14,Electronics,Mobile,Credit Card,Direct,3,4.7,0,2,1,0
C05824,United States,27,Male,Free,11/30/2020,4,123.63,32.25,21,Pet Supplies,Mobile,Debit Card,Email Campaign,0,4,0,13,1,0
C05825,Germany,18,Female,Free,10/7/2024,22,376.59,17.29,18,Office Supplies,Mobile,Debit Card,Paid Ad,3,4.3,0,4,0,0
C05826,Spain,56,Female,Free,2/18/2026,3,179.51,68.55,144,Beauty & Personal Care,Desktop,Credit Card,Social Media,0,4.4,0,20,0,0
C05827,United States,30,Male,Gold,9/27/2023,1,98.48,105.68,82,Electronics,Desktop,PayPal,Social Media,0,3.7,0,2,1,0
C05828,Sweden,37,Female,Free,5/25/2024,7,933.95,124.45,161,Home & Kitchen,Desktop,PayPal,Social Media,0,4.3,0,4,1,0
C05829,Italy,18,Male,Silver,5/16/2020,20,3215.1,141.33,19,Sports & Outdoors,Mobile,PayPal,Paid Ad,7,3.9,0,1,0,0
C05830,United States,46,Female,Free,4/1/2019,24,592.47,24.87,89,Beauty & Personal Care,Desktop,Debit Card,Paid Ad,2,3.6,2,1,0,0
C05831,Spain,46,Male,Free,10/7/2025,5,267.92,59.87,49,Electronics,Mobile,UPI / Digital Wallet,Paid Ad,1,4.9,0,0,1,0
C05832,United States,37,Female,Free,3/27/2026,17,1010.57,55.66,15,Electronics,Desktop,Credit Card,Referral,4,3.1,0,0,1,0
C05833,United Kingdom,40,Female,Silver,11/7/2023,11,2415.84,214.1,70,Sports & Outdoors,Mobile,Debit Card,Direct,1,4.2,1,0,1,0
C05834,India,30,Other,Free,1/23/2023,11,566.76,53.6,2,Clothing & Apparel,Mobile,PayPal,Organic Search,2,4.2,0,1,1,0
C05835,Germany,18,Male,Silver,7/11/2025,29,1489.92,51.51,35,Home & Kitchen,Mobile,PayPal,Paid Ad,9,4.7,0,1,0,0
C05836,France,18,Female,Free,11/23/2021,18,1060.51,66.46,188,Automotive,Mobile,Credit Card,Direct,6,3.5,1,1,0,1
C05837,Canada,59,Other,Free,11/14/2025,30,1995.68,68.9,31,Electronics,Mobile,UPI / Digital Wallet,Direct,4,3.5,1,1,0,0
C05838,Spain,39,Male,Silver,3/10/2023,8,347.99,44.44,260,Jewelry & Accessories,Mobile,Credit Card,Email Campaign,3,4.5,0,5,1,0
C05839,Germany,18,Female,Silver,11/17/2025,16,473.48,28.16,9,Clothing & Apparel,Tablet,Credit Card,Paid Ad,3,3.6,1,7,0,0
C05840,Canada,35,Male,Free,12/8/2024,13,1535.44,110.8,173,Beauty & Personal Care,Mobile,PayPal,Email Campaign,4,4,1,0,1,0
C05841,United States,39,Female,Gold,6/18/2024,11,1400.13,111.09,4,Automotive,Mobile,Credit Card,Social Media,3,4.9,0,4,0,0
C05842,United States,58,Female,Free,7/26/2019,18,747.04,39.97,157,Electronics,Mobile,PayPal,Organic Search,6,4.3,1,2,1,0
C05843,United States,39,Male,Free,4/10/2022,30,1382.68,48.38,5,Clothing & Apparel,Mobile,Debit Card,Social Media,6,4.5,1,9,1,0
C05844,India,26,Male,Silver,1/19/2025,32,3661.04,114.49,20,Food & Grocery,Desktop,Debit Card,Email Campaign,8,4.3,2,0,1,0
C05845,United States,29,Male,Free,3/20/2025,2,466.52,216.15,33,Food & Grocery,Desktop,Credit Card,Paid Ad,0,4.6,0,0,1,0
C05846,Sweden,31,Female,Free,5/25/2023,6,134.72,25.08,214,Clothing & Apparel,Desktop,Credit Card,Paid Ad,0,4.5,0,2,0,0
C05847,Mexico,33,Male,Free,7/30/2024,7,235.51,30.69,19,Clothing & Apparel,Desktop,Credit Card,Organic Search,0,4.6,0,10,1,0
C05848,United States,28,Male,Free,6/28/2025,53,7626.98,127.22,9,Clothing & Apparel,Tablet,Debit Card,Email Campaign,20,4.3,7,4,1,0
C05849,United States,22,Female,Free,11/2/2025,4,737.1,189.91,63,Clothing & Apparel,Tablet,Credit Card,Direct,1,4.8,0,2,0,0
C05850,Japan,34,Male,Free,11/24/2025,2,96.15,51.06,43,Electronics,Mobile,Debit Card,Referral,0,2.3,0,3,1,0
C05851,United States,59,Male,Free,10/6/2024,6,157.9,27.38,41,Jewelry & Accessories,Desktop,PayPal,Social Media,2,4.8,0,1,0,0
C05852,India,30,Male,Free,9/28/2025,2,40.24,22.51,45,Automotive,Mobile,Credit Card,Paid Ad,0,4.4,0,0,1,0
C05853,United States,22,Female,Free,3/20/2024,2,72.15,34.08,246,Electronics,Desktop,Credit Card,Email Campaign,0,3.8,0,1,1,1
C05854,Germany,28,Female,Gold,10/17/2025,2,80.67,38.28,0,Books,Mobile,Credit Card,Email Campaign,0,3.7,0,4,0,0
C05855,United States,31,Female,Silver,11/1/2025,11,984.53,92.79,13,Electronics,Mobile,Credit Card,Organic Search,3,3.9,0,11,1,0
C05856,Spain,18,Male,Gold,8/6/2024,8,1930.45,281.68,77,Electronics,Desktop,PayPal,Email Campaign,2,3.2,0,1,1,0
C05857,United States,64,Female,Gold,3/13/2023,19,725.21,44.69,40,Electronics,Tablet,Debit Card,Paid Ad,5,4.8,0,3,1,0
C05858,France,45,Female,Free,12/10/2022,19,879.7,50.5,47,Home & Kitchen,Desktop,PayPal,Social Media,1,4.6,2,0,1,0
C05859,UAE,40,Male,Free,8/24/2020,7,2706.49,349.78,82,Jewelry & Accessories,Mobile,Debit Card,Direct,1,4.7,0,8,0,0
C05860,Canada,43,Female,Platinum,6/15/2025,11,514.11,53.77,24,Books,Desktop,Credit Card,Social Media,3,3.4,0,0,0,0
C05861,South Korea,50,Female,Silver,12/26/2024,17,945.34,53.19,58,Home & Kitchen,Desktop,Debit Card,Referral,1,2.8,2,1,0,0
C05862,United States,53,Male,Gold,3/27/2025,13,6633.06,591.06,66,Clothing & Apparel,Desktop,Credit Card,Referral,2,4.6,1,7,0,0
C05863,United States,38,Male,Gold,7/14/2023,7,1273.95,170.18,37,Books,Mobile,Bank Transfer,Email Campaign,1,4.6,0,6,1,0
C05864,United States,29,Female,Free,11/23/2023,5,289.6,58.68,33,Beauty & Personal Care,Desktop,Debit Card,Direct,1,3.6,0,3,0,1
C05865,Brazil,44,Male,Silver,12/8/2025,11,409.19,41.34,19,Office Supplies,Mobile,PayPal,Email Campaign,1,3.8,0,11,1,0
C05866,France,26,Male,Free,1/3/2026,10,917.93,100.22,113,Electronics,Mobile,Bank Transfer,Email Campaign,1,3,0,1,0,0
C05867,Singapore,18,Male,Free,3/11/2026,5,104.73,23.13,20,Food & Grocery,Mobile,Debit Card,Email Campaign,1,3.6,0,5,1,0
C05868,India,36,Female,Free,12/19/2025,34,680.83,17.63,0,Jewelry & Accessories,Desktop,Debit Card,Direct,1,4.9,1,3,1,0
C05869,Brazil,27,Female,Silver,3/9/2026,2,48.87,26.2,7,Beauty & Personal Care,Mobile,Buy Now Pay Later,Organic Search,0,3.8,0,0,0,0
C05870,Sweden,25,Female,Free,8/20/2024,10,365.32,35.1,142,Automotive,Mobile,Credit Card,Organic Search,2,4.2,0,11,1,0
C05871,United States,47,Male,Gold,6/11/2025,68,5687.98,92.76,39,Electronics,Desktop,Debit Card,Email Campaign,7,4.9,1,7,1,0
C05872,Spain,23,Other,Free,7/25/2023,4,121.71,31.83,106,Clothing & Apparel,Desktop,Credit Card,Social Media,0,4.5,0,0,1,0
C05873,Canada,27,Male,Free,2/16/2026,28,925.87,31.33,38,Electronics,Mobile,Credit Card,Social Media,2,4.2,3,1,0,0
C05874,India,52,Female,Free,4/4/2025,5,248.91,44.48,47,Automotive,Desktop,Cryptocurrency,Social Media,1,4.1,0,1,0,0
C05875,India,31,Female,Silver,6/10/2025,4,630.53,143.89,40,Books,Tablet,PayPal,Organic Search,0,4.5,0,21,1,0
C05876,Canada,34,Male,Silver,6/23/2025,4,235.87,54.03,86,Books,Mobile,Debit Card,Email Campaign,0,3,0,1,1,0
C05877,Brazil,46,Female,Free,2/19/2026,17,1245.7,69.16,208,Sports & Outdoors,Desktop,Debit Card,Social Media,6,4.2,1,0,0,1
C05878,United States,49,Male,Silver,4/15/2024,16,2887.68,170.14,2,Health & Wellness,Mobile,Debit Card,Email Campaign,2,3.8,1,4,1,0
C05879,Japan,31,Male,Free,1/17/2021,16,1185.28,68.36,0,Books,Desktop,Credit Card,Organic Search,3,4.6,2,15,0,0
C05880,France,51,Female,Silver,10/31/2023,21,2162.78,91.26,24,Clothing & Apparel,Mobile,Credit Card,Paid Ad,5,4.9,2,1,0,0
C05881,United States,25,Other,Free,3/20/2025,2,74.45,32.64,13,Clothing & Apparel,Mobile,Credit Card,Social Media,0,4.5,0,1,1,0
C05882,India,42,Male,Gold,3/2/2025,6,175.18,26.51,279,Books,Mobile,Credit Card,Paid Ad,2,3.5,0,3,1,1
C05883,Brazil,24,Female,Silver,1/23/2026,34,3471.57,88.95,3,Electronics,Mobile,Credit Card,Organic Search,7,3.3,4,9,1,0
C05884,France,37,Male,Free,11/29/2022,53,5221.59,111.53,149,Clothing & Apparel,Desktop,Debit Card,Organic Search,8,3.9,6,3,1,0
C05885,Mexico,50,Other,Free,8/7/2022,11,421.43,35.93,0,Office Supplies,Mobile,UPI / Digital Wallet,Organic Search,0,3.8,1,10,0,1
C05886,United States,40,Male,Free,5/17/2025,17,642.72,35.41,58,Pet Supplies,Desktop,Credit Card,Social Media,5,3.9,0,5,1,0
C05887,Italy,32,Female,Free,4/29/2024,16,1289.77,86.89,39,Home & Kitchen,Desktop,Credit Card,Direct,2,3.6,0,3,0,0
C05888,Sweden,38,Female,Free,2/1/2026,1,18.37,21.01,26,Clothing & Apparel,Mobile,Debit Card,Organic Search,0,3.6,0,1,1,1
C05889,South Korea,44,Male,Silver,11/14/2024,12,422.1,31.59,33,Home & Kitchen,Tablet,Credit Card,Paid Ad,4,3.8,0,1,1,0
C05890,Brazil,53,Male,Gold,12/5/2024,24,1253.46,59.34,42,Clothing & Apparel,Mobile,Credit Card,Email Campaign,8,3.9,2,2,1,0
C05891,United States,36,Female,Gold,1/1/2026,20,932.68,43.75,168,Jewelry & Accessories,Mobile,UPI / Digital Wallet,Referral,2,4.7,1,10,1,0
C05892,India,33,Female,Silver,4/20/2025,16,972.36,70.77,205,Pet Supplies,Mobile,PayPal,Social Media,2,4,1,3,1,0
C05893,South Korea,22,Other,Platinum,8/22/2023,28,1473.58,45.88,9,Automotive,Mobile,Credit Card,Paid Ad,3,3.9,0,0,1,0
C05894,Canada,43,Male,Free,8/21/2024,2,104.33,45.67,55,Jewelry & Accessories,Mobile,Credit Card,Organic Search,0,4.6,0,1,0,1
C05895,United Kingdom,26,Male,Silver,6/13/2022,1,73.82,66.76,3,Electronics,Mobile,Debit Card,Social Media,0,4.5,0,8,0,0
C05896,Brazil,33,Female,Gold,7/28/2024,3,338.82,111.29,36,Jewelry & Accessories,Mobile,UPI / Digital Wallet,Email Campaign,0,3.9,0,7,0,0
C05897,Brazil,50,Male,Free,12/25/2023,2,52.55,29.48,135,Pet Supplies,Mobile,Debit Card,Organic Search,0,4,0,0,1,1
C05898,France,34,Female,Free,4/21/2024,8,299.31,35.43,10,Electronics,Mobile,Credit Card,Email Campaign,2,3.9,0,2,0,0
C05899,United States,31,Female,Free,12/26/2023,12,4239.82,324.96,0,Home & Kitchen,Mobile,UPI / Digital Wallet,Email Campaign,4,4.6,0,2,1,0
C05900,United States,36,Male,Free,9/12/2024,1,47.48,51.67,17,Toys & Games,Mobile,Credit Card,Email Campaign,0,4.9,0,2,1,1
C05901,United States,39,Male,Free,4/22/2025,6,201.69,36.17,101,Books,Desktop,Credit Card,Social Media,0,4.1,0,1,1,0
C05902,South Korea,21,Female,Free,7/21/2025,10,455.76,44.13,18,Clothing & Apparel,Tablet,UPI / Digital Wallet,Referral,2,4,0,6,1,0
C05903,United States,48,Female,Gold,9/16/2025,18,972.46,61.45,2,Home & Kitchen,Tablet,Credit Card,Email Campaign,3,4,1,0,1,0
C05904,Japan,28,Female,Gold,1/27/2026,12,3184.76,269.29,24,Electronics,Mobile,Credit Card,Email Campaign,2,4,1,5,1,0
C05905,Mexico,25,Male,Free,10/8/2024,3,243.72,95.33,27,Books,Mobile,Debit Card,Social Media,0,4.6,0,3,1,0
C05906,South Korea,42,Male,Gold,10/23/2025,2,151.38,88.48,102,Clothing & Apparel,Desktop,Credit Card,Organic Search,0,3.6,0,23,0,1
C05907,France,55,Female,Free,9/16/2025,1,186.74,193.76,37,Beauty & Personal Care,Mobile,Bank Transfer,Organic Search,0,3.3,0,12,0,0
C05908,Turkey,60,Female,Free,2/25/2022,8,292.76,38.98,77,Electronics,Mobile,PayPal,Social Media,2,3.6,1,1,0,0
C05909,United States,29,Female,Free,12/14/2022,9,333.04,32.49,110,Clothing & Apparel,Desktop,PayPal,Email Campaign,2,4.5,1,19,0,0
C05910,United Kingdom,20,Female,Free,2/10/2024,15,430.65,31.95,81,Electronics,Mobile,PayPal,Email Campaign,3,4.2,0,3,1,0
C05911,Japan,47,Male,Free,8/29/2023,10,632.46,64.19,178,Home & Kitchen,Desktop,Credit Card,Organic Search,1,3.9,1,12,0,0
C05912,United Kingdom,49,Female,Free,7/11/2025,1,67.53,69.55,34,Electronics,Mobile,Credit Card,Organic Search,0,3.8,0,1,0,0
C05913,India,32,Male,Free,6/18/2019,21,5851.59,247.46,21,Beauty & Personal Care,Mobile,PayPal,Organic Search,7,4.7,2,8,1,0
C05914,United Kingdom,42,Female,Free,4/30/2024,35,1487.95,40.66,169,Jewelry & Accessories,Mobile,Debit Card,Organic Search,11,4.4,2,4,1,0
C05915,UAE,42,Male,Silver,7/26/2024,3,191.59,64.9,66,Clothing & Apparel,Mobile,PayPal,Organic Search,0,4.6,0,1,0,0
C05916,United States,49,Female,Gold,10/5/2025,40,1085.27,30.45,28,Books,Desktop,Credit Card,Direct,6,3.5,3,8,1,0
C05917,United States,33,Female,Free,12/29/2024,4,196.27,47,31,Electronics,Tablet,PayPal,Social Media,0,4.6,0,1,0,0
C05918,Brazil,37,Male,Free,10/28/2023,8,846.89,116.45,6,Home & Kitchen,Mobile,Debit Card,Email Campaign,1,3.5,0,1,0,0
C05919,France,27,Male,Gold,8/18/2025,13,2827.15,249.86,157,Beauty & Personal Care,Mobile,Credit Card,Organic Search,4,4.5,0,1,1,0
C05920,Italy,26,Female,Gold,10/1/2025,3,49.95,19.2,0,Electronics,Mobile,Credit Card,Social Media,0,3.4,0,17,1,0
C05921,United Kingdom,29,Female,Free,7/13/2024,10,890.92,81.19,47,Clothing & Apparel,Mobile,Debit Card,Organic Search,3,3.9,0,8,1,0
C05922,Germany,29,Female,Free,6/11/2023,12,563.76,48.44,202,Electronics,Desktop,Credit Card,Social Media,0,4.2,0,1,1,0
C05923,Mexico,48,Female,Gold,11/22/2023,18,1776.03,87.78,9,Clothing & Apparel,Desktop,Credit Card,Social Media,1,4.4,0,0,1,0
C05924,United States,48,Male,Free,6/1/2023,1,34.22,31.83,10,Jewelry & Accessories,Desktop,Credit Card,Social Media,0,4,0,0,0,1
C05925,United Kingdom,34,Female,Silver,2/5/2025,5,139.68,27.27,212,Home & Kitchen,Mobile,Buy Now Pay Later,Email Campaign,0,4.2,0,4,1,0
C05926,United States,39,Male,Gold,1/30/2024,13,826.5,59.15,9,Jewelry & Accessories,Mobile,Credit Card,Organic Search,1,3.9,1,0,1,0
C05927,Germany,34,Male,Free,1/3/2024,5,459.8,98.13,58,Pet Supplies,Mobile,PayPal,Organic Search,1,4.4,0,0,0,0
C05928,United States,34,Male,Silver,4/27/2025,7,1218.43,158.36,24,Electronics,Tablet,Credit Card,Direct,0,3.4,0,10,0,0
C05929,Singapore,35,Male,Free,12/2/2025,1,113.12,104.49,72,Home & Kitchen,Mobile,Credit Card,Paid Ad,0,4.6,0,3,1,0
C05930,United Kingdom,32,Female,Free,11/22/2025,3,312.97,106.62,45,Sports & Outdoors,Desktop,Debit Card,Social Media,0,4.6,0,3,0,0
C05931,United States,18,Female,Free,2/2/2025,18,889.03,51.83,32,Clothing & Apparel,Mobile,Credit Card,Social Media,5,3.1,1,0,0,1
C05932,Mexico,24,Female,Silver,3/28/2026,12,1260.95,102.27,17,Beauty & Personal Care,Mobile,Credit Card,Paid Ad,4,4.7,0,1,1,0
C05933,United States,39,Male,Free,12/2/2021,28,2873.95,98.77,137,Clothing & Apparel,Tablet,Credit Card,Paid Ad,7,4.4,2,14,1,0
C05934,India,51,Female,Gold,7/11/2024,5,823.63,191.15,196,Beauty & Personal Care,Desktop,Debit Card,Organic Search,0,4.5,0,12,0,1
C05935,Brazil,18,Male,Free,1/10/2026,17,1014.25,65.04,52,Electronics,Mobile,Credit Card,Organic Search,1,4.3,0,10,1,0
C05936,Canada,34,Male,Gold,9/11/2025,7,899.79,129.85,108,Food & Grocery,Mobile,Buy Now Pay Later,Social Media,0,4.3,1,6,1,0
C05937,South Korea,47,Male,Free,9/26/2021,1,45.83,44.41,91,Clothing & Apparel,Tablet,Credit Card,Social Media,0,3.4,0,6,1,0
C05938,India,37,Female,Free,8/30/2025,7,305.97,43.29,63,Sports & Outdoors,Mobile,Debit Card,Social Media,1,4.1,0,10,1,0
C05939,Germany,30,Female,Gold,12/11/2024,9,2024.04,255.14,10,Pet Supplies,Tablet,Bank Transfer,Organic Search,1,3.5,1,1,1,0
C05940,United States,18,Female,Gold,1/14/2026,3,171.57,63.18,24,Home & Kitchen,Desktop,Debit Card,Direct,0,4.7,0,2,1,0
C05941,United Kingdom,22,Other,Free,8/22/2020,17,1081.43,68.76,152,Electronics,Mobile,PayPal,Direct,2,3.9,1,0,1,0
C05942,France,34,Male,Free,3/9/2026,11,704.4,67.58,16,Office Supplies,Desktop,Credit Card,Email Campaign,4,2.5,1,2,0,0
C05943,France,26,Male,Silver,9/30/2024,42,15630.04,351.06,5,Clothing & Apparel,Desktop,Credit Card,Email Campaign,12,4.5,3,1,1,0
C05944,United States,32,Male,Free,1/10/2025,11,1213.69,122.83,40,Books,Mobile,PayPal,Paid Ad,4,4.6,0,0,0,0
C05945,United Kingdom,26,Female,Free,3/23/2026,7,199.63,26.72,85,Home & Kitchen,Tablet,Debit Card,Social Media,1,4.4,0,12,1,0
C05946,United States,31,Male,Free,3/1/2025,5,823.93,166.06,68,Electronics,Tablet,PayPal,Paid Ad,1,3.7,0,13,1,0
C05947,Japan,48,Female,Free,5/22/2022,3,242.07,92.04,48,Electronics,Mobile,UPI / Digital Wallet,Email Campaign,0,4.7,0,20,0,0
C05948,Japan,40,Male,Free,5/28/2023,5,162.21,35.4,2,Beauty & Personal Care,Desktop,Bank Transfer,Social Media,1,3.8,0,2,0,0
C05949,United States,21,Female,Silver,1/4/2026,23,725.25,35.77,20,Health & Wellness,Mobile,Credit Card,Organic Search,6,3.3,2,1,1,0
C05950,United States,29,Male,Gold,10/24/2023,8,380.53,42.87,138,Pet Supplies,Mobile,PayPal,Social Media,2,4.7,0,1,0,0
C05951,India,42,Female,Silver,5/15/2024,20,1359.16,63.93,14,Electronics,Mobile,Debit Card,Social Media,7,4.5,2,6,1,0
C05952,Germany,54,Other,Gold,8/11/2023,4,90.96,24.22,82,Beauty & Personal Care,Mobile,UPI / Digital Wallet,Social Media,1,4.3,0,5,0,0
C05953,United Kingdom,29,Female,Silver,12/5/2025,47,871.48,20.17,90,Books,Desktop,Bank Transfer,Social Media,16,4.5,1,0,1,0
C05954,Mexico,39,Male,Free,2/10/2024,8,640.23,85.24,16,Clothing & Apparel,Tablet,Credit Card,Organic Search,2,3.2,0,2,0,0
C05955,Italy,18,Male,Silver,7/17/2025,8,1304.21,163.62,54,Food & Grocery,Mobile,Credit Card,Email Campaign,2,4.2,1,9,0,0
C05956,United States,26,Male,Gold,11/14/2025,31,1362.11,44.86,2,Sports & Outdoors,Desktop,Credit Card,Organic Search,6,3.3,2,10,0,0
C05957,United States,47,Female,Free,10/15/2024,18,1423.33,85.06,81,Electronics,Desktop,PayPal,Direct,2,4.5,2,10,0,0
C05958,United States,35,Male,Free,11/22/2025,8,750.04,86.51,55,Health & Wellness,Mobile,Debit Card,Social Media,2,3.6,0,4,0,0
C05959,United Kingdom,42,Female,Gold,1/18/2024,25,2216.8,80.62,11,Jewelry & Accessories,Mobile,Credit Card,Paid Ad,2,4.7,0,6,1,0
C05960,Mexico,30,Female,Platinum,1/18/2026,3,1220.59,419.25,4,Clothing & Apparel,Mobile,PayPal,Direct,1,3,0,0,0,0
C05961,Germany,33,Female,Free,2/5/2022,26,3718.24,155.38,70,Food & Grocery,Mobile,Credit Card,Social Media,3,3.9,3,3,1,0
C05962,Mexico,53,Male,Free,8/21/2025,17,1317.76,78.63,4,Electronics,Desktop,PayPal,Social Media,5,4.6,1,1,1,0
C05963,France,56,Female,Gold,11/13/2023,9,695.59,84.55,16,Electronics,Desktop,Credit Card,Direct,2,3.3,0,1,1,0
C05964,Japan,30,Female,Free,10/27/2025,27,1297.76,51.9,1,Books,Mobile,Credit Card,Organic Search,7,2.8,1,8,1,0
C05965,Netherlands,36,Male,Free,8/11/2025,19,1069.33,65.92,58,Clothing & Apparel,Desktop,Cryptocurrency,Paid Ad,2,3.7,1,2,1,0
C05966,United States,28,Male,Free,2/24/2026,1,81.71,88.74,4,Electronics,Mobile,Credit Card,Paid Ad,0,4.5,0,3,1,0
C05967,United States,34,Male,Free,3/24/2026,37,1153.04,27.95,46,Jewelry & Accessories,Mobile,Credit Card,Organic Search,12,4.5,0,2,1,0
C05968,United Kingdom,38,Female,Free,10/3/2024,21,873.13,37,124,Home & Kitchen,Desktop,Debit Card,Email Campaign,6,4.3,0,1,1,0
C05969,United States,22,Male,Silver,2/21/2026,32,1892.48,57.48,99,Office Supplies,Desktop,UPI / Digital Wallet,Organic Search,3,4.1,4,7,0,0
C05970,Italy,18,Male,Silver,8/23/2017,23,2268.54,110.32,136,Home & Kitchen,Desktop,Cryptocurrency,Organic Search,7,4.4,0,2,1,0
C05971,United Kingdom,47,Female,Free,9/4/2025,44,695.03,15.35,74,Electronics,Tablet,PayPal,Social Media,13,4.1,4,6,0,1
C05972,Brazil,33,Female,Gold,8/18/2024,44,963.33,21.52,67,Beauty & Personal Care,Mobile,Credit Card,Organic Search,13,4.4,1,4,1,0
C05973,United States,21,Male,Free,8/8/2025,10,852.79,95.08,52,Home & Kitchen,Desktop,Credit Card,Social Media,2,4.7,0,2,1,0
C05974,India,18,Female,Free,12/25/2024,8,748.61,103.84,73,Clothing & Apparel,Mobile,Bank Transfer,Organic Search,0,4.4,0,11,0,0
C05975,Brazil,33,Male,Silver,5/20/2024,16,424.48,28.37,90,Home & Kitchen,Mobile,Credit Card,Direct,2,4.2,0,4,0,0
C05976,United States,39,Male,Free,3/16/2024,63,3315.38,52.64,10,Travel & Luggage,Mobile,Credit Card,Social Media,12,4.9,2,3,0,0
C05977,United States,18,Female,Free,4/10/2023,10,520.01,46.3,31,Health & Wellness,Mobile,Debit Card,Email Campaign,2,2.8,0,6,1,0
C05978,Australia,31,Male,Gold,8/25/2024,9,596.27,70.57,20,Toys & Games,Desktop,Buy Now Pay Later,Organic Search,1,2.9,0,1,1,0
C05979,Germany,42,Female,Free,11/27/2020,1,45.1,46.9,151,Food & Grocery,Mobile,Credit Card,Paid Ad,0,4.4,0,3,1,0
C05980,United States,23,Female,Free,3/8/2026,15,811.83,58.72,97,Food & Grocery,Desktop,Debit Card,Email Campaign,4,4,0,4,1,0
C05981,United States,19,Female,Free,6/29/2025,1,141.29,146.48,23,Office Supplies,Mobile,Credit Card,Social Media,0,4.8,0,2,0,0
C05982,South Korea,31,Male,Free,4/27/2025,4,140.13,32.4,135,Home & Kitchen,Mobile,Debit Card,Direct,1,3.5,0,0,0,0
C05983,United States,39,Male,Gold,8/3/2025,24,940.36,42.47,126,Home & Kitchen,Desktop,PayPal,Paid Ad,6,3.1,2,5,0,0
C05984,Brazil,25,Male,Silver,5/25/2024,28,2743.19,90.29,89,Electronics,Desktop,Debit Card,Direct,7,4.6,3,0,1,0
C05985,India,18,Male,Gold,2/6/2026,7,1148.7,149.43,4,Clothing & Apparel,Mobile,Debit Card,Social Media,1,3.5,0,1,0,0
C05986,United Kingdom,22,Male,Silver,5/13/2024,2,223.68,113.17,83,Sports & Outdoors,Desktop,PayPal,Social Media,0,3.9,0,3,1,1
C05987,Germany,18,Male,Platinum,10/8/2024,11,1688.84,150.99,28,Electronics,Desktop,UPI / Digital Wallet,Direct,2,4.2,0,4,0,0
C05988,Australia,18,Male,Free,4/1/2026,14,805.67,65.84,7,Books,Desktop,PayPal,Paid Ad,3,3.7,1,3,0,0
C05989,India,29,Male,Free,10/24/2020,30,1148.43,36.65,123,Electronics,Desktop,UPI / Digital Wallet,Paid Ad,4,4.7,3,2,0,0
C05990,United States,31,Male,Silver,1/30/2025,34,595.8,15.68,35,Toys & Games,Mobile,PayPal,Email Campaign,5,3.7,2,1,0,0
C05991,Sweden,51,Male,Silver,6/20/2024,9,189.06,18.7,7,Sports & Outdoors,Mobile,Credit Card,Social Media,2,3.1,0,13,0,0
C05992,Germany,45,Male,Silver,4/7/2025,20,1593.78,75.24,95,Clothing & Apparel,Mobile,Credit Card,Email Campaign,7,4.7,2,27,0,0
C05993,France,39,Male,Free,1/4/2024,42,1095.3,23.57,9,Beauty & Personal Care,Desktop,UPI / Digital Wallet,Paid Ad,2,3.5,3,12,1,0
C05994,United States,53,Female,Silver,8/5/2022,6,392.8,66.23,38,Beauty & Personal Care,Mobile,Credit Card,Organic Search,1,4.9,0,1,0,0
C05995,Mexico,35,Male,Silver,9/11/2025,2,52.04,28.72,57,Clothing & Apparel,Desktop,Credit Card,Email Campaign,0,4.5,0,0,1,0
C05996,United States,54,Male,Silver,12/9/2025,38,2388.71,55.15,22,Health & Wellness,Mobile,Credit Card,Organic Search,9,4.5,0,1,1,1
C05997,Spain,20,Male,Free,1/20/2026,5,997.53,202.92,73,Automotive,Mobile,Debit Card,Social Media,1,4.1,0,4,1,0
C05998,United States,28,Male,Free,9/17/2023,20,2206.74,97.41,244,Automotive,Desktop,Credit Card,Paid Ad,4,4,1,3,1,0
C05999,United States,29,Female,Gold,7/1/2023,28,1674.49,68.22,66,Clothing & Apparel,Mobile,Credit Card,Organic Search,10,4,3,9,1,0
C06000,United States,41,Female,Free,2/1/2023,21,1055.57,52.45,42,Electronics,Tablet,Debit Card,Organic Search,6,4.3,2,1,1,0
C06001,South Korea,51,Male,Free,1/12/2025,15,2024.24,143.4,165,Automotive,Mobile,Bank Transfer,Direct,5,3.8,1,5,1,0
C06002,United States,23,Female,Platinum,4/30/2024,4,692.32,165.23,76,Health & Wellness,Desktop,Buy Now Pay Later,Direct,0,4.5,0,3,1,1
C06003,United States,34,Male,Gold,9/15/2023,19,903.64,46.46,83,Food & Grocery,Desktop,PayPal,Organic Search,5,4.5,1,1,1,0
C06004,United Kingdom,18,Male,Silver,9/12/2024,38,2130.09,60,67,Home & Kitchen,Desktop,Debit Card,Organic Search,10,4.6,1,8,1,0
C06005,United States,31,Male,Gold,9/16/2021,2,193.2,108.71,79,Toys & Games,Mobile,Buy Now Pay Later,Direct,0,3.8,0,5,0,0
C06006,France,23,Male,Gold,4/15/2025,22,1696.96,78.66,122,Jewelry & Accessories,Mobile,Credit Card,Social Media,5,3.8,1,12,1,0
C06007,United States,46,Female,Gold,8/13/2021,18,8135.66,460.33,151,Food & Grocery,Mobile,Cryptocurrency,Paid Ad,4,4.7,0,13,0,0
C06008,India,41,Male,Free,4/24/2025,51,1901.31,34.06,14,Pet Supplies,Tablet,Debit Card,Direct,13,4,1,4,0,0
C06009,United States,39,Male,Free,12/25/2025,42,18365.99,394.75,11,Automotive,Mobile,Debit Card,Direct,13,4.8,2,0,1,0
C06010,Germany,51,Female,Free,2/7/2023,6,863.25,153.23,158,Toys & Games,Tablet,Debit Card,Email Campaign,0,4.1,0,2,0,0
C06011,Japan,18,Female,Free,11/23/2025,21,596.43,27.81,5,Beauty & Personal Care,Tablet,Credit Card,Organic Search,6,4.1,1,0,0,0
C06012,Germany,35,Female,Free,12/13/2020,60,4090.6,62.48,47,Beauty & Personal Care,Mobile,Credit Card,Social Media,11,2.2,1,2,0,0
C06013,India,35,Female,Free,11/8/2023,31,1081.9,32.66,1,Toys & Games,Mobile,Credit Card,Paid Ad,7,4.7,2,7,1,0
C06014,Italy,43,Female,Silver,2/18/2025,5,202.18,40.47,19,Clothing & Apparel,Tablet,UPI / Digital Wallet,Social Media,1,4.6,0,3,1,0
C06015,Australia,37,Female,Gold,11/5/2023,20,4064.36,221.96,10,Automotive,Mobile,UPI / Digital Wallet,Email Campaign,6,4.4,0,0,0,0
C06016,France,44,Male,Platinum,4/21/2023,10,299.41,34.48,43,Electronics,Mobile,Credit Card,Organic Search,3,3.8,0,4,0,1
C06017,Germany,33,Female,Gold,2/4/2023,25,1337.04,49.49,127,Home & Kitchen,Desktop,Buy Now Pay Later,Organic Search,9,4,2,2,1,0
C06018,Mexico,56,Male,Silver,12/18/2023,2,239.94,118.55,57,Home & Kitchen,Desktop,Credit Card,Direct,0,4.4,0,5,1,0
C06019,United Kingdom,24,Female,Free,12/14/2025,27,2120.12,86.16,53,Books,Mobile,Credit Card,Social Media,9,4.5,1,2,1,0
C06020,United States,33,Male,Free,7/17/2019,23,879.94,39.62,224,Sports & Outdoors,Mobile,UPI / Digital Wallet,Organic Search,1,4.1,0,13,0,0
C06021,United States,35,Female,Free,7/22/2025,32,4622.7,161.41,92,Food & Grocery,Mobile,Debit Card,Paid Ad,3,3.9,3,9,1,0
C06022,Australia,49,Male,Free,6/7/2023,16,628.26,34.69,33,Beauty & Personal Care,Desktop,PayPal,Direct,1,4.3,0,2,1,1
C06023,United Kingdom,18,Male,Free,10/15/2020,15,2271.09,172.3,29,Electronics,Mobile,Credit Card,Email Campaign,0,4,2,3,1,0
C06024,Japan,40,Male,Silver,7/17/2025,19,532.77,30.3,66,Home & Kitchen,Tablet,Bank Transfer,Direct,4,4,1,1,1,0
C06025,United States,37,Male,Silver,6/30/2024,45,2870.6,66.4,71,Food & Grocery,Mobile,PayPal,Paid Ad,14,4.4,0,3,1,0
C06026,United States,40,Female,Free,3/9/2026,39,3353.14,97.96,22,Electronics,Mobile,PayPal,Referral,8,3.8,2,26,0,0
C06027,Japan,28,Female,Free,12/12/2024,1,90.34,88.43,4,Food & Grocery,Mobile,Debit Card,Email Campaign,0,3.2,0,3,1,1
C06028,United States,68,Male,Silver,7/25/2025,22,1388.04,67.74,5,Books,Mobile,Debit Card,Social Media,3,3.6,1,5,0,0
C06029,United States,18,Female,Free,10/22/2025,6,307.94,46.82,41,Health & Wellness,Mobile,PayPal,Direct,1,4.2,0,6,1,0
C06030,United States,49,Male,Gold,8/16/2021,2,81.77,45,138,Electronics,Mobile,Credit Card,Referral,0,4.7,0,2,1,0
C06031,United States,29,Female,Gold,3/14/2026,16,2014.8,132.68,17,Toys & Games,Mobile,Credit Card,Paid Ad,2,3,0,0,1,1
C06032,India,23,Male,Silver,6/8/2025,10,794.19,81,65,Home & Kitchen,Tablet,Debit Card,Direct,1,4.3,0,11,1,0
C06033,Mexico,26,Male,Silver,8/12/2025,3,124.46,47.09,0,Clothing & Apparel,Mobile,PayPal,Paid Ad,0,3.8,0,4,1,0
C06034,United States,36,Female,Free,12/7/2024,11,382.79,30.39,188,Sports & Outdoors,Desktop,Credit Card,Direct,1,4.6,0,4,1,0
C06035,Poland,48,Male,Free,2/13/2024,38,1375.03,39.29,14,Toys & Games,Tablet,Buy Now Pay Later,Organic Search,3,4.5,5,1,0,0
C06036,United States,52,Male,Free,4/16/2020,27,1011.72,42.29,75,Books,Tablet,Debit Card,Social Media,2,4.5,0,0,0,0
C06037,United States,39,Female,Platinum,12/2/2024,15,1011.95,76.13,54,Electronics,Desktop,Credit Card,Direct,2,3.9,0,0,0,0
C06038,United States,37,Male,Gold,5/14/2025,5,1577.04,295.2,38,Clothing & Apparel,Tablet,Debit Card,Social Media,1,4.7,0,15,1,1
C06039,United Kingdom,27,Female,Free,10/31/2025,17,696.61,43.41,4,Office Supplies,Desktop,Credit Card,Email Campaign,6,4.5,0,0,1,0
C06040,Mexico,38,Male,Silver,2/6/2023,41,4156.59,108.88,8,Jewelry & Accessories,Mobile,Credit Card,Direct,14,4.8,4,1,1,0
C06041,United Kingdom,37,Female,Silver,3/18/2021,15,3878.07,267.9,61,Electronics,Mobile,PayPal,Paid Ad,5,3.9,0,1,1,0
C06042,United States,36,Other,Gold,11/27/2021,4,703.35,205.54,49,Clothing & Apparel,Mobile,UPI / Digital Wallet,Email Campaign,1,3.6,0,0,0,0
C06043,United States,45,Male,Platinum,12/27/2025,20,1406.29,80.28,7,Clothing & Apparel,Mobile,PayPal,Social Media,3,4.1,0,10,1,0
C06044,Mexico,18,Female,Free,12/5/2024,19,3229.2,161.41,20,Health & Wellness,Desktop,PayPal,Paid Ad,7,4.2,2,10,1,0
C06045,United States,20,Male,Platinum,6/2/2023,1,127.64,141.39,150,Food & Grocery,Mobile,Debit Card,Referral,0,4.5,0,2,0,0
C06046,Spain,33,Male,Free,10/4/2025,10,825.1,89.07,38,Health & Wellness,Mobile,Credit Card,Paid Ad,1,4.2,0,12,1,0
C06047,United States,20,Female,Gold,1/7/2026,10,821.79,77.05,3,Electronics,Mobile,Credit Card,Referral,3,3.6,1,5,0,0
C06048,United Kingdom,29,Male,Free,3/3/2024,20,1687.7,81.39,41,Electronics,Tablet,Credit Card,Direct,1,3.5,0,10,1,0
C06049,Japan,42,Male,Free,12/12/2019,1,127.08,138.91,60,Clothing & Apparel,Mobile,PayPal,Paid Ad,0,4.2,0,0,1,0
C06050,India,18,Male,Free,1/1/2025,15,1572.48,117.43,21,Electronics,Desktop,PayPal,Social Media,4,4.7,1,3,1,0
C06051,United States,21,Male,Silver,8/4/2022,20,3395.21,186.31,0,Pet Supplies,Tablet,Credit Card,Paid Ad,3,4.5,2,2,1,0
C06052,Netherlands,50,Male,Free,7/20/2023,6,297.46,54.72,110,Electronics,Mobile,Credit Card,Organic Search,1,4.4,0,9,1,0
C06053,United Kingdom,40,Female,Platinum,4/14/2022,3,206.98,73.17,63,Home & Kitchen,Mobile,PayPal,Referral,0,4.3,0,2,1,0
C06054,Brazil,49,Male,Silver,7/2/2024,10,3297.51,294.74,57,Toys & Games,Mobile,Credit Card,Organic Search,3,4.7,1,9,0,0
C06055,United States,51,Female,Free,12/29/2024,9,324.53,32.98,99,Beauty & Personal Care,Desktop,Credit Card,Paid Ad,2,4.8,1,0,1,0
C06056,Singapore,25,Female,Free,2/10/2024,5,860.87,150.92,171,Clothing & Apparel,Desktop,Credit Card,Referral,0,3.5,0,6,0,0
C06057,United States,18,Male,Gold,3/7/2025,8,240,30.23,76,Travel & Luggage,Mobile,Credit Card,Organic Search,1,3.9,0,0,0,0
C06058,Canada,24,Male,Free,10/24/2021,5,1475.72,291.5,62,Clothing & Apparel,Desktop,Debit Card,Social Media,0,4.6,0,3,1,0
C06059,Mexico,37,Female,Gold,2/2/2026,25,1249.3,55.38,17,Home & Kitchen,Desktop,Debit Card,Social Media,7,4.2,2,3,1,0
C06060,Brazil,18,Female,Platinum,12/27/2024,3,718.1,222.14,266,Toys & Games,Mobile,Credit Card,Organic Search,0,4.3,0,1,0,0
C06061,Germany,49,Male,Free,4/19/2019,25,2286.62,81.38,4,Beauty & Personal Care,Desktop,Debit Card,Direct,4,3.6,2,5,1,0
C06062,United States,18,Female,Silver,10/27/2024,14,341.05,25.7,3,Toys & Games,Desktop,Debit Card,Referral,2,4.1,1,5,1,0
C06063,India,34,Male,Gold,11/26/2025,20,1542.2,71.85,22,Pet Supplies,Tablet,Bank Transfer,Organic Search,2,3.3,1,1,1,0
C06064,United States,34,Male,Platinum,1/22/2026,13,673.25,58.81,15,Jewelry & Accessories,Mobile,PayPal,Organic Search,4,4.2,0,2,0,0
C06065,Singapore,39,Female,Free,1/16/2025,18,322.97,18.61,83,Electronics,Desktop,UPI / Digital Wallet,Organic Search,2,4,2,0,1,0
C06066,France,38,Male,Gold,2/15/2025,63,7971.32,126.97,225,Electronics,Mobile,Cryptocurrency,Direct,22,4.7,9,1,1,0
C06067,France,39,Male,Free,7/5/2025,2,74.98,43.68,73,Electronics,Mobile,Bank Transfer,Paid Ad,0,4.5,0,0,0,0
C06068,United States,31,Female,Free,11/21/2025,21,2806.43,136.7,26,Automotive,Desktop,Debit Card,Social Media,7,3.9,0,8,1,0
C06069,Germany,28,Male,Silver,4/19/2024,26,2449.51,96.1,143,Electronics,Mobile,Debit Card,Referral,3,4.1,3,0,0,0
C06070,India,50,Female,Silver,9/9/2025,7,1309.62,169.44,37,Food & Grocery,Mobile,Bank Transfer,Paid Ad,2,4.3,0,13,1,0
C06071,United States,40,Male,Free,3/26/2025,31,2914.32,85.04,14,Home & Kitchen,Mobile,Credit Card,Social Media,6,4,1,19,1,0
C06072,Netherlands,27,Female,Free,8/8/2021,14,1878.59,149.88,10,Clothing & Apparel,Mobile,Buy Now Pay Later,Organic Search,5,4.8,1,6,1,0
C06073,United States,18,Male,Gold,1/4/2026,1,53.74,53.32,14,Home & Kitchen,Tablet,PayPal,Paid Ad,0,4.6,0,0,0,1
C06074,Germany,41,Female,Free,2/22/2025,12,905.98,70.45,48,Food & Grocery,Tablet,PayPal,Email Campaign,3,3.7,0,19,1,0
C06075,Australia,27,Female,Gold,12/31/2024,32,2915.7,97.17,10,Electronics,Mobile,PayPal,Paid Ad,5,3.3,2,1,1,0
C06076,Germany,47,Male,Free,8/10/2025,55,1040.22,21.99,92,Jewelry & Accessories,Mobile,PayPal,Organic Search,20,4.6,6,5,0,0
C06077,United States,39,Female,Silver,12/21/2025,52,4741.72,104.23,3,Clothing & Apparel,Mobile,Credit Card,Direct,7,3.7,3,3,0,0
C06078,Canada,45,Female,Silver,12/9/2016,38,2778.42,68.3,38,Health & Wellness,Mobile,Debit Card,Organic Search,2,4.1,5,4,0,0
C06079,Germany,34,Female,Free,12/9/2023,1,65.17,65.28,10,Clothing & Apparel,Tablet,Cryptocurrency,Organic Search,0,3.3,0,9,0,0
C06080,Mexico,57,Female,Silver,8/1/2025,2,137.43,77.9,45,Beauty & Personal Care,Mobile,Debit Card,Social Media,0,4.4,0,3,1,0
C06081,United States,18,Female,Gold,7/30/2024,74,7550.39,105.53,139,Sports & Outdoors,Desktop,Credit Card,Email Campaign,3,4.2,8,1,0,0
C06082,United States,26,Male,Silver,4/15/2025,28,4825.51,185.11,12,Jewelry & Accessories,Mobile,PayPal,Social Media,3,4.2,2,0,1,0
C06083,United States,47,Male,Free,5/14/2023,3,272.32,89.11,46,Travel & Luggage,Desktop,Credit Card,Direct,1,4,0,0,1,1
C06084,United Kingdom,18,Male,Platinum,2/21/2026,45,15297.86,354.74,29,Home & Kitchen,Mobile,UPI / Digital Wallet,Paid Ad,16,3.8,5,12,1,0
C06085,Japan,43,Female,Free,1/11/2021,35,1997.08,62.73,13,Clothing & Apparel,Mobile,Bank Transfer,Referral,3,4.1,3,0,0,0
C06086,India,36,Female,Free,3/8/2025,5,137.96,30.46,68,Electronics,Mobile,Credit Card,Paid Ad,1,3.9,0,4,1,0
C06087,Canada,43,Female,Free,5/7/2025,10,3760.76,328.91,17,Clothing & Apparel,Mobile,UPI / Digital Wallet,Referral,1,4.1,0,3,0,0
C06088,Turkey,40,Male,Platinum,3/21/2025,2,132.89,58.27,97,Health & Wellness,Tablet,Credit Card,Social Media,0,4.5,0,1,0,0
C06089,India,45,Male,Free,6/16/2024,1,61.68,59.76,105,Automotive,Mobile,PayPal,Email Campaign,0,4.5,0,0,1,0
C06090,United States,34,Female,Platinum,3/11/2025,3,159.61,48.85,15,Home & Kitchen,Mobile,PayPal,Email Campaign,0,3.5,0,2,1,1
C06091,United States,23,Female,Free,10/20/2021,17,1615.34,110.53,33,Clothing & Apparel,Tablet,Cryptocurrency,Paid Ad,2,4.7,2,0,1,0
C06092,India,39,Male,Free,12/23/2024,58,3078.66,54.22,142,Automotive,Mobile,Credit Card,Paid Ad,5,4.2,0,0,0,0
C06093,Canada,18,Male,Free,3/30/2025,37,5871.97,171.5,17,Food & Grocery,Tablet,PayPal,Organic Search,5,4.6,0,0,1,0
C06094,United States,42,Female,Free,2/17/2026,14,688.43,44.45,117,Toys & Games,Desktop,Credit Card,Organic Search,2,4.3,0,0,0,0
C06095,Singapore,36,Male,Gold,4/2/2024,64,1503.28,25.42,175,Electronics,Desktop,Debit Card,Social Media,10,4.5,5,2,1,0
C06096,South Korea,35,Male,Silver,6/24/2025,10,70.53,8.1,32,Travel & Luggage,Mobile,PayPal,Organic Search,3,4.4,0,6,0,0
C06097,Canada,34,Female,Silver,3/10/2026,35,6580.09,169.89,11,Electronics,Tablet,UPI / Digital Wallet,Email Campaign,6,3.2,3,2,0,0
C06098,Germany,35,Male,Free,5/14/2024,33,2591.03,91.22,19,Office Supplies,Mobile,Credit Card,Email Campaign,2,3.9,1,3,1,0
C06099,Germany,31,Female,Free,12/28/2023,12,839.21,79.75,54,Toys & Games,Mobile,Credit Card,Email Campaign,0,4.4,0,3,0,0
C06100,France,47,Female,Silver,2/13/2026,7,156.71,24.79,198,Books,Mobile,Buy Now Pay Later,Social Media,0,4.7,1,5,1,1
C06101,Spain,26,Female,Silver,1/13/2023,5,755.95,155.15,67,Clothing & Apparel,Desktop,Credit Card,Direct,1,4.1,0,2,0,1
C06102,United States,21,Male,Gold,8/9/2025,22,2306.21,105.43,40,Electronics,Desktop,UPI / Digital Wallet,Organic Search,2,4.4,2,2,1,0
C06103,United States,34,Female,Gold,4/17/2025,36,879.29,26.32,8,Food & Grocery,Mobile,Debit Card,Organic Search,11,3.4,0,2,1,0
C06104,United States,23,Female,Silver,4/8/2025,30,637.94,22.58,56,Sports & Outdoors,Mobile,Credit Card,Social Media,6,2.9,3,5,1,0
C06105,United States,48,Other,Platinum,3/16/2026,11,1072.85,87.05,418,Clothing & Apparel,Desktop,Credit Card,Email Campaign,2,4.7,1,9,1,0
C06106,Spain,35,Male,Silver,12/11/2025,12,296.57,23.54,68,Electronics,Desktop,Credit Card,Paid Ad,3,4.2,1,2,1,0
C06107,South Africa,27,Male,Free,3/2/2026,10,171.78,18.3,8,Toys & Games,Mobile,PayPal,Paid Ad,3,3.5,0,4,1,0
C06108,United States,37,Male,Silver,2/3/2025,52,3048.85,55.07,100,Clothing & Apparel,Desktop,Debit Card,Email Campaign,13,4.1,1,2,0,0
C06109,Brazil,55,Female,Silver,12/30/2025,4,897.43,217.19,2,Sports & Outdoors,Desktop,Debit Card,Organic Search,0,4.4,0,11,1,0
C06110,United States,43,Male,Platinum,5/22/2024,8,2155.68,301.1,12,Clothing & Apparel,Mobile,PayPal,Social Media,1,4.5,0,4,1,0
C06111,Brazil,44,Male,Free,4/23/2020,35,2129.24,70.75,104,Home & Kitchen,Mobile,UPI / Digital Wallet,Email Campaign,10,4.2,4,3,0,0
C06112,Brazil,45,Male,Gold,7/20/2025,16,702.51,40.53,4,Electronics,Desktop,Credit Card,Organic Search,6,3.7,0,14,0,0
C06113,Sweden,45,Other,Silver,10/25/2014,23,2196.39,105.57,47,Jewelry & Accessories,Desktop,PayPal,Social Media,3,4.4,2,4,1,0
C06114,Japan,37,Male,Free,7/14/2025,15,423.46,25.95,112,Toys & Games,Desktop,Credit Card,Paid Ad,0,4.4,1,5,0,1
C06115,Poland,21,Female,Silver,1/2/2026,23,1409.65,66.94,9,Clothing & Apparel,Desktop,Credit Card,Organic Search,2,4.1,1,0,1,0
C06116,Brazil,30,Male,Free,11/18/2025,8,154.77,21.02,3,Electronics,Mobile,Debit Card,Organic Search,0,3.4,0,5,1,0
C06117,United States,34,Female,Silver,8/21/2023,2,68.92,35.96,4,Food & Grocery,Desktop,PayPal,Social Media,0,4.4,0,1,0,0
C06118,Brazil,18,Male,Gold,5/31/2025,25,1367.51,60.73,12,Clothing & Apparel,Mobile,Cryptocurrency,Organic Search,7,4.4,1,10,1,0
C06119,France,30,Female,Platinum,10/21/2025,1,164.88,169.38,18,Home & Kitchen,Mobile,Debit Card,Organic Search,0,4.3,0,5,1,0
C06120,United States,24,Female,Gold,4/30/2024,12,1020.72,75.93,91,Electronics,Mobile,Bank Transfer,Paid Ad,2,4.4,0,0,1,1
C06121,Mexico,40,Female,Free,11/9/2024,23,1918.44,84.81,3,Travel & Luggage,Mobile,PayPal,Organic Search,4,4.3,0,11,0,0
C06122,Germany,48,Female,Free,4/24/2021,36,3621.43,105.15,61,Sports & Outdoors,Mobile,Debit Card,Social Media,2,4.2,2,2,0,0
C06123,South Korea,25,Male,Gold,11/3/2023,35,3753.37,123.1,121,Electronics,Mobile,UPI / Digital Wallet,Paid Ad,3,4.6,2,2,0,0
C06124,United States,22,Male,Free,8/24/2025,28,2132.06,72.46,23,Clothing & Apparel,Mobile,PayPal,Paid Ad,1,4.6,1,5,0,0
C06125,Germany,40,Male,Free,2/4/2022,8,862.28,97.07,2,Clothing & Apparel,Desktop,Debit Card,Organic Search,2,4,0,0,0,0
C06126,France,43,Male,Platinum,9/28/2024,17,3701.8,199.23,17,Sports & Outdoors,Mobile,Debit Card,Paid Ad,3,3,2,7,0,0
C06127,Germany,40,Male,Gold,8/14/2022,22,1338.98,56.04,2,Health & Wellness,Mobile,PayPal,Organic Search,2,4.6,0,0,1,0
C06128,Turkey,48,Female,Free,10/31/2018,4,80.74,23.24,148,Toys & Games,Mobile,Credit Card,Direct,1,4,0,0,0,0
C06129,United States,37,Male,Free,10/30/2025,45,2594.16,52.61,115,Electronics,Mobile,Debit Card,Social Media,14,4.6,3,0,0,0
C06130,Brazil,39,Female,Free,10/24/2024,6,45.57,8.29,21,Clothing & Apparel,Tablet,Credit Card,Email Campaign,2,4,0,1,0,0
C06131,United States,40,Female,Free,5/22/2024,40,2262.57,55.57,63,Health & Wellness,Desktop,Buy Now Pay Later,Paid Ad,10,4.7,4,2,1,0
C06132,India,47,Female,Free,5/3/2024,21,1272.24,57.81,74,Electronics,Desktop,Debit Card,Social Media,5,4.6,0,1,1,0
C06133,Brazil,27,Female,Free,12/10/2023,16,459.78,26.46,10,Books,Mobile,Credit Card,Organic Search,0,2.8,1,2,0,0
C06134,Canada,26,Male,Platinum,5/8/2021,3,270.63,87.43,41,Toys & Games,Mobile,Credit Card,Direct,0,4.2,0,7,1,1
C06135,United Kingdom,35,Other,Silver,8/22/2021,7,1049.82,130.95,25,Jewelry & Accessories,Desktop,Credit Card,Email Campaign,2,4.2,0,5,0,0
C06136,United Kingdom,53,Male,Silver,6/6/2022,7,113.53,15.15,140,Sports & Outdoors,Mobile,Debit Card,Organic Search,2,3.8,0,4,1,0
C06137,Brazil,33,Female,Silver,3/20/2026,7,465.82,73.65,8,Home & Kitchen,Mobile,PayPal,Email Campaign,2,4.2,0,2,1,0
C06138,Netherlands,43,Male,Gold,12/14/2024,36,1173.08,30.29,22,Home & Kitchen,Mobile,Debit Card,Social Media,3,3.9,2,11,0,0
C06139,United States,58,Male,Silver,3/26/2023,7,761.01,125.6,166,Health & Wellness,Mobile,Credit Card,Email Campaign,2,4.4,0,2,1,0
C06140,Brazil,32,Female,Gold,8/21/2024,10,222.43,22.74,23,Electronics,Mobile,Debit Card,Organic Search,0,4.1,0,3,1,0
C06141,France,22,Male,Platinum,7/26/2025,27,13500.15,489.09,162,Office Supplies,Desktop,Debit Card,Social Media,1,4.5,2,1,1,0
C06142,France,52,Female,Gold,10/17/2025,21,3485.83,165.55,178,Beauty & Personal Care,Desktop,PayPal,Social Media,2,3.4,0,3,1,0
C06143,France,28,Male,Free,6/25/2024,59,1235.25,19.68,70,Office Supplies,Desktop,Bank Transfer,Social Media,18,4.5,8,2,1,0
C06144,France,33,Female,Free,1/12/2025,5,318.03,61.78,121,Home & Kitchen,Mobile,Credit Card,Paid Ad,1,4.1,0,0,1,0
C06145,Poland,32,Female,Free,5/9/2025,57,1303.04,26.06,0,Electronics,Tablet,Credit Card,Paid Ad,9,4.4,3,14,0,0
C06146,Australia,45,Male,Free,5/11/2024,5,466.66,82.35,27,Books,Tablet,Credit Card,Social Media,0,4.2,0,14,1,0
C06147,Italy,27,Female,Free,3/17/2025,4,380.27,83.24,29,Books,Mobile,Credit Card,Organic Search,0,4.1,0,2,1,0
C06148,United States,29,Female,Free,4/1/2026,2,131.86,59.77,145,Electronics,Desktop,Credit Card,Paid Ad,0,3.5,0,8,1,1
C06149,United Kingdom,36,Female,Gold,6/8/2020,15,2563.28,180.77,69,Toys & Games,Mobile,PayPal,Email Campaign,2,4.3,0,6,1,0
C06150,United Kingdom,37,Female,Free,5/31/2024,3,267.99,97.56,4,Books,Mobile,Credit Card,Organic Search,0,4.1,0,4,1,0
C06151,Germany,47,Female,Free,3/30/2022,15,807.38,56.84,6,Health & Wellness,Mobile,Credit Card,Organic Search,3,5,1,0,1,1
C06152,Mexico,37,Female,Platinum,9/14/2023,5,1816.39,421.92,34,Books,Mobile,Credit Card,Direct,1,4.2,0,2,1,0
C06153,Singapore,37,Female,Gold,1/17/2024,9,936.39,116.67,121,Books,Mobile,Debit Card,Social Media,1,3.8,0,1,1,0
C06154,Mexico,28,Female,Free,2/5/2026,16,917.3,57.72,4,Food & Grocery,Desktop,Bank Transfer,Paid Ad,5,4.4,2,0,1,0
C06155,Canada,18,Female,Free,6/8/2024,20,684.76,33.79,48,Beauty & Personal Care,Mobile,Debit Card,Direct,3,4.2,2,12,0,0
C06156,United States,18,Male,Silver,7/22/2025,17,1391.24,78.19,153,Automotive,Desktop,PayPal,Organic Search,5,4.5,0,0,1,0
C06157,Italy,45,Female,Gold,12/21/2025,21,3278.17,139.48,31,Jewelry & Accessories,Mobile,PayPal,Social Media,3,4,2,2,1,0
C06158,United Kingdom,23,Male,Free,1/21/2025,11,2064.52,166.58,146,Health & Wellness,Mobile,Credit Card,Referral,4,4.2,0,0,1,0
C06159,South Korea,24,Female,Free,9/1/2023,10,443.79,52.19,111,Clothing & Apparel,Mobile,PayPal,Referral,0,4.6,1,8,0,0
C06160,Poland,26,Female,Free,6/27/2025,11,379.91,33.12,45,Electronics,Mobile,Credit Card,Referral,3,4.8,1,4,0,0
C06161,Germany,45,Male,Silver,9/12/2024,43,746.26,18.42,42,Electronics,Mobile,Debit Card,Organic Search,7,3.6,4,1,1,0
C06162,Netherlands,33,Female,Platinum,9/20/2025,28,7409.57,270.11,71,Home & Kitchen,Mobile,Cryptocurrency,Organic Search,8,4.1,1,12,1,0
C06163,United Kingdom,43,Female,Free,7/3/2025,35,6234.09,156.45,11,Clothing & Apparel,Desktop,Debit Card,Social Media,3,4,1,1,1,0
C06164,Canada,60,Male,Free,5/30/2022,16,1999.81,123.24,17,Health & Wellness,Tablet,UPI / Digital Wallet,Social Media,1,4,0,3,1,0
C06165,Canada,31,Female,Free,3/22/2026,2,28.26,15.6,0,Home & Kitchen,Tablet,Debit Card,Paid Ad,0,4.8,0,6,0,0
C06166,United States,49,Male,Free,4/8/2022,30,1429.04,52.44,87,Beauty & Personal Care,Mobile,Cryptocurrency,Paid Ad,5,3.3,4,4,0,0
C06167,Italy,29,Male,Free,7/14/2025,6,162.29,27.5,11,Travel & Luggage,Mobile,Debit Card,Direct,1,3.3,0,0,1,0
C06168,Germany,68,Female,Free,9/23/2025,6,211.26,32.16,71,Travel & Luggage,Mobile,PayPal,Social Media,0,3.6,0,11,1,0
C06169,South Africa,33,Female,Free,1/17/2026,16,995.41,66.04,6,Sports & Outdoors,Mobile,Buy Now Pay Later,Social Media,4,4.5,2,6,1,0
C06170,United States,26,Male,Free,3/17/2023,18,2393.64,132.84,27,Electronics,Desktop,Buy Now Pay Later,Organic Search,2,4.6,0,1,1,0
C06171,Australia,39,Female,Free,10/7/2023,33,1868.14,57.55,18,Electronics,Desktop,PayPal,Organic Search,3,4.4,0,8,1,0
C06172,Mexico,34,Female,Free,12/27/2024,12,471.72,34.39,11,Beauty & Personal Care,Desktop,PayPal,Paid Ad,2,4.5,1,2,0,0
C06173,United States,47,Male,Free,2/24/2026,8,486.59,56.44,204,Toys & Games,Mobile,UPI / Digital Wallet,Referral,2,4.7,1,0,1,0
C06174,France,32,Male,Gold,12/21/2023,1,193,198.2,82,Books,Desktop,Credit Card,Referral,0,4,0,3,1,0
C06175,France,28,Male,Free,8/6/2022,24,1898.64,78.9,59,Electronics,Tablet,Debit Card,Organic Search,5,3.4,3,0,0,0
C06176,United Kingdom,36,Other,Free,8/7/2024,29,3790.63,119.49,15,Clothing & Apparel,Desktop,Credit Card,Paid Ad,6,5,2,1,1,0
C06177,United Kingdom,25,Male,Free,11/14/2021,16,883.44,55.43,48,Beauty & Personal Care,Mobile,PayPal,Paid Ad,4,4,0,4,1,0
C06178,Netherlands,19,Female,Free,11/7/2024,2,152.04,67.18,53,Beauty & Personal Care,Tablet,Bank Transfer,Social Media,0,3.5,0,1,0,0
C06179,Mexico,56,Female,Silver,3/16/2024,7,349.03,44.8,119,Toys & Games,Mobile,Debit Card,Referral,0,4.8,0,2,0,0
C06180,India,50,Other,Free,9/20/2024,1,31.36,31.04,22,Toys & Games,Mobile,PayPal,Paid Ad,0,3.4,0,4,1,0
C06181,Japan,48,Female,Gold,2/19/2026,6,533.87,79.13,49,Home & Kitchen,Mobile,Debit Card,Email Campaign,0,4.5,0,0,1,0
C06182,United States,46,Female,Gold,12/5/2024,17,646.15,34.42,100,Travel & Luggage,Mobile,PayPal,Email Campaign,1,4.6,2,11,1,0
C06183,Australia,32,Male,Silver,10/2/2025,8,342.34,37.6,201,Health & Wellness,Tablet,UPI / Digital Wallet,Paid Ad,0,4.7,1,0,1,0
C06184,United States,36,Female,Free,5/4/2025,29,2705.63,82.21,3,Pet Supplies,Desktop,Debit Card,Email Campaign,3,2.9,1,8,0,0
C06185,France,35,Female,Silver,2/5/2025,8,837.44,106.56,4,Automotive,Desktop,Credit Card,Social Media,3,4.1,0,5,0,0
C06186,South Korea,48,Male,Gold,2/16/2026,13,2791.51,203.66,1,Sports & Outdoors,Mobile,Debit Card,Paid Ad,2,3.7,0,9,1,0
C06187,UAE,35,Male,Free,11/11/2024,35,4089.09,121.43,9,Food & Grocery,Mobile,Credit Card,Email Campaign,5,3.4,3,2,0,0
C06188,Brazil,42,Female,Free,2/12/2026,25,1310.99,53.54,61,Electronics,Desktop,Credit Card,Direct,9,3.8,0,7,1,0
C06189,Mexico,18,Male,Free,10/25/2024,5,429.76,76.79,37,Office Supplies,Tablet,Credit Card,Direct,0,3.9,0,4,1,0
C06190,United States,34,Male,Free,9/20/2025,25,1807.28,70.24,15,Home & Kitchen,Desktop,Debit Card,Organic Search,6,4.6,0,23,1,0
C06191,United States,38,Male,Free,9/19/2025,18,838.65,44.35,10,Pet Supplies,Desktop,Credit Card,Social Media,6,4.7,1,1,1,0
C06192,United Kingdom,40,Male,Free,8/29/2024,3,89.75,34.75,11,Home & Kitchen,Mobile,PayPal,Social Media,0,4.2,0,4,1,0
C06193,United Kingdom,25,Male,Silver,9/19/2024,15,401.55,27.27,3,Electronics,Desktop,Buy Now Pay Later,Direct,1,3.9,0,2,0,0
C06194,Mexico,25,Male,Free,8/12/2025,19,535.81,24.76,52,Books,Mobile,Debit Card,Paid Ad,2,4.3,1,3,1,0
C06195,France,57,Male,Free,11/21/2022,21,4929.11,234.16,7,Electronics,Mobile,Debit Card,Social Media,4,4.9,1,8,0,0
C06196,Canada,37,Female,Free,7/13/2024,2,113.57,54.01,29,Toys & Games,Tablet,Credit Card,Direct,0,3.5,0,9,1,0
C06197,United States,31,Male,Free,1/14/2025,29,2754.13,102.13,4,Sports & Outdoors,Mobile,Credit Card,Email Campaign,2,4.4,0,17,1,0
C06198,India,22,Male,Silver,2/14/2024,30,1537.52,45.12,98,Toys & Games,Desktop,Buy Now Pay Later,Organic Search,7,4,3,11,1,0
C06199,France,38,Male,Free,7/10/2024,22,2525.51,117.67,0,Office Supplies,Desktop,Credit Card,Direct,6,4.4,0,1,0,0
C06200,France,27,Female,Free,4/20/2024,6,664.31,100.08,0,Jewelry & Accessories,Mobile,Credit Card,Social Media,0,3.3,0,0,0,0
C06201,Sweden,30,Male,Free,4/12/2024,10,560.99,56.62,8,Beauty & Personal Care,Mobile,Debit Card,Email Campaign,3,4.5,0,0,0,0
C06202,United Kingdom,34,Male,Platinum,9/29/2025,1,232.24,262.4,32,Clothing & Apparel,Desktop,Credit Card,Organic Search,0,4.1,0,1,1,0
C06203,Spain,35,Male,Free,2/2/2025,48,15800.44,347,82,Home & Kitchen,Desktop,Debit Card,Direct,4,3.3,1,7,0,1
C06204,Italy,37,Female,Silver,5/26/2025,25,742.68,28.34,175,Electronics,Mobile,Credit Card,Social Media,4,3.8,0,0,0,0
C06205,Japan,33,Male,Free,1/28/2026,9,1300.14,126.01,1,Beauty & Personal Care,Tablet,UPI / Digital Wallet,Social Media,2,4.3,0,0,0,0
C06206,United States,66,Female,Free,5/26/2023,6,978.55,176.11,24,Automotive,Mobile,Credit Card,Paid Ad,1,3.8,0,1,0,0
C06207,United States,51,Female,Free,7/6/2025,1,30.2,35.33,137,Beauty & Personal Care,Desktop,Credit Card,Paid Ad,0,3.9,0,5,1,1
C06208,India,62,Male,Silver,12/27/2020,7,639.68,79.67,71,Electronics,Mobile,Credit Card,Direct,0,3.6,1,1,1,0
C06209,United States,29,Male,Silver,10/22/2020,11,1745.69,140.23,36,Books,Tablet,Buy Now Pay Later,Direct,2,3.5,0,4,1,0
C06210,United States,34,Female,Silver,3/4/2025,19,1253.66,65.39,98,Health & Wellness,Mobile,Credit Card,Social Media,4,2.8,0,6,0,1
C06211,Canada,35,Male,Free,1/23/2026,8,198.18,23.45,16,Health & Wellness,Desktop,Credit Card,Social Media,1,4.2,1,4,1,0
C06212,Canada,52,Other,Free,6/5/2025,15,490.41,32.87,82,Electronics,Tablet,Credit Card,Social Media,2,4.5,1,7,1,0
C06213,Japan,32,Male,Free,5/5/2024,20,2287.48,109.17,10,Home & Kitchen,Mobile,PayPal,Organic Search,5,4.3,1,1,1,0
C06214,Canada,18,Female,Free,8/2/2025,4,161.28,43.46,4,Home & Kitchen,Mobile,Buy Now Pay Later,Social Media,0,3.6,0,7,0,0
C06215,Japan,27,Male,Silver,12/18/2023,12,243.98,19.72,45,Clothing & Apparel,Mobile,PayPal,Email Campaign,4,3.4,1,7,1,0
C06216,Brazil,45,Male,Free,9/1/2024,2,1937.82,993.7,22,Clothing & Apparel,Mobile,Credit Card,Direct,0,4,0,0,0,0
C06217,Japan,53,Female,Gold,11/27/2025,13,2457.49,182.01,52,Books,Desktop,Credit Card,Email Campaign,4,4.6,1,0,1,0
C06218,United States,21,Male,Free,7/14/2025,13,426.76,31.72,172,Health & Wellness,Mobile,UPI / Digital Wallet,Email Campaign,4,4.3,1,3,0,0
C06219,Singapore,42,Male,Free,1/17/2025,17,328.14,17.41,29,Office Supplies,Mobile,Credit Card,Organic Search,4,3.3,1,6,1,0
C06220,Canada,41,Male,Free,10/13/2022,13,2065.37,147.08,78,Electronics,Desktop,Credit Card,Organic Search,1,4.2,0,0,0,0
C06221,India,31,Female,Gold,12/3/2025,22,1220.97,51.39,7,Clothing & Apparel,Mobile,Buy Now Pay Later,Email Campaign,3,3.5,0,2,0,0
C06222,India,39,Male,Silver,5/23/2025,2,48.95,26.12,19,Sports & Outdoors,Mobile,UPI / Digital Wallet,Email Campaign,0,3.9,0,1,0,0
C06223,United States,44,Female,Free,1/22/2026,21,1668.92,77.37,68,Office Supplies,Tablet,Credit Card,Organic Search,5,4,2,9,0,0
C06224,United States,24,Female,Silver,11/27/2024,35,860.67,24.66,167,Pet Supplies,Desktop,Debit Card,Organic Search,6,4.5,2,10,1,0
C06225,Germany,41,Female,Gold,6/7/2025,10,1729.75,168.83,47,Electronics,Mobile,UPI / Digital Wallet,Direct,0,3.5,0,7,1,0
C06226,France,34,Female,Free,8/14/2024,13,740.74,62.22,1,Electronics,Desktop,Debit Card,Social Media,3,3.3,0,1,1,0
C06227,Netherlands,50,Female,Silver,11/13/2024,39,2935.87,67.95,87,Books,Desktop,Credit Card,Email Campaign,8,4.9,3,15,1,0
C06228,United States,42,Female,Free,7/9/2024,34,2227.65,74.68,317,Sports & Outdoors,Desktop,Debit Card,Direct,8,3.9,4,1,1,0
C06229,Brazil,37,Male,Free,12/5/2024,13,813.37,54.44,124,Sports & Outdoors,Desktop,UPI / Digital Wallet,Email Campaign,1,3.9,1,0,1,1
C06230,India,18,Male,Free,7/28/2025,45,1198.81,29.6,24,Toys & Games,Desktop,Credit Card,Paid Ad,14,3,2,0,0,0
C06231,Brazil,29,Female,Free,2/12/2025,15,151.94,10.15,3,Electronics,Tablet,PayPal,Direct,2,4.6,2,2,0,0
C06232,United States,27,Male,Gold,10/1/2024,9,941.29,108,93,Clothing & Apparel,Desktop,Credit Card,Social Media,3,4.1,0,3,1,1
C06233,United States,37,Female,Free,5/18/2024,8,616.76,73.58,49,Travel & Luggage,Desktop,PayPal,Organic Search,0,4.3,0,13,0,0
C06234,United States,43,Male,Free,3/7/2021,9,296.67,31.67,22,Home & Kitchen,Desktop,Debit Card,Organic Search,2,2.6,1,4,0,0
C06235,United Kingdom,27,Male,Silver,3/31/2026,26,794.65,27.74,55,Sports & Outdoors,Desktop,PayPal,Direct,8,4.4,3,6,1,0
C06236,Spain,30,Female,Free,10/11/2024,10,2490.97,269.23,3,Home & Kitchen,Tablet,UPI / Digital Wallet,Social Media,2,4.7,0,3,1,0
C06237,United Kingdom,23,Male,Free,3/23/2022,30,5778.43,172.01,319,Automotive,Desktop,Buy Now Pay Later,Social Media,6,4.5,3,5,1,0
C06238,UAE,32,Male,Free,2/1/2026,1,148.16,137.99,97,Food & Grocery,Mobile,Credit Card,Direct,0,3.4,0,1,1,0
C06239,United Kingdom,27,Female,Free,3/23/2025,1,106.55,96.65,8,Books,Mobile,Buy Now Pay Later,Direct,0,4.5,0,10,1,0
C06240,United States,19,Male,Free,3/21/2026,62,3492.94,65.38,40,Jewelry & Accessories,Mobile,Credit Card,Email Campaign,16,4,3,0,0,0
C06241,India,18,Female,Platinum,1/22/2026,3,259.76,82.72,33,Home & Kitchen,Desktop,PayPal,Social Media,0,3.7,0,0,1,0
C06242,Japan,31,Male,Free,10/30/2023,4,622.98,141.55,244,Beauty & Personal Care,Mobile,Debit Card,Paid Ad,1,4.2,0,2,0,1
C06243,Japan,39,Female,Free,9/6/2023,26,5177.62,174.89,131,Books,Mobile,Debit Card,Social Media,7,3.5,3,0,1,0
C06244,Australia,33,Female,Free,3/10/2026,1,51.43,48.12,45,Office Supplies,Desktop,Buy Now Pay Later,Social Media,0,4.5,0,16,1,1
C06245,Italy,32,Male,Silver,10/13/2025,7,145.53,23.09,25,Automotive,Mobile,Credit Card,Direct,1,3.6,0,2,0,0
C06246,United Kingdom,32,Male,Free,3/5/2026,1,91.97,84.42,15,Electronics,Mobile,UPI / Digital Wallet,Social Media,0,3.8,0,6,1,1
C06247,United States,52,Female,Free,3/22/2024,47,12411.9,275.1,14,Travel & Luggage,Mobile,UPI / Digital Wallet,Paid Ad,15,4.8,3,14,1,0
C06248,Germany,44,Male,Free,7/13/2018,12,1629.59,146.86,60,Clothing & Apparel,Mobile,Credit Card,Email Campaign,4,4.2,0,7,0,0
C06249,France,34,Male,Platinum,2/12/2026,17,4230.04,243.63,3,Office Supplies,Mobile,Debit Card,Organic Search,5,3.6,1,1,0,0
C06250,United States,44,Female,Gold,9/11/2023,49,2472.94,56.69,25,Books,Desktop,PayPal,Social Media,3,4.8,2,1,1,0
C06251,Australia,44,Female,Free,4/16/2021,6,359.21,67.02,36,Beauty & Personal Care,Mobile,Debit Card,Organic Search,2,4.5,0,0,1,0
C06252,India,49,Male,Free,8/30/2024,33,2028.24,68.4,126,Sports & Outdoors,Desktop,Debit Card,Organic Search,10,3.5,3,0,0,0
C06253,Spain,30,Female,Gold,12/27/2025,9,538.8,63.34,80,Food & Grocery,Mobile,Credit Card,Email Campaign,2,4.6,0,2,1,0
C06254,Japan,33,Male,Silver,12/6/2025,3,468.53,148.34,55,Clothing & Apparel,Desktop,PayPal,Direct,0,4,0,2,1,0
C06255,United States,21,Male,Free,7/31/2025,14,1544.39,106.39,35,Office Supplies,Mobile,Buy Now Pay Later,Organic Search,3,3.8,1,10,0,0
C06256,United States,20,Female,Free,8/10/2024,20,1974.94,101.75,21,Home & Kitchen,Mobile,Credit Card,Social Media,2,4.5,2,1,1,0
C06257,United States,41,Male,Free,12/19/2023,34,674.21,20.11,3,Home & Kitchen,Mobile,Debit Card,Social Media,9,3.1,4,1,1,0
C06258,United States,33,Male,Silver,5/25/2025,6,449.7,69.28,6,Books,Mobile,PayPal,Paid Ad,0,4.4,0,1,1,1
C06259,Brazil,52,Male,Free,3/26/2023,18,2883.32,174.38,95,Clothing & Apparel,Desktop,Debit Card,Social Media,4,3.7,1,1,1,0
C06260,United States,50,Male,Gold,1/20/2026,3,192.87,57.11,12,Office Supplies,Mobile,Cryptocurrency,Paid Ad,0,3.8,0,6,0,0
C06261,Italy,34,Female,Silver,5/13/2024,10,371.64,41.36,36,Home & Kitchen,Tablet,Credit Card,Email Campaign,2,3.3,0,0,1,0
C06262,India,20,Female,Free,3/30/2026,1,48.36,44.71,162,Sports & Outdoors,Mobile,Debit Card,Direct,0,4.5,0,16,1,0
C06263,United States,40,Male,Free,6/5/2024,64,1078.06,19.01,0,Books,Mobile,Credit Card,Email Campaign,24,4,4,12,0,0
C06264,Germany,28,Other,Silver,12/27/2025,3,239.34,72.5,118,Sports & Outdoors,Mobile,Credit Card,Social Media,0,4.8,0,2,1,0
C06265,Singapore,29,Male,Gold,6/9/2025,2,41.74,20.14,113,Pet Supplies,Mobile,PayPal,Organic Search,0,4.6,0,7,1,1
C06266,Canada,23,Female,Free,3/26/2025,6,401.91,62.98,53,Office Supplies,Mobile,Credit Card,Paid Ad,0,4.8,0,3,0,0
C06267,United States,25,Female,Gold,2/4/2026,15,1570.86,107.75,116,Clothing & Apparel,Mobile,Credit Card,Email Campaign,4,4.7,0,2,1,0
C06268,United States,31,Male,Free,3/18/2026,3,30.88,9.13,49,Pet Supplies,Tablet,Debit Card,Paid Ad,0,4.6,0,5,1,0
C06269,United States,34,Female,Silver,1/18/2025,10,943.19,83.93,86,Home & Kitchen,Mobile,Debit Card,Paid Ad,1,3.8,1,10,1,0
C06270,Canada,28,Female,Free,2/8/2026,25,1391.75,53.69,30,Electronics,Desktop,PayPal,Email Campaign,6,3.1,0,22,1,0
C06271,Poland,28,Female,Free,5/8/2025,17,1527.05,88.82,10,Clothing & Apparel,Tablet,UPI / Digital Wallet,Social Media,2,3,1,7,1,0
C06272,United Kingdom,51,Female,Free,7/15/2021,2,101.93,59.35,38,Home & Kitchen,Desktop,Bank Transfer,Social Media,0,4.1,0,1,1,0
C06273,United Kingdom,23,Other,Gold,2/9/2025,23,333.29,16.52,88,Electronics,Mobile,UPI / Digital Wallet,Email Campaign,3,4.7,3,1,1,0
C06274,United States,27,Female,Free,8/20/2025,9,564.48,58.86,12,Automotive,Desktop,PayPal,Direct,3,4.3,0,0,1,0
C06275,United Kingdom,40,Male,Free,7/13/2025,48,4469.84,88.02,122,Home & Kitchen,Mobile,PayPal,Referral,3,4.2,6,5,1,0
C06276,United States,50,Female,Silver,1/4/2026,18,286.78,14.35,1,Electronics,Desktop,Credit Card,Social Media,6,4.5,2,5,0,0
C06277,United Kingdom,22,Male,Gold,4/16/2025,3,234.56,86.2,72,Health & Wellness,Tablet,Credit Card,Organic Search,1,4.1,0,3,1,0
C06278,United States,32,Female,Gold,12/10/2022,2,135.12,69.41,43,Travel & Luggage,Tablet,Credit Card,Email Campaign,0,5,0,0,0,0
C06279,United States,39,Female,Silver,10/17/2025,24,1092.1,51.95,1,Clothing & Apparel,Desktop,Credit Card,Referral,6,4.3,2,3,0,0
C06280,United States,28,Male,Silver,12/5/2024,12,956.46,77.2,90,Books,Desktop,Credit Card,Direct,2,4.8,1,1,0,0
C06281,India,37,Other,Free,8/2/2022,22,943.79,47.21,7,Food & Grocery,Desktop,PayPal,Direct,5,4.2,1,1,1,0
C06282,United States,36,Female,Gold,2/11/2026,13,725.76,58.45,52,Home & Kitchen,Mobile,Bank Transfer,Organic Search,4,4.8,0,6,1,0
C06283,Australia,26,Male,Silver,4/11/2021,39,2781.22,66.05,56,Toys & Games,Mobile,UPI / Digital Wallet,Paid Ad,14,4.6,5,3,1,0
C06284,Australia,41,Female,Free,10/13/2024,8,704.34,100.44,88,Food & Grocery,Mobile,Debit Card,Social Media,1,3.5,0,5,1,0
C06285,United States,26,Male,Free,5/10/2023,12,374.31,29.09,46,Clothing & Apparel,Mobile,Credit Card,Organic Search,4,4.8,1,6,0,0
C06286,Italy,41,Female,Free,12/18/2025,5,255.86,51.83,207,Health & Wellness,Mobile,Credit Card,Social Media,0,4.4,0,7,1,1
C06287,France,41,Female,Free,1/27/2025,24,3807.94,174.16,77,Health & Wellness,Mobile,Buy Now Pay Later,Organic Search,5,4.1,1,1,1,0
C06288,France,32,Female,Free,1/1/2026,48,5961.87,117.69,72,Electronics,Tablet,Credit Card,Paid Ad,5,3.8,5,3,1,0
C06289,United States,22,Male,Platinum,2/7/2023,37,12941.65,307.46,2,Toys & Games,Mobile,Buy Now Pay Later,Organic Search,2,4.6,4,3,0,0
C06290,Canada,20,Male,Platinum,3/18/2025,17,1511.04,80.46,17,Clothing & Apparel,Mobile,UPI / Digital Wallet,Paid Ad,4,3.8,0,3,0,0
C06291,United States,51,Male,Free,2/8/2025,10,1409.54,151.64,156,Clothing & Apparel,Mobile,Credit Card,Social Media,2,3.7,0,7,1,0
C06292,Brazil,28,Other,Free,11/14/2025,6,461.79,74.39,45,Clothing & Apparel,Mobile,PayPal,Referral,1,3.8,0,3,0,0
C06293,United States,44,Male,Free,10/28/2019,22,596.27,30.53,77,Office Supplies,Mobile,Credit Card,Organic Search,8,4.8,2,0,1,0
C06294,India,41,Male,Silver,6/23/2025,34,1877.74,57.07,101,Clothing & Apparel,Mobile,Credit Card,Organic Search,5,4.4,4,5,1,0
C06295,Canada,18,Male,Free,6/5/2023,22,1457.45,63.66,0,Electronics,Desktop,Credit Card,Email Campaign,2,3.4,1,8,1,0
C06296,Canada,34,Male,Free,2/8/2026,5,534.04,97.88,120,Clothing & Apparel,Mobile,Credit Card,Organic Search,0,4.7,0,4,1,0
C06297,India,54,Male,Free,5/31/2025,1,193.93,192.94,9,Food & Grocery,Tablet,Cryptocurrency,Email Campaign,0,4.4,0,1,1,0
C06298,India,39,Male,Free,11/21/2025,2,190.52,90.33,48,Home & Kitchen,Mobile,Debit Card,Organic Search,0,4.5,0,0,1,0
C06299,Australia,47,Female,Platinum,1/9/2025,4,2343.17,558.08,86,Electronics,Desktop,PayPal,Social Media,0,5,0,7,1,0
C06300,United States,30,Male,Silver,1/6/2024,9,650.99,67.67,9,Clothing & Apparel,Desktop,Credit Card,Social Media,3,4.4,0,10,1,1
C06301,United States,35,Female,Platinum,2/17/2024,25,4757.41,183.86,47,Automotive,Mobile,PayPal,Organic Search,6,4.9,2,0,1,0
C06302,Mexico,18,Male,Platinum,3/2/2025,9,1105.7,121.82,9,Beauty & Personal Care,Mobile,Debit Card,Email Campaign,2,4.5,1,0,0,0
C06303,Canada,19,Male,Gold,9/10/2023,5,141.32,24.86,12,Beauty & Personal Care,Mobile,Credit Card,Organic Search,1,4.7,0,7,0,0
C06304,India,28,Female,Platinum,12/14/2025,5,740.91,137.44,33,Beauty & Personal Care,Desktop,PayPal,Direct,0,4.2,0,7,1,0
C06305,Mexico,34,Female,Platinum,11/2/2023,10,1501.19,154.09,335,Electronics,Desktop,UPI / Digital Wallet,Referral,1,4,0,3,1,1
C06306,Canada,41,Male,Silver,3/2/2025,35,2865.58,79.66,64,Books,Tablet,Debit Card,Email Campaign,8,4.2,0,0,0,0
C06307,United States,64,Male,Platinum,3/1/2026,26,15536.43,605.82,28,Electronics,Tablet,Credit Card,Organic Search,2,3.9,3,6,1,0
C06308,Brazil,18,Female,Gold,8/5/2025,46,6765.76,161.72,9,Beauty & Personal Care,Mobile,Credit Card,Social Media,6,4.9,5,1,1,0
C06309,UAE,26,Male,Free,5/21/2024,25,1352.66,54.53,38,Home & Kitchen,Desktop,UPI / Digital Wallet,Email Campaign,6,4.5,3,0,0,0
C06310,Canada,31,Female,Free,7/23/2025,8,1046.48,120.03,25,Books,Mobile,Credit Card,Organic Search,2,4.2,0,3,0,0
C06311,Japan,58,Male,Free,6/16/2024,8,869.96,94.92,74,Electronics,Tablet,UPI / Digital Wallet,Email Campaign,1,4.9,0,6,1,1
C06312,South Africa,43,Female,Free,10/30/2024,6,352.34,67.96,128,Electronics,Tablet,UPI / Digital Wallet,Email Campaign,1,4.3,0,8,1,0
C06313,United States,70,Male,Gold,5/1/2023,8,543.95,75.44,104,Beauty & Personal Care,Tablet,Credit Card,Organic Search,1,4.1,0,3,0,0
C06314,United States,20,Female,Free,1/3/2026,10,663.91,73.32,162,Books,Desktop,PayPal,Organic Search,3,4.1,1,12,0,1
C06315,United States,48,Male,Free,11/6/2024,34,3150.54,81.65,56,Home & Kitchen,Desktop,Credit Card,Social Media,6,4.5,0,0,1,0
C06316,Germany,18,Female,Free,2/28/2024,8,580.3,67.9,129,Pet Supplies,Desktop,Credit Card,Email Campaign,1,4.4,0,2,1,0
C06317,Italy,31,Male,Free,11/18/2021,1,43.9,48.62,96,Toys & Games,Mobile,UPI / Digital Wallet,Social Media,0,4.3,0,9,0,0
C06318,Canada,35,Male,Free,3/28/2026,27,3021.04,120.3,158,Electronics,Mobile,PayPal,Referral,6,4.5,3,3,1,0
C06319,Germany,35,Female,Free,3/26/2023,3,214.2,82.39,61,Books,Mobile,Credit Card,Social Media,0,4.4,0,13,1,0
C06320,United States,32,Other,Gold,4/13/2025,41,3515.93,99.52,46,Books,Mobile,Credit Card,Paid Ad,16,4.5,1,3,1,0
C06321,Germany,44,Female,Silver,4/1/2025,20,1826.26,86.39,2,Beauty & Personal Care,Tablet,Cryptocurrency,Organic Search,1,3.7,1,1,1,0
C06322,UAE,34,Female,Silver,10/22/2025,21,2060.93,101.45,3,Clothing & Apparel,Desktop,Credit Card,Paid Ad,1,4.3,0,3,0,0
C06323,United States,45,Female,Free,12/7/2025,1,236.37,222.97,60,Electronics,Desktop,Credit Card,Email Campaign,0,3.3,0,0,0,0
C06324,Germany,38,Male,Free,11/11/2025,19,1348.36,77.25,13,Clothing & Apparel,Mobile,PayPal,Email Campaign,2,4.6,0,8,1,0
C06325,Germany,54,Male,Platinum,8/25/2022,12,2188.46,176.3,10,Health & Wellness,Mobile,Debit Card,Organic Search,2,3.3,1,2,0,0
C06326,United States,31,Female,Free,11/16/2024,8,397.38,43.86,97,Sports & Outdoors,Desktop,Credit Card,Social Media,2,3.7,1,2,0,0
C06327,United Kingdom,21,Male,Silver,4/1/2023,39,3479.95,78.44,97,Toys & Games,Desktop,Debit Card,Organic Search,5,3.4,5,0,1,0
C06328,Italy,21,Female,Free,8/12/2025,28,1776.1,60.46,43,Home & Kitchen,Mobile,Debit Card,Organic Search,2,4.1,0,1,1,0
C06329,Germany,35,Male,Silver,5/6/2024,32,9364.13,341.47,57,Electronics,Desktop,Credit Card,Organic Search,7,4.9,1,1,1,0
C06330,Netherlands,18,Male,Free,3/6/2026,18,837.54,43.9,63,Electronics,Desktop,UPI / Digital Wallet,Organic Search,5,4.1,0,13,1,0
C06331,South Korea,25,Male,Free,10/19/2022,3,227.83,77.62,34,Electronics,Tablet,PayPal,Social Media,0,3.8,0,1,0,0
C06332,Germany,19,Female,Free,11/4/2025,5,279.05,54.9,33,Home & Kitchen,Desktop,PayPal,Social Media,1,4.7,0,14,1,0
C06333,Italy,18,Female,Free,11/20/2025,27,661.54,27.22,15,Pet Supplies,Mobile,PayPal,Email Campaign,1,3.7,0,1,1,0
C06334,United Kingdom,24,Female,Free,10/29/2025,1,62.63,60.07,67,Clothing & Apparel,Desktop,Debit Card,Social Media,0,4.8,0,5,1,1
C06335,Brazil,46,Female,Free,3/5/2024,16,1089.59,67.77,21,Clothing & Apparel,Mobile,Credit Card,Social Media,2,4.5,2,3,1,0
C06336,United States,25,Other,Free,6/22/2022,52,3515.84,59.49,15,Electronics,Desktop,PayPal,Paid Ad,7,4.8,1,12,1,0
C06337,Brazil,18,Male,Free,2/6/2026,21,454.35,20.33,45,Beauty & Personal Care,Tablet,Credit Card,Email Campaign,3,3.7,0,7,0,0
C06338,United States,33,Other,Gold,7/4/2023,3,160.66,48.22,35,Clothing & Apparel,Desktop,Debit Card,Organic Search,0,3.9,0,1,0,0
C06339,United States,35,Female,Free,6/27/2025,19,1968.69,95.21,23,Electronics,Tablet,PayPal,Email Campaign,2,4,1,7,1,0
C06340,UAE,43,Male,Free,3/20/2024,2,173.97,78.3,49,Jewelry & Accessories,Mobile,Credit Card,Paid Ad,0,3.8,0,12,1,1
C06341,United Kingdom,35,Female,Gold,3/11/2025,3,85.87,29.33,44,Clothing & Apparel,Desktop,Credit Card,Direct,0,4.3,0,19,0,0
C06342,Spain,62,Female,Silver,6/15/2025,14,7048.7,520.52,56,Beauty & Personal Care,Mobile,Credit Card,Organic Search,3,3.6,0,10,1,0
C06343,Brazil,42,Male,Free,8/12/2024,1,91.33,100.84,125,Home & Kitchen,Desktop,Debit Card,Organic Search,0,2.7,0,9,1,0
C06344,United Kingdom,18,Male,Free,9/1/2025,18,431.42,22.55,140,Home & Kitchen,Mobile,Buy Now Pay Later,Organic Search,2,4.3,0,5,1,0
C06345,Italy,46,Female,Free,1/11/2025,4,164.14,46.28,162,Electronics,Desktop,PayPal,Paid Ad,0,4,0,8,0,0
C06346,United Kingdom,33,Male,Free,1/27/2026,17,623.94,32.99,134,Food & Grocery,Desktop,Debit Card,Referral,1,3.3,2,1,1,0
C06347,Australia,28,Female,Platinum,1/18/2024,9,736.53,93.28,3,Books,Mobile,Buy Now Pay Later,Email Campaign,2,3.3,0,0,0,0
C06348,Brazil,32,Female,Silver,8/14/2022,3,298.29,99.47,19,Electronics,Tablet,Credit Card,Email Campaign,0,3.8,0,5,1,0
C06349,United Kingdom,46,Male,Free,12/22/2023,8,84.06,10.42,33,Books,Mobile,PayPal,Social Media,2,4,0,2,0,0
C06350,South Korea,28,Male,Free,6/18/2024,21,389.56,17.7,24,Electronics,Desktop,PayPal,Email Campaign,1,3.9,1,0,1,0
C06351,France,46,Male,Free,6/8/2025,16,2508.47,171.66,215,Jewelry & Accessories,Mobile,Credit Card,Paid Ad,3,4.7,1,0,1,0
C06352,United States,49,Male,Platinum,10/9/2024,25,5049.91,178.81,81,Beauty & Personal Care,Mobile,Credit Card,Organic Search,9,3.9,0,3,1,0
C06353,United States,43,Male,Platinum,7/6/2021,12,811.87,76.84,23,Beauty & Personal Care,Mobile,PayPal,Social Media,1,3.3,1,1,0,0
C06354,Germany,42,Female,Silver,6/27/2024,33,3909.94,116.91,6,Sports & Outdoors,Mobile,Credit Card,Referral,6,3.8,3,13,1,0
C06355,Germany,54,Male,Gold,4/2/2025,3,420.17,146.19,87,Clothing & Apparel,Desktop,PayPal,Organic Search,0,3.3,0,1,0,0
C06356,Australia,26,Male,Silver,3/9/2025,1,34.56,39.67,44,Books,Tablet,Debit Card,Referral,0,3.7,0,0,1,0
C06357,United States,45,Female,Silver,3/15/2026,12,868.17,78.16,1,Health & Wellness,Mobile,Credit Card,Social Media,1,3.7,0,9,0,0
C06358,United States,32,Male,Free,6/17/2024,17,3466.34,192.34,30,Clothing & Apparel,Desktop,Debit Card,Email Campaign,6,3.9,1,4,1,0
C06359,Canada,33,Male,Free,7/8/2025,40,2157.31,55.04,77,Books,Mobile,Debit Card,Organic Search,15,4.2,5,1,1,0
C06360,South Korea,27,Male,Platinum,1/18/2026,4,795,205.5,22,Books,Mobile,Credit Card,Organic Search,0,2.8,0,1,1,0
C06361,South Africa,61,Male,Silver,10/3/2023,7,312.48,49.18,140,Travel & Luggage,Mobile,UPI / Digital Wallet,Paid Ad,0,4.7,1,5,0,0
C06362,United States,43,Female,Free,7/27/2024,44,5856.82,136.43,89,Clothing & Apparel,Mobile,Credit Card,Social Media,8,4.5,2,3,1,0
C06363,South Africa,38,Male,Free,5/21/2024,14,811.9,52.55,138,Sports & Outdoors,Desktop,Credit Card,Social Media,4,3.7,1,1,0,0
C06364,United Kingdom,53,Male,Free,1/16/2026,2,83.48,36.59,32,Home & Kitchen,Desktop,Credit Card,Email Campaign,0,4.4,0,9,1,1
C06365,Netherlands,21,Female,Free,7/6/2024,33,2565.69,82.38,44,Automotive,Mobile,Debit Card,Paid Ad,4,4.5,1,1,0,1
C06366,Australia,46,Male,Silver,1/29/2025,43,1587.24,38.38,80,Toys & Games,Desktop,Debit Card,Social Media,4,3.1,2,1,0,0
C06367,United States,32,Male,Free,3/22/2026,13,578.51,40.52,3,Clothing & Apparel,Desktop,Credit Card,Direct,4,3.8,0,3,1,0
C06368,United States,23,Male,Gold,12/3/2025,4,102.99,27.39,4,Pet Supplies,Mobile,UPI / Digital Wallet,Social Media,0,4.8,0,1,1,0
C06369,Brazil,37,Male,Platinum,12/14/2024,30,3269.21,102.79,77,Beauty & Personal Care,Desktop,Credit Card,Email Campaign,4,4.4,1,0,1,0
C06370,United States,47,Other,Free,3/18/2026,1,41.92,48.72,43,Clothing & Apparel,Mobile,UPI / Digital Wallet,Organic Search,0,4.7,0,10,0,1
C06371,Italy,45,Female,Free,7/31/2024,7,749.17,108.58,129,Home & Kitchen,Tablet,Credit Card,Paid Ad,2,4.5,0,9,1,0
C06372,Italy,33,Male,Silver,1/30/2026,14,288.99,21.01,131,Beauty & Personal Care,Desktop,Debit Card,Organic Search,3,4.5,1,7,1,0
C06373,UAE,58,Female,Gold,8/6/2024,15,976.93,64.09,23,Home & Kitchen,Mobile,UPI / Digital Wallet,Organic Search,3,4.2,1,6,0,0
C06374,United States,22,Male,Silver,2/13/2024,17,1839.03,110.87,71,Beauty & Personal Care,Mobile,Buy Now Pay Later,Organic Search,2,3.1,0,1,1,0
C06375,United States,41,Male,Free,10/4/2025,17,759.93,45.09,15,Travel & Luggage,Tablet,PayPal,Organic Search,1,4.6,1,0,1,0
C06376,Mexico,34,Female,Free,7/17/2025,21,2175.51,114.43,53,Food & Grocery,Desktop,Credit Card,Social Media,5,4,2,0,1,0
C06377,France,53,Female,Free,7/16/2024,22,1976.38,97.19,16,Electronics,Mobile,Credit Card,Email Campaign,7,3.8,0,9,1,0
C06378,Canada,18,Female,Gold,7/23/2024,20,755.98,33.82,81,Home & Kitchen,Desktop,PayPal,Organic Search,4,3.1,0,20,0,0
C06379,Germany,19,Male,Silver,1/19/2026,29,1453.93,55.88,191,Books,Mobile,UPI / Digital Wallet,Social Media,11,3.6,3,1,0,1
C06380,United Kingdom,30,Male,Silver,9/24/2024,6,550.26,104.16,52,Office Supplies,Mobile,PayPal,Email Campaign,0,4.4,0,9,1,0
C06381,India,18,Female,Gold,10/9/2024,21,1788.65,81.94,30,Clothing & Apparel,Mobile,Debit Card,Paid Ad,5,4.4,2,0,0,0
C06382,Mexico,27,Female,Silver,3/18/2026,46,1442.14,35.76,9,Home & Kitchen,Mobile,Credit Card,Paid Ad,9,4.7,0,4,1,0
C06383,Japan,41,Female,Silver,3/11/2026,11,1696.28,173.27,89,Clothing & Apparel,Mobile,Credit Card,Email Campaign,2,4.8,1,1,0,0
C06384,Turkey,30,Female,Free,2/27/2025,20,1061.8,51.22,62,Health & Wellness,Mobile,Credit Card,Direct,6,3.7,0,11,1,0
C06385,India,23,Female,Gold,9/20/2025,13,537.13,41.17,138,Beauty & Personal Care,Desktop,Credit Card,Referral,3,3.3,0,10,0,0
C06386,France,34,Female,Free,11/22/2024,15,506.69,32.41,72,Electronics,Mobile,Credit Card,Paid Ad,5,4.6,0,9,1,0
C06387,United Kingdom,42,Male,Silver,2/10/2025,4,123.71,31.39,27,Electronics,Tablet,PayPal,Paid Ad,0,4.8,0,4,0,0
C06388,UAE,63,Female,Gold,3/7/2025,13,1246.12,107.49,9,Jewelry & Accessories,Mobile,Credit Card,Direct,0,3.8,1,19,1,0
C06389,Brazil,22,Male,Free,8/6/2025,14,1715.83,122.15,19,Beauty & Personal Care,Mobile,Credit Card,Email Campaign,1,3.9,0,0,1,0
C06390,United Kingdom,23,Male,Silver,6/10/2025,35,2084.83,52.2,142,Clothing & Apparel,Mobile,Bank Transfer,Social Media,12,4.6,0,6,0,0
C06391,United States,29,Male,Platinum,8/9/2022,5,579,114.55,16,Beauty & Personal Care,Desktop,Credit Card,Organic Search,1,3.4,0,9,1,0
C06392,United Kingdom,36,Female,Free,11/29/2025,18,3033.99,170.64,116,Books,Mobile,Credit Card,Social Media,2,3.7,2,8,1,0
C06393,United States,42,Female,Platinum,8/5/2024,2,423.26,247.09,18,Jewelry & Accessories,Tablet,Credit Card,Paid Ad,0,4,0,1,1,0
C06394,France,32,Male,Free,3/30/2021,39,1266.4,36.37,186,Jewelry & Accessories,Desktop,UPI / Digital Wallet,Social Media,3,3.9,3,0,1,1
C06395,Mexico,43,Female,Silver,10/11/2025,11,671.3,53.81,72,Books,Mobile,PayPal,Paid Ad,0,4,0,0,0,0
C06396,United Kingdom,37,Female,Gold,5/22/2022,9,4566.02,566.68,12,Clothing & Apparel,Tablet,Debit Card,Direct,2,3.6,0,0,1,0
C06397,United States,23,Female,Free,12/25/2023,17,938.59,57.13,5,Clothing & Apparel,Mobile,Credit Card,Direct,3,4.8,0,1,1,0
C06398,United States,43,Female,Free,11/14/2024,5,165.36,33.61,41,Jewelry & Accessories,Mobile,UPI / Digital Wallet,Organic Search,0,4.6,0,10,1,0
C06399,United States,51,Female,Gold,2/9/2026,24,1890.38,87.36,14,Clothing & Apparel,Desktop,Credit Card,Email Campaign,6,3.6,0,1,0,0
C06400,Brazil,36,Male,Silver,12/26/2025,6,766.63,126.93,77,Home & Kitchen,Mobile,PayPal,Referral,1,4.1,0,7,0,0
C06401,United States,37,Male,Silver,10/29/2024,9,1537.82,150.07,162,Clothing & Apparel,Mobile,Debit Card,Organic Search,3,4.2,1,0,0,0
C06402,France,26,Male,Gold,9/9/2025,4,204.95,51.91,33,Beauty & Personal Care,Mobile,PayPal,Email Campaign,1,4.5,0,5,1,0
C06403,South Korea,36,Female,Free,3/31/2026,9,585.8,58.53,8,Sports & Outdoors,Mobile,Credit Card,Referral,0,4.5,0,1,1,0
C06404,United Kingdom,19,Female,Platinum,10/22/2024,2,262.06,122.05,55,Beauty & Personal Care,Desktop,Credit Card,Social Media,0,4.6,0,7,1,1
C06405,United States,31,Female,Free,6/17/2023,26,1841.83,80.58,86,Office Supplies,Mobile,Credit Card,Social Media,9,4,3,5,1,0
C06406,Australia,59,Male,Free,10/3/2024,12,3353.08,308.42,10,Clothing & Apparel,Tablet,UPI / Digital Wallet,Social Media,1,3.3,1,14,1,0
C06407,UAE,28,Male,Free,3/6/2023,9,1961.41,203.78,121,Automotive,Mobile,PayPal,Email Campaign,1,3.8,0,9,1,0
C06408,United Kingdom,22,Male,Gold,2/15/2022,5,3097.89,593.44,65,Sports & Outdoors,Tablet,Credit Card,Social Media,1,4.4,0,6,1,1
C06409,Germany,29,Male,Platinum,2/7/2026,30,3735.31,140.82,18,Automotive,Desktop,PayPal,Email Campaign,9,4.8,1,0,0,0
C06410,United Kingdom,38,Male,Silver,9/19/2021,6,262.5,40.91,8,Books,Desktop,PayPal,Email Campaign,0,4.5,0,4,0,0
C06411,United Kingdom,32,Female,Platinum,12/3/2025,20,8823.84,489.03,28,Clothing & Apparel,Mobile,Buy Now Pay Later,Paid Ad,4,2.7,0,2,0,0
C06412,United States,33,Male,Silver,2/4/2026,12,956.17,93.15,146,Sports & Outdoors,Mobile,Debit Card,Email Campaign,3,4.5,0,1,1,0
C06413,United States,40,Female,Free,10/22/2025,14,263.92,17.27,135,Books,Desktop,Debit Card,Organic Search,1,3.4,1,1,1,0
C06414,United Kingdom,42,Male,Gold,12/31/2025,5,234.49,41.6,55,Jewelry & Accessories,Desktop,PayPal,Email Campaign,0,3.8,0,5,1,1
C06415,United Kingdom,52,Male,Silver,12/28/2022,9,534.93,60.62,262,Food & Grocery,Desktop,Credit Card,Organic Search,2,2.8,0,0,1,0
C06416,United Kingdom,18,Male,Platinum,10/2/2024,24,10679.95,389.14,21,Sports & Outdoors,Tablet,UPI / Digital Wallet,Email Campaign,9,4.5,1,0,1,0
C06417,South Korea,32,Female,Free,3/20/2026,18,808.58,39.13,30,Office Supplies,Mobile,Debit Card,Social Media,4,2.7,1,2,1,1
C06418,United States,18,Male,Platinum,11/17/2024,21,1428.61,62.77,5,Clothing & Apparel,Mobile,Credit Card,Organic Search,4,4.7,2,2,1,0
C06419,India,36,Other,Free,8/23/2023,20,2250.9,112.15,35,Home & Kitchen,Desktop,Bank Transfer,Email Campaign,4,4.7,0,0,1,0
C06420,United States,30,Male,Free,4/26/2025,55,8865.07,143.58,34,Beauty & Personal Care,Mobile,UPI / Digital Wallet,Organic Search,19,3.6,3,1,1,0
C06421,United States,18,Female,Silver,2/15/2026,33,391.2,11.23,6,Clothing & Apparel,Mobile,Credit Card,Organic Search,8,4.1,0,2,1,1
C06422,South Korea,32,Female,Silver,1/11/2025,19,647.09,38.57,40,Toys & Games,Desktop,Cryptocurrency,Direct,1,4.1,2,5,0,0
C06423,United States,45,Female,Platinum,3/16/2026,3,282.99,88.03,17,Toys & Games,Tablet,Credit Card,Organic Search,0,4.6,0,12,0,0
C06424,United States,55,Other,Silver,6/5/2024,8,577.72,65.1,37,Clothing & Apparel,Mobile,Bank Transfer,Organic Search,0,4.1,1,6,0,0
C06425,India,32,Female,Platinum,5/18/2025,3,606.29,229.22,52,Books,Mobile,Credit Card,Referral,0,4.6,0,8,1,0
C06426,Canada,23,Male,Silver,7/23/2025,4,526.84,126.58,165,Electronics,Desktop,PayPal,Organic Search,1,4.9,0,0,1,0
C06427,Singapore,41,Female,Free,11/23/2025,5,290.85,54.36,55,Home & Kitchen,Desktop,UPI / Digital Wallet,Paid Ad,1,4.8,0,5,1,0
C06428,United States,44,Female,Gold,10/31/2022,12,1777.33,173.36,52,Home & Kitchen,Desktop,Debit Card,Organic Search,3,4.1,1,2,1,0
C06429,Italy,19,Male,Free,9/26/2022,9,724.75,73.73,77,Beauty & Personal Care,Tablet,Credit Card,Referral,0,4.4,0,0,0,0
C06430,Japan,23,Male,Free,10/17/2025,22,1931.97,86.99,25,Health & Wellness,Mobile,Credit Card,Organic Search,4,3.7,1,6,1,0
C06431,Germany,21,Female,Free,11/21/2025,5,420.73,73.59,57,Beauty & Personal Care,Desktop,Debit Card,Email Campaign,1,4.7,0,0,1,1
C06432,United States,51,Male,Free,7/5/2024,1,56.12,58.36,84,Sports & Outdoors,Desktop,Credit Card,Organic Search,0,4.6,0,3,0,1
C06433,Germany,40,Male,Gold,5/11/2025,12,732.48,55.96,24,Home & Kitchen,Mobile,PayPal,Referral,4,3.6,1,5,0,0
C06434,Australia,29,Male,Free,6/7/2023,2,207.77,93.54,99,Beauty & Personal Care,Mobile,UPI / Digital Wallet,Referral,0,4.7,0,3,1,0
C06435,Japan,34,Male,Free,12/1/2025,2,608.14,351.42,24,Books,Desktop,Credit Card,Paid Ad,0,4.2,0,6,1,0
C06436,France,18,Male,Free,6/23/2024,3,404.58,132.52,144,Beauty & Personal Care,Desktop,PayPal,Social Media,0,4.1,0,8,1,0
C06437,United States,39,Female,Gold,1/15/2026,10,1122.14,127.9,13,Beauty & Personal Care,Mobile,Debit Card,Email Campaign,2,3.9,0,0,0,0
C06438,Turkey,47,Female,Gold,9/9/2022,1,79.68,87.72,199,Beauty & Personal Care,Desktop,PayPal,Referral,0,4.2,0,1,0,0
C06439,Spain,37,Male,Free,7/12/2024,23,657.69,29.2,7,Jewelry & Accessories,Mobile,PayPal,Referral,9,3.5,2,2,1,0
C06440,Netherlands,51,Male,Gold,5/10/2023,18,4859.43,248.98,0,Clothing & Apparel,Desktop,Cryptocurrency,Social Media,4,3.2,1,2,1,0
C06441,Germany,31,Female,Platinum,9/3/2023,12,802.79,76.75,211,Electronics,Mobile,Credit Card,Email Campaign,3,4.6,1,9,0,0
C06442,Turkey,29,Female,Gold,2/27/2025,3,84.57,26.69,1,Books,Desktop,Credit Card,Paid Ad,0,4.6,0,4,0,0
C06443,United Kingdom,35,Male,Silver,8/21/2025,2,191,93.21,68,Books,Mobile,Buy Now Pay Later,Paid Ad,0,3.9,0,1,1,1
C06444,United States,34,Female,Free,2/5/2026,14,387.16,32.11,4,Home & Kitchen,Tablet,Credit Card,Social Media,3,4.3,0,7,0,1
C06445,Australia,35,Male,Free,11/27/2025,1,50.22,55.61,44,Books,Desktop,UPI / Digital Wallet,Email Campaign,0,4.1,0,4,0,0
C06446,United States,56,Female,Platinum,5/30/2022,30,3224.06,102.17,32,Automotive,Desktop,Buy Now Pay Later,Email Campaign,5,4.4,0,7,0,0
C06447,Australia,30,Male,Free,10/21/2025,2,475.58,245.72,3,Electronics,Mobile,PayPal,Social Media,0,4.8,0,0,0,0
C06448,South Korea,54,Female,Silver,5/15/2025,14,913.25,60.82,49,Sports & Outdoors,Mobile,PayPal,Direct,0,3.5,1,12,0,0
C06449,Canada,67,Male,Free,7/8/2025,4,307.15,78.73,55,Electronics,Mobile,PayPal,Direct,0,3.8,0,0,0,0
C06450,United Kingdom,47,Female,Silver,2/28/2026,46,2702.04,64.36,119,Clothing & Apparel,Mobile,Credit Card,Organic Search,9,4.3,6,14,1,0
C06451,United Kingdom,51,Female,Silver,12/25/2023,7,852.99,133.76,22,Health & Wellness,Mobile,UPI / Digital Wallet,Email Campaign,1,4.2,0,6,1,1
C06452,India,53,Male,Free,8/14/2024,6,1203.68,206.89,41,Clothing & Apparel,Tablet,Credit Card,Email Campaign,0,3.8,0,13,1,0
C06453,India,26,Female,Gold,6/23/2022,4,230.96,50.96,20,Clothing & Apparel,Desktop,PayPal,Direct,1,4.6,0,1,0,0
C06454,South Korea,54,Female,Silver,12/28/2025,36,1132.89,35.32,46,Clothing & Apparel,Mobile,Debit Card,Social Media,2,4.5,5,18,1,0
C06455,Australia,27,Female,Platinum,5/3/2022,10,416.16,48.32,49,Books,Mobile,Credit Card,Paid Ad,2,3.8,1,5,1,0
C06456,United States,37,Female,Free,8/5/2025,35,2171.99,70.3,16,Beauty & Personal Care,Tablet,PayPal,Social Media,9,4.6,1,6,1,0
C06457,United States,34,Female,Gold,1/1/2026,17,1510.43,83.43,10,Sports & Outdoors,Desktop,Debit Card,Email Campaign,4,3.9,0,6,1,0
C06458,United Kingdom,36,Female,Silver,7/5/2024,19,1915.34,92.58,11,Clothing & Apparel,Mobile,Credit Card,Paid Ad,5,4.1,1,15,0,0
C06459,Sweden,36,Male,Free,2/2/2026,57,3172.9,63.76,19,Health & Wellness,Desktop,Credit Card,Referral,16,4.2,2,4,0,0
C06460,India,19,Female,Free,8/5/2017,19,1779.14,98.89,33,Home & Kitchen,Mobile,Debit Card,Email Campaign,5,4.5,1,7,0,0
C06461,United States,27,Male,Free,8/17/2022,4,326.02,71.64,126,Clothing & Apparel,Desktop,UPI / Digital Wallet,Email Campaign,0,3.4,0,5,1,0
C06462,United States,56,Male,Free,7/29/2023,8,165.07,22.69,38,Toys & Games,Tablet,Buy Now Pay Later,Social Media,1,4.7,0,4,1,0
C06463,United States,30,Male,Platinum,1/6/2026,1,65.56,68.25,6,Sports & Outdoors,Mobile,Credit Card,Email Campaign,0,4.4,0,13,1,0
C06464,Australia,44,Female,Free,4/27/2025,4,116.59,30.05,24,Beauty & Personal Care,Tablet,Credit Card,Email Campaign,0,4.9,0,1,1,0
C06465,United States,23,Female,Platinum,4/7/2023,9,1866.6,186.72,7,Pet Supplies,Mobile,Credit Card,Social Media,0,3.9,0,24,0,1
C06466,United States,49,Male,Free,2/8/2025,11,153.92,14.11,104,Electronics,Desktop,Debit Card,Paid Ad,0,4.3,0,0,1,0
C06467,India,19,Male,Free,7/18/2024,4,285.6,64.87,22,Home & Kitchen,Mobile,Credit Card,Organic Search,1,2.4,0,8,1,1
C06468,Brazil,35,Male,Free,4/23/2025,13,616.45,41.88,51,Food & Grocery,Mobile,Debit Card,Paid Ad,1,4.3,0,1,1,0
C06469,Australia,48,Male,Gold,12/3/2025,2,101.37,47.37,54,Clothing & Apparel,Mobile,PayPal,Organic Search,0,4.6,0,0,0,0
C06470,United States,19,Female,Free,8/16/2020,35,1254.47,31.23,178,Electronics,Mobile,Credit Card,Social Media,3,2.8,1,0,1,0
C06471,United States,23,Male,Free,9/27/2025,37,1860.14,43.81,42,Electronics,Mobile,Credit Card,Email Campaign,8,3.6,0,1,1,1
C06472,United Kingdom,24,Female,Free,12/15/2025,13,1052.29,80.67,35,Home & Kitchen,Mobile,Debit Card,Organic Search,1,4.2,1,10,1,0
C06473,Canada,39,Female,Silver,1/13/2026,2,96.8,51.95,6,Food & Grocery,Desktop,UPI / Digital Wallet,Email Campaign,0,4.2,0,7,1,0
C06474,France,18,Male,Free,9/16/2024,16,1082.92,64.82,62,Home & Kitchen,Desktop,Credit Card,Social Media,3,4.2,0,2,1,0
C06475,United States,50,Male,Gold,9/30/2025,38,844.65,25.78,66,Beauty & Personal Care,Desktop,Debit Card,Paid Ad,7,3.9,2,6,0,0
C06476,United States,22,Female,Platinum,12/1/2025,19,4082.06,187.47,36,Books,Mobile,Buy Now Pay Later,Direct,1,3.7,2,2,0,0
C06477,Mexico,28,Female,Silver,3/27/2026,40,2118.94,56.88,27,Toys & Games,Mobile,Credit Card,Referral,13,4.2,5,0,1,0
C06478,United Kingdom,55,Male,Platinum,4/22/2025,17,517.17,33.77,59,Electronics,Mobile,Debit Card,Social Media,6,4,2,14,1,0
C06479,Canada,32,Female,Gold,5/28/2023,6,772.41,149.67,31,Clothing & Apparel,Desktop,Credit Card,Social Media,2,3.9,0,4,0,0
C06480,United Kingdom,35,Male,Silver,9/9/2025,15,1075.94,83.48,6,Electronics,Desktop,Bank Transfer,Email Campaign,3,4.3,0,1,1,0
C06481,Germany,49,Male,Silver,7/23/2025,10,148.92,16.05,55,Sports & Outdoors,Mobile,Buy Now Pay Later,Referral,1,3.6,0,3,1,0
C06482,Germany,47,Female,Free,11/19/2025,46,598.48,11.47,27,Books,Mobile,Debit Card,Email Campaign,2,4.1,3,2,1,0
C06483,Mexico,46,Male,Gold,11/25/2022,29,937.85,32.38,6,Electronics,Mobile,Credit Card,Email Campaign,11,4.6,3,0,1,0
C06484,Spain,48,Male,Gold,5/11/2023,24,1713.71,80.77,15,Clothing & Apparel,Mobile,Credit Card,Organic Search,7,4.5,0,3,1,0
C06485,United States,45,Female,Free,10/2/2025,20,1261.49,65.34,66,Books,Tablet,Debit Card,Organic Search,4,4.7,2,4,1,0
C06486,United Kingdom,39,Male,Silver,11/23/2025,38,5215.7,158.67,0,Food & Grocery,Mobile,Debit Card,Paid Ad,9,4,4,0,1,0
C06487,UAE,18,Male,Platinum,8/31/2023,2,216.89,111.7,124,Home & Kitchen,Mobile,Buy Now Pay Later,Paid Ad,0,3.9,0,3,1,0
C06488,Poland,25,Female,Gold,10/2/2021,19,1060.99,50.3,127,Health & Wellness,Mobile,Credit Card,Paid Ad,5,3.8,1,15,0,0
C06489,United Kingdom,43,Male,Free,3/26/2026,13,728.32,55.41,67,Clothing & Apparel,Mobile,Credit Card,Organic Search,2,4.8,1,4,0,0
C06490,Germany,29,Female,Free,3/30/2024,1,45.59,53.4,40,Office Supplies,Mobile,Credit Card,Social Media,0,4.3,0,5,0,0
C06491,Japan,45,Female,Gold,1/8/2026,36,3735.61,98.87,57,Electronics,Desktop,Credit Card,Social Media,11,4.7,1,5,1,1
C06492,United Kingdom,22,Female,Silver,6/12/2022,29,3028.47,115.49,136,Clothing & Apparel,Mobile,Credit Card,Direct,1,3.8,1,7,0,0
C06493,United States,52,Female,Free,12/18/2023,55,4036.29,63.95,53,Clothing & Apparel,Mobile,Credit Card,Organic Search,9,4.5,4,10,0,0
C06494,United States,46,Male,Silver,3/16/2024,50,588.96,11.92,26,Clothing & Apparel,Desktop,PayPal,Organic Search,15,4.3,4,2,1,1
C06495,Germany,34,Male,Free,6/14/2024,6,182.83,34.1,4,Sports & Outdoors,Mobile,Debit Card,Organic Search,1,4.2,0,0,1,0
C06496,Germany,20,Male,Free,10/21/2025,34,5526.8,162.29,12,Books,Desktop,Debit Card,Organic Search,3,4.4,3,2,0,1
C06497,United States,53,Male,Free,10/8/2024,1,20.01,21.26,19,Electronics,Tablet,Buy Now Pay Later,Social Media,0,4,0,6,0,0
C06498,South Korea,33,Male,Silver,12/29/2025,41,3368.89,80.1,17,Toys & Games,Mobile,Credit Card,Organic Search,5,4.5,0,14,0,0
C06499,United States,57,Female,Platinum,1/6/2026,10,1384.57,131.77,45,Home & Kitchen,Mobile,UPI / Digital Wallet,Paid Ad,1,3.7,0,11,1,0
C06500,Spain,53,Female,Free,12/6/2025,14,929.32,58.42,53,Food & Grocery,Tablet,Credit Card,Email Campaign,4,4.3,0,9,0,0
C06501,India,51,Male,Free,6/1/2023,1,11.96,13.81,20,Clothing & Apparel,Tablet,Credit Card,Social Media,0,3.9,0,6,0,0
C06502,United States,25,Other,Free,2/19/2025,20,4891.21,244.98,11,Electronics,Mobile,Debit Card,Direct,7,4.3,2,0,1,0
C06503,United States,43,Female,Free,3/3/2022,17,1748.66,110.69,147,Beauty & Personal Care,Desktop,Debit Card,Social Media,4,4.9,1,1,0,0
C06504,Canada,36,Male,Free,7/30/2022,5,369.03,77.51,52,Clothing & Apparel,Mobile,Credit Card,Social Media,1,3.6,0,2,0,0
C06505,India,29,Male,Silver,3/6/2026,5,337.44,77.04,4,Toys & Games,Desktop,Debit Card,Email Campaign,0,4.9,0,6,0,0
C06506,United States,29,Female,Free,5/2/2024,15,521.86,32.63,0,Travel & Luggage,Mobile,Credit Card,Organic Search,5,3.6,0,3,1,0
C06507,United States,24,Male,Gold,8/11/2025,11,1753.91,181.13,14,Clothing & Apparel,Mobile,Buy Now Pay Later,Organic Search,2,3.4,1,2,0,0
C06508,Germany,44,Male,Free,12/26/2025,2,103.38,50.46,89,Health & Wellness,Mobile,Debit Card,Organic Search,0,4.1,0,6,1,0
C06509,Mexico,33,Male,Silver,11/19/2025,30,2819.31,105.35,83,Home & Kitchen,Tablet,Credit Card,Paid Ad,4,4.2,1,6,0,0
C06510,Brazil,49,Male,Platinum,7/28/2025,9,85.59,11.14,40,Electronics,Mobile,PayPal,Social Media,3,3.8,0,2,0,0
C06511,United States,44,Female,Free,2/26/2026,6,322.88,51.47,55,Toys & Games,Mobile,Credit Card,Organic Search,2,3.9,0,3,0,0
C06512,Spain,30,Male,Free,3/12/2026,17,2909.13,179,23,Clothing & Apparel,Desktop,Debit Card,Organic Search,3,4,2,3,1,0
C06513,Japan,38,Male,Gold,8/17/2024,10,1505.65,158.21,25,Home & Kitchen,Tablet,Credit Card,Social Media,0,4.3,1,0,0,1
C06514,Canada,40,Male,Silver,2/5/2024,10,1458.6,148.86,5,Home & Kitchen,Desktop,PayPal,Email Campaign,2,3.5,1,0,1,0
C06515,United States,30,Male,Gold,3/25/2025,14,1085.16,79.23,94,Toys & Games,Desktop,PayPal,Social Media,3,4.4,1,0,0,0
C06516,India,21,Male,Free,10/1/2025,10,871.74,98.51,26,Clothing & Apparel,Mobile,UPI / Digital Wallet,Paid Ad,1,4.7,1,1,0,0
C06517,India,38,Female,Free,1/20/2026,52,2469.17,49.92,122,Clothing & Apparel,Mobile,Credit Card,Referral,18,4.4,5,0,1,0
C06518,United States,45,Female,Free,12/5/2025,18,515.46,30.7,56,Electronics,Mobile,PayPal,Direct,7,4.2,1,8,0,0
C06519,United States,24,Other,Free,8/9/2023,10,808.74,70.86,80,Sports & Outdoors,Desktop,PayPal,Social Media,2,3.3,1,2,1,0
C06520,United States,29,Male,Free,7/19/2024,9,412.83,49.43,39,Food & Grocery,Desktop,Credit Card,Organic Search,1,4.8,0,1,0,0
C06521,Poland,39,Female,Free,11/19/2025,17,5525.51,353.69,64,Pet Supplies,Mobile,Debit Card,Social Media,1,4.4,2,7,1,0
C06522,Mexico,48,Female,Free,3/25/2022,2,78.21,42.33,15,Electronics,Mobile,Credit Card,Email Campaign,0,4.5,0,8,1,0
C06523,United Kingdom,27,Female,Free,9/7/2025,9,209.78,20.42,64,Clothing & Apparel,Mobile,Debit Card,Email Campaign,3,3.9,0,0,1,0
C06524,Netherlands,34,Male,Platinum,11/16/2023,50,3791.02,67.92,30,Clothing & Apparel,Desktop,PayPal,Email Campaign,7,4,2,1,0,0
C06525,United States,26,Male,Free,3/2/2025,16,1138.64,64.51,0,Home & Kitchen,Tablet,PayPal,Social Media,2,4.2,0,0,0,0
C06526,United States,33,Other,Free,5/22/2025,2,149.12,67.79,30,Electronics,Desktop,Credit Card,Social Media,0,4.5,0,0,0,0
C06527,United States,46,Male,Silver,7/8/2022,20,1787.25,79.97,119,Health & Wellness,Desktop,PayPal,Email Campaign,3,2.9,2,0,1,0
C06528,Netherlands,28,Male,Free,4/7/2025,6,282.99,54.01,25,Home & Kitchen,Tablet,PayPal,Organic Search,2,4.3,0,10,0,0
C06529,United States,34,Male,Free,2/21/2024,8,281.43,35.37,32,Sports & Outdoors,Mobile,Credit Card,Email Campaign,0,4.5,0,2,1,0
C06530,South Korea,23,Female,Free,8/25/2025,39,1675.38,42.74,13,Automotive,Mobile,Debit Card,Email Campaign,11,3.1,4,2,1,0
C06531,United States,48,Female,Silver,2/16/2025,20,1274.74,62.01,59,Clothing & Apparel,Desktop,Credit Card,Organic Search,1,3.9,1,15,1,0
C06532,United States,50,Female,Silver,7/22/2025,22,3422.58,163.27,182,Clothing & Apparel,Mobile,Credit Card,Social Media,6,4.4,1,2,0,0
C06533,United Kingdom,25,Male,Gold,10/18/2022,49,11463.86,254.48,13,Electronics,Desktop,Debit Card,Social Media,3,4.1,5,14,1,0
C06534,Mexico,41,Male,Free,9/16/2024,38,1643.83,42.17,2,Home & Kitchen,Desktop,Credit Card,Organic Search,12,4.4,4,1,0,0
C06535,Brazil,28,Female,Silver,5/7/2025,6,2639.92,456.47,9,Automotive,Mobile,PayPal,Paid Ad,0,3.7,0,5,1,0
C06536,United States,34,Female,Free,3/25/2026,3,96.87,32.8,38,Food & Grocery,Mobile,Debit Card,Direct,0,4.3,0,4,0,0
C06537,United States,35,Male,Silver,1/16/2026,10,364.54,38.82,232,Beauty & Personal Care,Mobile,Debit Card,Social Media,0,4,0,2,1,1
C06538,United States,18,Male,Free,9/15/2023,13,368.43,30.98,34,Clothing & Apparel,Mobile,Credit Card,Email Campaign,2,3,1,13,1,0
C06539,Germany,18,Female,Gold,2/9/2026,14,1949.78,149.39,1,Electronics,Mobile,Credit Card,Social Media,3,4.5,1,3,0,0
C06540,Canada,19,Female,Free,6/7/2023,7,508.31,67.51,33,Health & Wellness,Desktop,UPI / Digital Wallet,Referral,1,4.1,0,7,1,0
C06541,United States,41,Female,Silver,9/3/2025,24,1039.92,45.59,77,Home & Kitchen,Desktop,Credit Card,Direct,7,4.9,0,1,1,0
C06542,United States,32,Male,Silver,7/6/2024,12,2829.25,270.45,22,Beauty & Personal Care,Tablet,Credit Card,Social Media,4,3.7,0,1,0,0
C06543,United States,39,Male,Free,9/5/2025,11,1647.74,165.65,62,Electronics,Mobile,Debit Card,Email Campaign,1,3.2,1,9,1,0
C06544,India,18,Female,Gold,7/26/2025,7,1078.13,147.49,14,Clothing & Apparel,Mobile,PayPal,Organic Search,0,4,0,1,0,0
C06545,India,46,Other,Free,2/12/2026,2,172.33,98.52,148,Sports & Outdoors,Desktop,Debit Card,Paid Ad,0,3.8,0,6,1,0
C06546,United States,29,Female,Free,11/16/2025,17,384.5,26.55,60,Electronics,Mobile,PayPal,Organic Search,6,3.8,2,5,0,0
C06547,Italy,18,Male,Free,3/26/2024,3,142.15,50.18,140,Automotive,Mobile,UPI / Digital Wallet,Organic Search,0,4.5,0,2,1,0
C06548,Australia,58,Male,Silver,2/6/2025,61,2735.21,48.34,175,Clothing & Apparel,Desktop,Buy Now Pay Later,Email Campaign,14,4.3,4,14,1,0
C06549,Japan,25,Female,Free,1/17/2026,17,1217.41,70.47,19,Clothing & Apparel,Desktop,Credit Card,Email Campaign,5,3.7,0,8,0,1
C06550,United States,23,Male,Free,10/10/2024,3,97.42,28.36,261,Home & Kitchen,Mobile,Credit Card,Direct,0,4.8,0,6,1,1
C06551,Italy,40,Male,Free,5/22/2025,4,95.35,23.22,79,Clothing & Apparel,Mobile,Debit Card,Paid Ad,0,4.1,0,3,1,0
C06552,France,38,Female,Silver,3/20/2024,5,255.39,45,85,Clothing & Apparel,Mobile,PayPal,Email Campaign,1,4.1,0,8,0,0
C06553,France,18,Female,Gold,2/9/2021,46,1885.73,39.75,24,Food & Grocery,Mobile,UPI / Digital Wallet,Direct,8,4.3,1,4,1,1
C06554,Germany,32,Female,Free,12/28/2025,1,77.54,87.29,10,Food & Grocery,Mobile,PayPal,Email Campaign,0,3.2,0,5,0,0
C06555,United States,35,Male,Free,7/9/2024,13,1243.79,109.61,16,Automotive,Mobile,UPI / Digital Wallet,Social Media,1,4.7,0,1,0,0
C06556,Poland,28,Female,Free,2/12/2025,11,644.8,54.08,57,Health & Wellness,Desktop,PayPal,Email Campaign,3,3.9,1,1,1,0
C06557,India,30,Female,Silver,12/28/2025,6,2043.8,297.54,90,Beauty & Personal Care,Mobile,Buy Now Pay Later,Email Campaign,0,4.7,0,2,1,0
C06558,United States,53,Male,Free,7/22/2025,7,706.29,104.28,34,Books,Mobile,Debit Card,Paid Ad,1,2.9,0,2,0,0
C06559,Italy,24,Female,Free,5/4/2024,4,251.96,60.17,26,Clothing & Apparel,Tablet,PayPal,Paid Ad,0,4.1,0,4,1,0
C06560,United Kingdom,44,Male,Silver,8/31/2023,4,457.77,113.31,59,Electronics,Mobile,Credit Card,Direct,0,3.8,0,0,1,0
C06561,United States,32,Female,Silver,11/20/2024,1,91.78,84.05,20,Electronics,Desktop,Debit Card,Referral,0,3.5,0,1,0,0
C06562,United States,35,Female,Free,8/2/2025,13,767.88,63.3,33,Clothing & Apparel,Desktop,UPI / Digital Wallet,Organic Search,4,3.1,0,2,1,0
C06563,United Kingdom,39,Female,Free,4/5/2018,17,2697.07,174.49,15,Toys & Games,Mobile,Credit Card,Paid Ad,2,4.1,1,4,1,0
C06564,Canada,32,Female,Silver,2/12/2025,53,9817.11,196.84,90,Home & Kitchen,Mobile,PayPal,Organic Search,19,3.9,5,2,0,0
C06565,India,49,Female,Free,3/11/2026,60,2299.44,36.54,27,Electronics,Desktop,Bank Transfer,Email Campaign,22,4,2,15,1,0
C06566,United States,33,Male,Free,12/29/2025,23,2542.04,103.74,34,Electronics,Tablet,PayPal,Organic Search,5,4.2,1,3,1,0
C06567,India,27,Male,Silver,1/28/2022,1,41.95,37.12,67,Books,Mobile,PayPal,Paid Ad,0,4.7,0,5,0,0
C06568,United Kingdom,35,Female,Free,6/21/2023,36,2072.7,55.85,81,Electronics,Mobile,PayPal,Direct,2,3.2,1,1,1,0
C06569,United States,43,Male,Free,7/19/2022,15,1943.66,116.43,7,Electronics,Tablet,Debit Card,Paid Ad,5,4.8,1,5,1,0
C06570,United Kingdom,58,Female,Free,10/11/2025,41,9311.31,221.79,71,Pet Supplies,Tablet,UPI / Digital Wallet,Social Media,14,2.8,3,3,1,0
C06571,United Kingdom,22,Male,Free,1/18/2025,7,1468.69,213.47,6,Toys & Games,Mobile,Debit Card,Email Campaign,1,4,0,9,1,0
C06572,United States,30,Male,Free,12/20/2023,2,74.56,33.58,29,Home & Kitchen,Mobile,Buy Now Pay Later,Organic Search,0,4.1,0,0,1,0
C06573,Brazil,38,Female,Free,1/9/2025,2,125.36,59.67,7,Automotive,Mobile,Debit Card,Email Campaign,0,4.6,0,23,0,0
C06574,United States,23,Female,Gold,5/19/2025,4,203.15,59.19,75,Travel & Luggage,Desktop,Debit Card,Direct,1,4,0,1,1,0
C06575,UAE,53,Female,Free,8/31/2024,5,506.59,110.97,9,Electronics,Mobile,Credit Card,Email Campaign,1,3.6,0,4,1,0
C06576,France,44,Female,Gold,9/14/2025,7,1203.22,174.49,14,Pet Supplies,Desktop,Credit Card,Social Media,0,4.1,0,7,1,0
C06577,Canada,31,Female,Silver,1/22/2023,11,629.18,51.88,41,Office Supplies,Mobile,PayPal,Social Media,1,4.8,0,1,1,0
C06578,United Kingdom,55,Male,Platinum,11/2/2023,14,1680.81,140.86,30,Books,Mobile,Debit Card,Email Campaign,1,4.2,0,3,1,0
C06579,Australia,32,Female,Free,9/28/2025,5,392.76,69.35,84,Electronics,Mobile,Bank Transfer,Email Campaign,0,4,0,2,0,0
C06580,Germany,40,Male,Free,7/11/2023,23,911.42,44.19,19,Clothing & Apparel,Mobile,Credit Card,Paid Ad,1,5,2,0,0,0
C06581,India,53,Female,Free,7/15/2024,8,298.74,35.28,304,Home & Kitchen,Desktop,Credit Card,Social Media,2,4.5,1,19,0,0
C06582,South Korea,30,Male,Free,5/29/2025,20,1372.48,78.19,20,Beauty & Personal Care,Tablet,Debit Card,Direct,4,4.8,0,2,0,0
C06583,India,22,Male,Free,1/25/2026,13,131.18,11.45,47,Clothing & Apparel,Mobile,Bank Transfer,Organic Search,1,3.5,0,12,1,0
C06584,United States,64,Female,Free,5/31/2024,33,376.16,11.13,60,Health & Wellness,Tablet,UPI / Digital Wallet,Email Campaign,5,4.6,4,9,1,0
C06585,Mexico,18,Male,Free,11/29/2025,10,220.79,23.59,99,Pet Supplies,Desktop,Debit Card,Organic Search,3,3.5,0,0,1,0
C06586,Canada,41,Female,Free,8/16/2025,8,386.76,46.28,29,Home & Kitchen,Mobile,Debit Card,Paid Ad,2,4.3,0,8,0,0
C06587,United States,26,Female,Free,11/13/2025,18,1960.58,125.85,5,Health & Wellness,Desktop,Credit Card,Social Media,2,3.9,2,0,1,0
C06588,Australia,41,Male,Free,3/27/2026,20,1798.31,105.24,187,Jewelry & Accessories,Mobile,Debit Card,Direct,1,3.2,2,2,1,0
C06589,India,56,Female,Silver,12/13/2024,3,155.96,47.66,27,Electronics,Mobile,PayPal,Organic Search,0,4.6,0,0,1,0
C06590,Germany,26,Female,Gold,4/1/2023,17,782.3,41.16,53,Food & Grocery,Mobile,Debit Card,Referral,5,4.2,1,10,0,0
C06591,United States,34,Male,Gold,5/9/2024,9,599.02,59.01,151,Electronics,Tablet,Debit Card,Email Campaign,2,4.2,1,3,1,0
C06592,United States,51,Female,Free,12/15/2023,55,4851.97,86.78,70,Electronics,Desktop,UPI / Digital Wallet,Email Campaign,14,4.6,4,1,1,0
C06593,Germany,25,Male,Free,4/1/2025,9,273.07,33.21,23,Clothing & Apparel,Mobile,Credit Card,Social Media,0,3.9,0,0,1,1
C06594,Germany,43,Female,Free,12/15/2025,17,643.73,36.86,27,Jewelry & Accessories,Mobile,PayPal,Paid Ad,3,4.3,0,7,1,0
C06595,Italy,18,Female,Free,11/3/2022,29,3128.07,99.15,13,Food & Grocery,Desktop,Credit Card,Organic Search,4,4.6,3,5,0,0
C06596,Brazil,41,Female,Silver,10/3/2025,23,738.29,32.81,15,Home & Kitchen,Desktop,Debit Card,Referral,3,4.4,2,6,0,0
C06597,United States,52,Male,Free,3/16/2026,3,169.49,56.87,73,Office Supplies,Desktop,PayPal,Organic Search,0,4.3,0,2,1,1
C06598,United Kingdom,25,Female,Platinum,12/31/2025,12,1251.39,95.72,9,Clothing & Apparel,Mobile,Credit Card,Paid Ad,4,4.1,0,4,1,0
C06599,South Korea,35,Female,Silver,6/12/2025,31,1018.56,30.14,34,Health & Wellness,Mobile,Credit Card,Email Campaign,9,4.1,1,12,1,0
C06600,United Kingdom,30,Male,Free,6/22/2025,10,401.71,43.82,20,Home & Kitchen,Mobile,Debit Card,Organic Search,3,4.1,1,9,1,0
C06601,India,32,Female,Free,4/1/2025,18,1023.42,59.93,15,Home & Kitchen,Mobile,Debit Card,Paid Ad,2,3.7,0,5,1,1
C06602,Germany,40,Female,Free,5/30/2021,3,202.97,67.37,33,Clothing & Apparel,Mobile,Credit Card,Direct,1,4.3,0,3,1,0
C06603,India,23,Female,Free,7/1/2022,3,173.8,59.47,29,Pet Supplies,Desktop,Credit Card,Organic Search,0,3,0,0,1,0
C06604,United States,28,Female,Free,7/29/2025,3,364.09,112.21,2,Clothing & Apparel,Mobile,Credit Card,Social Media,0,4.1,0,3,0,0
C06605,India,22,Female,Free,7/3/2025,4,97.99,24.29,69,Clothing & Apparel,Mobile,Buy Now Pay Later,Organic Search,0,4.1,0,2,1,0
C06606,India,35,Male,Platinum,3/15/2026,9,809.96,83.49,12,Clothing & Apparel,Desktop,Credit Card,Email Campaign,1,4.2,1,3,1,0
C06607,India,18,Female,Free,10/23/2025,11,349.05,30.2,39,Electronics,Mobile,Credit Card,Paid Ad,3,3.6,0,8,0,0
C06608,United States,52,Male,Free,5/18/2024,23,1496.24,61.61,107,Food & Grocery,Mobile,Credit Card,Organic Search,6,4.6,2,0,1,0
C06609,Australia,41,Male,Free,8/27/2022,12,798.32,63.5,128,Clothing & Apparel,Desktop,UPI / Digital Wallet,Social Media,3,3.9,0,8,0,0
C06610,Brazil,50,Male,Gold,2/3/2026,2,89.38,42.08,119,Food & Grocery,Mobile,Credit Card,Social Media,0,4,0,0,0,0
C06611,Canada,34,Male,Free,3/10/2026,26,1909.66,66.17,27,Beauty & Personal Care,Mobile,Credit Card,Organic Search,9,4.6,2,4,0,0
C06612,United States,30,Male,Silver,11/22/2023,13,631.67,56.09,36,Clothing & Apparel,Desktop,UPI / Digital Wallet,Paid Ad,3,4,1,7,0,0
C06613,United States,41,Female,Free,12/8/2023,4,247.29,55.02,124,Sports & Outdoors,Desktop,PayPal,Organic Search,0,3.8,0,14,0,0
C06614,South Korea,25,Female,Free,12/15/2025,2,485.39,226.51,40,Pet Supplies,Mobile,Credit Card,Email Campaign,0,3.8,0,9,0,0
C06615,United States,36,Male,Free,3/29/2026,33,1150.91,39.69,154,Electronics,Desktop,Debit Card,Paid Ad,7,4.4,2,6,1,0
C06616,United States,44,Male,Silver,10/24/2023,21,1486.58,68.95,4,Electronics,Mobile,Credit Card,Social Media,2,4.4,1,1,1,0
C06617,Australia,33,Male,Free,1/17/2023,12,1233.61,93.66,3,Toys & Games,Mobile,Buy Now Pay Later,Social Media,1,4.6,1,0,1,0
C06618,United States,24,Female,Free,6/17/2024,35,3088.26,77.75,106,Health & Wellness,Mobile,Credit Card,Organic Search,10,4.5,3,4,0,0
C06619,Germany,30,Male,Free,10/24/2025,2,76.05,33.12,75,Toys & Games,Mobile,UPI / Digital Wallet,Referral,0,4.2,0,3,1,0
C06620,United States,28,Female,Gold,10/22/2025,21,1957.05,96.54,61,Travel & Luggage,Mobile,Debit Card,Referral,1,4.9,1,0,1,0
C06621,Japan,35,Male,Silver,9/25/2023,23,1230.63,59.43,0,Food & Grocery,Mobile,Debit Card,Social Media,5,4.3,2,11,0,0
C06622,United Kingdom,54,Male,Free,4/15/2025,2,94.48,49.81,10,Electronics,Mobile,PayPal,Email Campaign,0,4.3,0,5,1,0
C06623,United States,24,Male,Gold,4/9/2025,1,65.51,58.05,93,Beauty & Personal Care,Desktop,Buy Now Pay Later,Referral,0,4.4,0,2,1,0
C06624,United States,38,Male,Free,4/3/2024,17,1006.62,53.02,32,Electronics,Tablet,Credit Card,Paid Ad,2,4.5,2,4,1,0
C06625,Germany,48,Female,Free,8/16/2019,9,479.27,57.25,43,Sports & Outdoors,Tablet,Credit Card,Social Media,2,4.8,1,3,0,0
C06626,UAE,46,Female,Gold,11/2/2025,17,848.46,43.55,8,Electronics,Desktop,PayPal,Organic Search,3,3.6,1,2,1,0
C06627,India,41,Female,Silver,1/1/2023,18,1289.22,63.3,121,Jewelry & Accessories,Mobile,Credit Card,Direct,1,4.5,1,6,0,0
C06628,Turkey,38,Male,Free,8/18/2023,4,298.65,80.57,1,Books,Mobile,Debit Card,Organic Search,0,4.3,0,0,0,1
C06629,Germany,18,Female,Free,11/4/2022,5,162.86,34.68,6,Home & Kitchen,Mobile,Buy Now Pay Later,Social Media,1,3.8,0,19,1,0
C06630,Australia,34,Male,Free,3/1/2026,8,231.52,30.37,46,Health & Wellness,Mobile,UPI / Digital Wallet,Organic Search,2,4.8,1,0,0,0
C06631,France,24,Female,Free,1/20/2024,63,3783.67,53.45,0,Jewelry & Accessories,Desktop,PayPal,Social Media,19,4.8,9,1,1,0
C06632,South Africa,27,Male,Free,2/13/2025,3,107.51,39.87,48,Pet Supplies,Mobile,Credit Card,Organic Search,0,4.3,0,1,1,0
C06633,United Kingdom,42,Other,Free,7/30/2025,1,221.32,236.17,95,Clothing & Apparel,Mobile,Credit Card,Social Media,0,2.6,0,17,1,0
C06634,United States,35,Female,Gold,3/1/2026,13,693.07,61.96,0,Electronics,Mobile,PayPal,Social Media,2,4.3,0,2,1,0
C06635,Mexico,32,Female,Gold,1/26/2026,5,544.09,122.58,41,Travel & Luggage,Mobile,Credit Card,Social Media,1,3.8,0,1,1,0
C06636,Canada,40,Female,Free,8/6/2025,5,536.34,103.49,66,Jewelry & Accessories,Desktop,Debit Card,Email Campaign,1,4.7,0,0,0,0
C06637,Canada,53,Male,Free,4/24/2025,27,919.02,37.12,51,Home & Kitchen,Tablet,UPI / Digital Wallet,Organic Search,6,3.5,3,6,0,0
C06638,Brazil,18,Female,Silver,12/26/2025,27,1150.25,39.93,24,Electronics,Desktop,PayPal,Email Campaign,9,3.2,2,8,1,0
C06639,Mexico,18,Female,Silver,5/6/2025,15,1172.66,79.61,86,Health & Wellness,Desktop,Credit Card,Email Campaign,1,4.6,0,3,0,0
C06640,United States,52,Male,Free,12/14/2023,40,4980.39,114.57,50,Clothing & Apparel,Desktop,Debit Card,Referral,12,4.2,0,10,1,1
C06641,Sweden,28,Female,Platinum,3/14/2026,5,721.93,133.2,83,Clothing & Apparel,Mobile,Credit Card,Direct,0,2.5,0,5,0,0
C06642,United States,48,Female,Gold,10/22/2025,9,1348.9,150.15,0,Sports & Outdoors,Mobile,Credit Card,Email Campaign,2,4.2,0,1,1,0
C06643,United States,59,Female,Gold,4/8/2023,71,1317.58,21.16,3,Beauty & Personal Care,Desktop,Buy Now Pay Later,Social Media,9,4.8,1,2,1,0
C06644,Italy,18,Male,Free,7/30/2025,3,158.79,58.34,202,Beauty & Personal Care,Mobile,Credit Card,Direct,0,3.4,0,1,1,0
C06645,India,33,Female,Gold,7/3/2025,19,1372.36,74,31,Food & Grocery,Desktop,Credit Card,Social Media,4,4.2,2,0,1,0
C06646,Italy,40,Female,Gold,1/8/2026,3,738.22,224.06,110,Sports & Outdoors,Mobile,Debit Card,Organic Search,0,4.4,0,2,1,0
C06647,Germany,18,Male,Free,6/21/2022,49,4222.7,89.7,95,Electronics,Mobile,Debit Card,Social Media,11,4.8,2,4,0,0
C06648,Japan,48,Female,Silver,7/4/2024,1,137.96,122.8,41,Food & Grocery,Mobile,Bank Transfer,Social Media,0,4,0,0,0,1
C06649,Brazil,37,Female,Free,2/5/2026,18,2325.88,141.7,82,Health & Wellness,Mobile,Credit Card,Email Campaign,5,4.3,1,9,1,0
C06650,United States,18,Male,Silver,6/12/2023,35,3935.51,99.89,8,Toys & Games,Desktop,UPI / Digital Wallet,Organic Search,2,3.9,1,1,1,0
C06651,France,30,Female,Free,9/25/2025,45,5371.23,114.79,14,Books,Mobile,Debit Card,Organic Search,2,3.8,3,5,0,0
C06652,United States,40,Male,Gold,2/16/2025,14,960.36,72.25,30,Electronics,Mobile,Credit Card,Direct,5,4.4,1,0,1,0
C06653,United Kingdom,28,Female,Silver,6/22/2019,13,816.29,58.99,180,Clothing & Apparel,Tablet,Credit Card,Paid Ad,0,4.4,0,0,0,0
C06654,Italy,41,Female,Silver,2/1/2025,12,2632.42,212.51,6,Office Supplies,Mobile,UPI / Digital Wallet,Direct,0,4.5,1,3,0,0
C06655,France,45,Female,Free,7/20/2025,15,1115.51,68.95,195,Electronics,Desktop,Credit Card,Email Campaign,1,3.8,0,3,1,0
C06656,Canada,31,Male,Free,1/26/2022,22,403.54,16.18,10,Electronics,Desktop,Debit Card,Social Media,2,4.2,0,6,1,0
C06657,United States,43,Female,Free,1/6/2024,15,834.65,60.54,84,Beauty & Personal Care,Mobile,Credit Card,Organic Search,3,3.8,1,1,1,0
C06658,United States,26,Female,Free,5/19/2024,6,1190.93,231.17,89,Office Supplies,Tablet,Debit Card,Organic Search,0,4.6,0,5,1,0
C06659,United States,47,Female,Silver,2/16/2025,1,123.46,123.87,73,Clothing & Apparel,Mobile,Buy Now Pay Later,Email Campaign,0,4.4,0,0,1,1
C06660,Italy,40,Female,Gold,3/17/2023,15,1872.67,127.02,8,Home & Kitchen,Mobile,Credit Card,Email Campaign,4,2.7,1,3,0,0
C06661,India,34,Female,Gold,1/26/2023,4,233,64.1,171,Health & Wellness,Desktop,PayPal,Referral,1,3.8,0,8,1,0
C06662,India,18,Male,Free,10/5/2024,9,544.46,58.41,68,Home & Kitchen,Mobile,Credit Card,Paid Ad,1,3.8,0,1,0,0
C06663,United Kingdom,40,Male,Free,3/29/2021,15,999.88,70.72,101,Food & Grocery,Mobile,Debit Card,Email Campaign,5,3.9,1,2,0,1
C06664,Japan,50,Female,Free,12/25/2024,9,382.62,40.67,41,Electronics,Desktop,Debit Card,Direct,3,4.8,0,0,1,0
C06665,United Kingdom,27,Male,Gold,7/6/2024,12,2535.41,194.7,54,Home & Kitchen,Desktop,UPI / Digital Wallet,Social Media,0,4.4,0,4,1,0
C06666,Japan,32,Other,Free,5/6/2025,53,5967.28,132.37,32,Health & Wellness,Mobile,PayPal,Organic Search,7,4.6,7,2,0,0
C06667,United States,47,Female,Free,11/19/2024,18,2372.5,120.92,209,Clothing & Apparel,Mobile,Credit Card,Social Media,1,4.8,0,1,0,1
C06668,Mexico,40,Male,Platinum,7/1/2024,21,4061.16,215.03,62,Books,Desktop,Credit Card,Email Campaign,2,4.9,2,5,1,0
C06669,Brazil,25,Male,Free,9/26/2025,39,4341.76,124.1,5,Sports & Outdoors,Mobile,Credit Card,Social Media,5,4.3,5,0,1,0
C06670,India,44,Male,Free,2/18/2023,3,337.39,118.99,44,Beauty & Personal Care,Desktop,Cryptocurrency,Paid Ad,0,3.9,0,4,1,1
C06671,Canada,18,Male,Gold,3/8/2026,21,1232.03,56.99,52,Electronics,Mobile,Credit Card,Social Media,4,4.2,1,9,1,0
C06672,United Kingdom,31,Male,Silver,2/3/2025,26,1415.82,56.24,3,Clothing & Apparel,Mobile,Credit Card,Paid Ad,3,4.3,0,4,0,0
C06673,United States,33,Male,Free,9/30/2021,1,91.01,86.93,123,Home & Kitchen,Mobile,Credit Card,Email Campaign,0,4.2,0,7,1,0
C06674,United States,25,Female,Silver,12/27/2023,9,1588.49,157.13,111,Food & Grocery,Mobile,PayPal,Organic Search,2,4.5,0,1,0,0
C06675,United States,48,Male,Silver,5/19/2024,75,7679.35,90.43,55,Clothing & Apparel,Desktop,PayPal,Social Media,10,4.9,0,0,0,0
C06676,United Kingdom,33,Female,Silver,4/2/2024,1,70.91,75.62,33,Home & Kitchen,Desktop,Debit Card,Organic Search,0,3.3,0,7,1,0
C06677,Germany,45,Male,Gold,2/13/2026,8,721.49,78.87,155,Health & Wellness,Tablet,Debit Card,Organic Search,1,4.7,0,1,1,0
C06678,Canada,24,Male,Free,3/15/2025,8,1277.28,141.27,59,Food & Grocery,Desktop,Debit Card,Social Media,1,4.5,1,3,1,0
C06679,United Kingdom,41,Other,Free,3/6/2024,18,616.88,30.67,88,Home & Kitchen,Desktop,UPI / Digital Wallet,Organic Search,1,4.5,0,6,1,0
C06680,Germany,32,Male,Silver,6/11/2023,19,1892.84,94.87,23,Home & Kitchen,Desktop,PayPal,Paid Ad,4,4.2,2,1,0,0
C06681,France,43,Male,Free,2/18/2026,11,1010.7,84.17,46,Jewelry & Accessories,Desktop,Credit Card,Organic Search,4,4.2,0,0,0,0
C06682,Italy,31,Female,Free,6/12/2025,11,537.75,54.29,94,Electronics,Desktop,UPI / Digital Wallet,Organic Search,2,4.3,0,10,0,0
C06683,India,39,Female,Platinum,11/21/2025,2,78.4,41.19,40,Home & Kitchen,Mobile,Cryptocurrency,Email Campaign,0,4.4,0,19,1,0
C06684,United States,23,Female,Free,1/19/2024,22,1955.69,82.77,27,Jewelry & Accessories,Mobile,Credit Card,Organic Search,7,4,1,3,0,0
C06685,Sweden,18,Female,Gold,7/14/2025,22,2328.15,110.97,58,Jewelry & Accessories,Mobile,Debit Card,Organic Search,8,3.7,2,0,0,0
C06686,Italy,52,Female,Platinum,4/5/2024,6,446.85,81.62,56,Clothing & Apparel,Mobile,Credit Card,Paid Ad,1,4.7,0,1,1,0
C06687,Brazil,23,Male,Gold,6/4/2024,13,1006.85,76.21,59,Home & Kitchen,Desktop,Credit Card,Social Media,1,4.4,1,4,0,0
C06688,Poland,40,Male,Free,9/16/2025,16,1007.78,69.09,90,Books,Mobile,Credit Card,Direct,1,4,1,5,0,0
C06689,United Kingdom,30,Male,Free,6/14/2025,9,445.79,48.42,9,Travel & Luggage,Mobile,Credit Card,Referral,2,4.3,0,1,0,0
C06690,Singapore,32,Female,Free,6/30/2023,48,4803.69,88.11,25,Sports & Outdoors,Mobile,PayPal,Referral,5,4.7,0,3,1,0
C06691,India,34,Female,Free,10/6/2023,11,1106.01,87.82,126,Electronics,Mobile,UPI / Digital Wallet,Direct,1,3.9,1,20,0,0
C06692,United States,43,Male,Free,6/3/2023,4,489.96,109.54,46,Office Supplies,Tablet,Debit Card,Paid Ad,0,4.1,0,2,1,0
C06693,United States,19,Female,Free,10/21/2025,8,527.78,70.7,9,Clothing & Apparel,Desktop,Debit Card,Direct,2,4,0,3,0,0
C06694,United Kingdom,22,Female,Platinum,8/21/2023,17,3039.55,207.02,24,Jewelry & Accessories,Mobile,UPI / Digital Wallet,Paid Ad,6,3.2,2,5,1,0
C06695,United States,37,Male,Free,10/13/2025,6,298.43,49.79,185,Electronics,Mobile,Debit Card,Email Campaign,1,4.8,0,5,1,1
C06696,United Kingdom,42,Female,Free,8/29/2024,33,1804.85,61.26,31,Food & Grocery,Mobile,Cryptocurrency,Paid Ad,10,4.6,4,3,0,0
C06697,United States,32,Male,Gold,2/8/2025,15,1007.12,78.29,5,Beauty & Personal Care,Mobile,Credit Card,Organic Search,2,3.9,1,16,1,0
C06698,India,36,Female,Silver,5/22/2025,24,1547.7,64.46,84,Electronics,Tablet,PayPal,Organic Search,3,4.9,2,5,0,0
C06699,Germany,42,Female,Gold,2/25/2023,29,1807.5,55.88,80,Home & Kitchen,Desktop,PayPal,Organic Search,10,4,2,2,0,0
C06700,United Kingdom,50,Female,Free,7/28/2024,1,78.51,69.65,22,Books,Mobile,Debit Card,Organic Search,0,3.5,0,30,1,0
C06701,United Kingdom,30,Male,Free,3/6/2022,31,5746.96,165.1,61,Home & Kitchen,Desktop,Credit Card,Email Campaign,9,3.1,4,7,1,0
C06702,United States,26,Male,Gold,3/27/2025,3,323.58,99.81,15,Clothing & Apparel,Mobile,PayPal,Organic Search,0,4.1,0,0,1,0
C06703,Canada,27,Female,Silver,5/6/2025,62,1469.04,27.67,169,Beauty & Personal Care,Desktop,Credit Card,Organic Search,13,4.1,2,5,0,0
C06704,France,21,Male,Free,3/19/2026,30,1689.02,62.68,135,Electronics,Mobile,Credit Card,Email Campaign,8,4.1,3,3,1,0
C06705,Brazil,32,Female,Free,10/12/2021,12,2572.04,218.57,13,Pet Supplies,Desktop,Credit Card,Paid Ad,1,4.7,0,27,0,0
C06706,Italy,35,Female,Free,3/11/2025,19,634.2,35.45,65,Jewelry & Accessories,Mobile,Debit Card,Email Campaign,3,3.6,0,1,0,0
C06707,India,44,Male,Free,1/2/2019,8,184.86,21,51,Electronics,Desktop,Debit Card,Direct,1,4.1,0,6,1,0
C06708,Germany,33,Male,Silver,10/8/2025,8,155.9,18.71,8,Jewelry & Accessories,Desktop,PayPal,Social Media,2,4.4,0,4,1,0
C06709,France,35,Male,Free,2/10/2019,67,6304.98,90.73,59,Pet Supplies,Desktop,Credit Card,Email Campaign,4,4.5,2,4,1,0
C06710,India,32,Male,Free,8/8/2025,67,15886.4,213.25,47,Food & Grocery,Mobile,Credit Card,Direct,12,4.1,8,2,1,0
C06711,France,18,Male,Silver,6/23/2025,2,132.1,72.15,241,Automotive,Mobile,UPI / Digital Wallet,Organic Search,0,3.3,0,1,1,0
C06712,United Kingdom,41,Female,Free,6/14/2024,22,1557.14,74.11,16,Sports & Outdoors,Mobile,Buy Now Pay Later,Social Media,3,3.9,1,4,1,0
C06713,United States,21,Female,Free,4/30/2023,21,656.91,30.49,420,Home & Kitchen,Desktop,PayPal,Social Media,6,4.7,0,0,1,0
C06714,India,34,Female,Free,6/16/2024,2,178.29,84.82,89,Home & Kitchen,Mobile,Credit Card,Direct,0,4.2,0,21,1,0
C06715,Mexico,18,Female,Free,6/9/2023,11,2380.37,232.48,154,Pet Supplies,Desktop,Credit Card,Organic Search,3,4.2,0,3,0,0
C06716,United States,41,Male,Silver,3/28/2026,9,563.83,54.58,16,Electronics,Tablet,Credit Card,Organic Search,0,4.8,0,7,0,0
C06717,United States,33,Female,Free,7/19/2025,30,3078.85,95.77,26,Sports & Outdoors,Desktop,UPI / Digital Wallet,Email Campaign,4,4.7,4,0,0,0
C06718,United States,49,Male,Free,8/19/2020,5,522.58,112.52,114,Toys & Games,Mobile,Credit Card,Organic Search,1,3.4,0,7,1,0
C06719,Brazil,35,Female,Free,8/24/2023,1,136.09,122.7,21,Toys & Games,Desktop,Buy Now Pay Later,Social Media,0,2.8,0,2,0,0
C06720,India,24,Male,Free,1/19/2022,10,679.17,72.28,3,Electronics,Mobile,Debit Card,Organic Search,3,4.3,0,11,0,0
C06721,United States,37,Male,Gold,1/8/2024,4,209.32,58.16,81,Electronics,Desktop,PayPal,Organic Search,0,3,0,8,1,0
C06722,United States,38,Female,Silver,3/4/2026,8,919.74,122.07,19,Clothing & Apparel,Desktop,Debit Card,Social Media,1,3.7,0,2,0,0
C06723,United States,43,Male,Silver,9/21/2024,6,301.76,50.78,10,Electronics,Desktop,Credit Card,Referral,2,3.2,0,2,1,0
C06724,Mexico,35,Female,Silver,3/5/2026,21,1500.23,74.03,3,Electronics,Mobile,Credit Card,Email Campaign,1,3.3,2,2,0,0
C06725,Germany,44,Female,Platinum,11/6/2025,15,341.69,20.73,86,Sports & Outdoors,Mobile,Credit Card,Paid Ad,4,4.4,0,19,1,0
C06726,Australia,24,Male,Free,4/11/2023,33,2129.11,69.3,107,Home & Kitchen,Mobile,Debit Card,Email Campaign,13,3.9,2,5,0,0
C06727,United Kingdom,55,Female,Gold,5/31/2025,24,1046.14,41.85,218,Clothing & Apparel,Desktop,UPI / Digital Wallet,Direct,4,4.1,3,10,0,1
C06728,India,31,Female,Free,12/31/2025,27,969.75,40.03,43,Electronics,Mobile,PayPal,Paid Ad,3,4.4,3,2,1,0
C06729,United Kingdom,32,Female,Free,1/6/2026,13,1128.4,81.29,0,Beauty & Personal Care,Mobile,Credit Card,Paid Ad,2,4.6,0,2,1,0
C06730,United States,28,Male,Free,1/14/2025,18,772.12,45.31,242,Pet Supplies,Desktop,Credit Card,Organic Search,6,3.5,2,0,0,0
C06731,UAE,19,Male,Silver,10/10/2024,11,1333.34,106.62,15,Food & Grocery,Desktop,Credit Card,Social Media,2,4,0,10,1,0
C06732,United States,44,Female,Gold,10/28/2024,14,1129.27,77.2,57,Electronics,Mobile,Credit Card,Referral,5,4.2,0,8,1,0
C06733,Brazil,34,Male,Free,9/1/2019,4,286.2,68.34,5,Books,Mobile,Credit Card,Paid Ad,0,3.2,0,1,1,0
C06734,United States,30,Female,Gold,8/14/2023,3,262.56,86.41,58,Clothing & Apparel,Desktop,PayPal,Direct,1,4.5,0,3,0,0
C06735,Brazil,23,Other,Free,2/28/2022,7,653.01,97.09,84,Health & Wellness,Desktop,Credit Card,Email Campaign,2,4.5,0,4,1,0
C06736,Germany,35,Female,Free,1/23/2025,7,243.62,34.67,24,Clothing & Apparel,Mobile,Debit Card,Social Media,2,4.1,0,0,1,0
C06737,United States,27,Female,Silver,7/24/2025,2,208.07,116.81,10,Jewelry & Accessories,Tablet,PayPal,Paid Ad,0,4.4,0,2,1,1
C06738,India,45,Female,Silver,5/9/2022,15,1232.51,75.59,17,Electronics,Desktop,Credit Card,Paid Ad,5,4.4,0,0,1,0
C06739,United Kingdom,18,Female,Free,2/12/2020,27,887.81,31.45,5,Clothing & Apparel,Mobile,Credit Card,Email Campaign,9,4.4,2,6,1,0
C06740,United States,32,Female,Gold,10/19/2023,4,622.59,137.5,135,Home & Kitchen,Desktop,Credit Card,Social Media,1,3.6,0,4,1,0
C06741,United States,36,Female,Silver,10/10/2025,25,6327.93,225.1,70,Electronics,Desktop,Buy Now Pay Later,Referral,6,3.1,0,5,0,0
C06742,United States,56,Female,Silver,9/27/2025,37,4103.24,126.85,60,Toys & Games,Mobile,UPI / Digital Wallet,Organic Search,12,3.8,0,3,0,0
C06743,United States,29,Female,Free,3/4/2023,6,119.58,17.52,44,Office Supplies,Mobile,Debit Card,Social Media,0,3.2,0,21,1,0
C06744,France,36,Male,Silver,10/11/2025,7,683.61,107.85,34,Electronics,Tablet,Credit Card,Social Media,0,3.4,0,0,0,0
C06745,India,53,Female,Silver,2/9/2026,7,514.84,69.35,62,Sports & Outdoors,Desktop,PayPal,Organic Search,2,2.6,0,9,1,0
C06746,Australia,26,Male,Free,11/29/2023,36,1112.73,34.3,12,Health & Wellness,Tablet,Credit Card,Social Media,8,4.6,4,0,0,0
C06747,Turkey,33,Male,Silver,4/24/2024,15,811.09,60.98,36,Home & Kitchen,Desktop,Credit Card,Paid Ad,0,4.6,2,5,1,0
C06748,Canada,33,Female,Platinum,5/7/2025,7,1130.63,149.67,11,Automotive,Mobile,PayPal,Paid Ad,1,4.3,0,0,1,0
C06749,India,41,Male,Silver,5/3/2025,3,111.83,32.66,34,Electronics,Mobile,PayPal,Paid Ad,1,4.2,0,11,0,0
C06750,United States,21,Male,Silver,5/26/2025,22,2553.98,125.32,174,Pet Supplies,Desktop,Credit Card,Email Campaign,4,4.4,0,9,1,0
C06751,United States,24,Male,Silver,7/29/2024,33,3362.93,91.3,104,Home & Kitchen,Desktop,Credit Card,Referral,10,4.5,0,2,0,0
C06752,United States,27,Other,Silver,1/18/2025,40,7891.82,225.81,36,Toys & Games,Desktop,Credit Card,Email Campaign,10,3.5,5,2,1,0
C06753,United States,43,Male,Silver,4/4/2025,13,469.03,33.67,98,Clothing & Apparel,Mobile,UPI / Digital Wallet,Organic Search,4,4.1,1,4,1,0
C06754,South Korea,27,Female,Free,1/6/2026,1,79.85,75.19,191,Electronics,Tablet,PayPal,Social Media,0,3.9,0,21,0,0
C06755,Germany,31,Female,Free,2/21/2026,14,263.51,21.88,135,Electronics,Tablet,PayPal,Social Media,4,4,0,8,0,0
C06756,France,18,Male,Free,1/24/2023,15,991.26,58.49,16,Jewelry & Accessories,Mobile,UPI / Digital Wallet,Organic Search,1,4.2,0,7,1,0
C06757,United Kingdom,53,Male,Free,11/6/2022,26,886.42,36.14,6,Home & Kitchen,Desktop,Credit Card,Email Campaign,3,4.8,3,5,1,0
C06758,United States,49,Male,Platinum,11/5/2025,36,2924.34,78.62,295,Clothing & Apparel,Desktop,PayPal,Direct,9,4.2,3,3,1,1
C06759,United States,28,Male,Free,9/8/2019,7,186.76,31.17,43,Electronics,Mobile,Debit Card,Email Campaign,0,4,0,8,1,0
C06760,Japan,24,Female,Free,8/18/2023,7,528.01,86.34,47,Electronics,Mobile,Credit Card,Social Media,1,2.8,0,5,1,0
C06761,Brazil,42,Male,Free,2/19/2026,7,207.8,30.05,43,Home & Kitchen,Desktop,PayPal,Direct,2,2.8,0,3,1,0
C06762,Netherlands,61,Female,Free,6/25/2025,10,830.91,74.44,3,Jewelry & Accessories,Tablet,PayPal,Email Campaign,1,4.2,1,3,0,0
C06763,South Africa,19,Male,Free,10/2/2023,8,1655.41,235.11,134,Food & Grocery,Mobile,Credit Card,Email Campaign,0,3.3,1,1,1,0
C06764,Turkey,28,Male,Free,2/25/2025,43,3879.5,91.8,46,Toys & Games,Desktop,Credit Card,Email Campaign,2,4.6,5,0,0,0
C06765,United States,27,Male,Platinum,7/29/2024,7,1471.39,192.32,7,Electronics,Tablet,Credit Card,Paid Ad,1,3,1,4,1,0
C06766,Germany,57,Female,Free,3/31/2024,1,46.82,50.53,29,Automotive,Mobile,Credit Card,Paid Ad,0,4.1,0,12,1,0
C06767,Spain,42,Female,Silver,6/15/2025,52,6676.31,127.96,42,Automotive,Tablet,PayPal,Organic Search,13,3.6,0,1,0,0
C06768,Spain,34,Male,Platinum,5/30/2021,41,6209.19,133.25,16,Clothing & Apparel,Tablet,Buy Now Pay Later,Email Campaign,10,4.4,4,9,1,0
C06769,Mexico,29,Male,Silver,8/4/2025,6,163.35,24.51,9,Toys & Games,Mobile,UPI / Digital Wallet,Organic Search,1,2.4,0,12,0,0
C06770,United Kingdom,48,Male,Free,4/21/2023,9,187.57,21.02,100,Beauty & Personal Care,Mobile,Debit Card,Social Media,3,4.7,0,6,1,0
C06771,Germany,19,Female,Silver,7/28/2023,7,405.31,58.31,275,Clothing & Apparel,Mobile,Credit Card,Organic Search,2,4.2,0,3,1,1
C06772,France,47,Male,Free,6/7/2025,9,1129.41,144.24,194,Automotive,Desktop,Debit Card,Social Media,2,4.3,0,10,0,0
C06773,United States,42,Female,Free,2/4/2026,10,1457,134.04,130,Electronics,Tablet,Buy Now Pay Later,Social Media,2,4.8,0,2,1,0
C06774,Germany,50,Female,Silver,5/24/2024,20,643.43,36.25,44,Jewelry & Accessories,Desktop,Debit Card,Direct,3,4.8,0,0,1,0
C06775,France,51,Female,Gold,11/18/2025,51,15596.89,267.52,24,Sports & Outdoors,Mobile,Debit Card,Organic Search,3,4.5,3,1,0,0
C06776,United States,21,Female,Free,10/25/2024,68,3294.05,43.32,21,Clothing & Apparel,Desktop,Credit Card,Email Campaign,24,3.6,2,6,1,0
C06777,France,47,Female,Free,1/4/2026,31,1324.06,47.51,138,Home & Kitchen,Desktop,UPI / Digital Wallet,Email Campaign,11,4.1,4,0,0,0
C06778,United Kingdom,29,Male,Free,7/7/2025,10,285.59,29.59,227,Clothing & Apparel,Tablet,Debit Card,Organic Search,3,4.4,1,4,1,0
C06779,India,49,Male,Free,3/12/2026,3,298.72,87.58,46,Clothing & Apparel,Mobile,Credit Card,Email Campaign,0,4.4,0,3,1,0
C06780,India,33,Male,Silver,6/19/2025,24,1605.42,70.42,20,Electronics,Mobile,PayPal,Email Campaign,2,3.8,3,17,0,0
C06781,United States,43,Male,Gold,11/23/2024,8,393.77,43.05,207,Toys & Games,Desktop,Debit Card,Organic Search,1,4,0,13,1,0
C06782,Italy,19,Female,Free,7/23/2023,17,386.41,24.89,63,Automotive,Mobile,Credit Card,Social Media,3,4.1,0,1,1,0
C06783,United States,49,Male,Gold,10/9/2023,14,1057.69,73.65,90,Beauty & Personal Care,Desktop,Debit Card,Organic Search,3,3,1,2,1,0
C06784,United States,25,Female,Free,11/5/2024,20,1470.49,72.42,37,Electronics,Desktop,PayPal,Social Media,2,4.1,2,4,1,0
C06785,Netherlands,18,Male,Platinum,3/17/2023,15,4860.15,295.19,11,Beauty & Personal Care,Desktop,PayPal,Email Campaign,1,4.6,1,14,0,0
C06786,United Kingdom,34,Female,Free,3/19/2026,4,941.69,234.34,79,Food & Grocery,Mobile,UPI / Digital Wallet,Direct,1,4,0,5,1,0
C06787,France,50,Female,Free,8/24/2024,7,511.29,83.15,10,Jewelry & Accessories,Tablet,Credit Card,Social Media,0,3.8,0,6,0,0
C06788,United States,33,Female,Free,12/24/2025,9,506.28,63.43,317,Clothing & Apparel,Desktop,Credit Card,Paid Ad,0,4.1,0,17,1,0
C06789,Germany,36,Female,Free,4/1/2024,15,997.84,65.32,154,Health & Wellness,Mobile,UPI / Digital Wallet,Social Media,4,3.8,0,6,1,0
C06790,United States,21,Male,Free,11/13/2025,9,497.6,54.34,13,Sports & Outdoors,Mobile,Debit Card,Social Media,0,3.8,0,4,1,0
C06791,United States,35,Female,Silver,1/6/2026,29,948.18,33.98,103,Home & Kitchen,Mobile,Credit Card,Paid Ad,3,4.3,0,5,1,0
C06792,United Kingdom,49,Male,Free,8/8/2023,6,857.38,165.67,95,Beauty & Personal Care,Mobile,Debit Card,Organic Search,1,2.9,0,3,1,0
C06793,United Kingdom,31,Male,Silver,10/2/2019,36,5159.41,156.99,57,Pet Supplies,Mobile,Credit Card,Paid Ad,4,2.5,0,7,1,0
C06794,India,31,Female,Silver,2/6/2026,4,1163.89,285.41,36,Home & Kitchen,Mobile,Debit Card,Email Campaign,1,2.7,0,0,1,0
C06795,France,18,Female,Silver,12/22/2024,35,903.57,22.78,63,Electronics,Mobile,Credit Card,Email Campaign,3,4.3,1,0,1,0
C06796,United States,42,Female,Silver,7/7/2025,26,1943.63,77.81,65,Automotive,Tablet,Debit Card,Email Campaign,2,4.6,3,0,1,0
C06797,Spain,48,Male,Free,11/27/2025,2,82.19,36.75,58,Food & Grocery,Desktop,PayPal,Social Media,0,3.6,0,17,1,0
C06798,United States,18,Female,Free,5/6/2022,13,670.93,47.29,72,Electronics,Mobile,Cryptocurrency,Email Campaign,3,3.3,0,3,1,0
C06799,France,35,Male,Free,8/31/2024,2,63.6,33.88,190,Electronics,Mobile,Debit Card,Referral,0,4.4,0,0,0,0
C06800,United States,36,Female,Free,10/28/2025,1,96.28,91.12,49,Toys & Games,Mobile,Debit Card,Paid Ad,0,4,0,2,1,0
C06801,Spain,37,Male,Gold,12/24/2022,2,393.16,202,52,Electronics,Mobile,Debit Card,Organic Search,0,4.9,0,5,1,0
C06802,Turkey,18,Female,Free,5/29/2025,29,1600.3,53.15,3,Health & Wellness,Mobile,Credit Card,Email Campaign,6,4.2,2,7,0,0
C06803,United States,41,Female,Silver,12/22/2023,14,569.08,42.94,9,Jewelry & Accessories,Tablet,Bank Transfer,Paid Ad,0,4.4,1,7,1,0
C06804,Italy,40,Male,Silver,10/13/2024,10,595.18,57.52,179,Home & Kitchen,Tablet,Credit Card,Social Media,0,2.6,1,1,0,0
C06805,India,23,Male,Free,9/19/2019,3,69.99,21.75,44,Home & Kitchen,Mobile,Credit Card,Organic Search,1,4.7,0,1,1,0
C06806,Sweden,30,Female,Free,3/5/2024,5,166.11,35.61,137,Electronics,Mobile,Credit Card,Social Media,1,4.4,0,1,0,0
C06807,United States,18,Female,Free,9/25/2021,20,463.23,23.05,8,Pet Supplies,Desktop,UPI / Digital Wallet,Social Media,1,4.2,2,5,1,1
C06808,United Kingdom,40,Female,Gold,12/2/2025,15,582.8,37.04,9,Beauty & Personal Care,Mobile,Credit Card,Referral,4,4.4,1,1,1,0
C06809,Japan,43,Other,Free,8/6/2021,8,850.33,95.58,90,Beauty & Personal Care,Desktop,Credit Card,Email Campaign,1,4.4,0,5,0,1
C06810,United States,55,Female,Silver,1/25/2026,16,1423.79,78.23,40,Electronics,Desktop,Credit Card,Referral,2,4.2,1,2,0,0
C06811,United States,35,Female,Platinum,11/10/2024,1,92.25,85.72,82,Food & Grocery,Desktop,Credit Card,Organic Search,0,3.7,0,4,1,0
C06812,India,20,Male,Free,1/19/2026,47,5041.53,104.59,132,Electronics,Mobile,Debit Card,Direct,13,3.3,2,20,1,0
C06813,South Korea,19,Male,Silver,1/13/2026,7,878.68,112.41,80,Beauty & Personal Care,Mobile,UPI / Digital Wallet,Organic Search,1,4.1,0,0,1,0
C06814,India,26,Female,Gold,3/21/2024,4,1195.93,337.45,0,Electronics,Tablet,Credit Card,Paid Ad,0,4.1,0,13,0,0
C06815,South Africa,31,Male,Free,2/23/2026,1,62.96,59.22,10,Electronics,Mobile,Credit Card,Direct,0,3.4,0,2,0,0
C06816,United States,23,Female,Free,11/17/2024,16,645.81,36.39,101,Toys & Games,Desktop,Cryptocurrency,Paid Ad,3,3.6,2,1,1,0
C06817,United States,48,Female,Silver,9/10/2024,14,814.16,57.72,127,Clothing & Apparel,Desktop,Debit Card,Referral,4,3.9,1,18,1,0
C06818,Germany,35,Male,Gold,7/25/2025,7,197.41,31.22,175,Home & Kitchen,Mobile,Debit Card,Social Media,1,4.1,0,0,0,0
C06819,Canada,32,Male,Platinum,2/16/2026,9,1412.68,144.14,134,Electronics,Desktop,Debit Card,Social Media,1,3.8,0,11,0,0
C06820,United Kingdom,25,Female,Free,5/19/2025,4,419.6,99.47,119,Health & Wellness,Mobile,Debit Card,Social Media,0,4.7,0,0,0,0
C06821,India,23,Female,Free,5/26/2025,40,2416.87,53.38,4,Beauty & Personal Care,Mobile,Debit Card,Organic Search,14,4.8,2,17,1,0
C06822,Spain,30,Female,Free,12/25/2025,16,761.25,41.75,104,Sports & Outdoors,Mobile,Credit Card,Paid Ad,2,4.4,1,2,0,0
C06823,United States,51,Male,Free,7/7/2017,53,6455.74,132.46,134,Health & Wellness,Desktop,Bank Transfer,Organic Search,18,3.4,4,0,1,0
C06824,India,19,Female,Free,8/10/2025,7,534.86,67.39,33,Travel & Luggage,Desktop,Credit Card,Email Campaign,0,4.4,0,1,0,0
C06825,Japan,18,Female,Free,8/27/2024,10,397.91,37.71,27,Pet Supplies,Desktop,Credit Card,Organic Search,0,4.8,0,1,1,0
C06826,United States,52,Female,Free,7/7/2025,21,2109.83,98.67,3,Electronics,Mobile,PayPal,Social Media,6,3.1,2,6,1,0
C06827,United States,44,Female,Free,10/15/2023,14,558.99,43.61,102,Electronics,Mobile,Credit Card,Referral,1,2.1,1,4,0,0
C06828,India,57,Male,Free,7/18/2025,4,119.05,33.45,16,Electronics,Desktop,UPI / Digital Wallet,Social Media,1,3.9,0,4,1,0
C06829,Australia,43,Female,Free,3/31/2023,26,2280.61,82.43,5,Sports & Outdoors,Desktop,Credit Card,Organic Search,6,4.5,1,0,0,0
C06830,India,51,Male,Silver,7/12/2023,27,2921.37,116.48,7,Home & Kitchen,Tablet,Credit Card,Organic Search,2,4.5,0,1,0,0
C06831,Mexico,27,Male,Silver,1/19/2024,4,187.97,47.06,11,Electronics,Mobile,PayPal,Organic Search,0,3.6,0,4,0,0
C06832,Australia,32,Female,Free,7/5/2025,23,5015.77,193.11,80,Clothing & Apparel,Mobile,Debit Card,Organic Search,5,4.8,2,1,1,0
C06833,Brazil,18,Male,Free,3/19/2025,5,1911.87,397.42,29,Office Supplies,Tablet,UPI / Digital Wallet,Social Media,1,4.8,0,2,0,0
C06834,United States,18,Female,Silver,3/28/2026,17,1411.13,76.62,32,Toys & Games,Desktop,Debit Card,Social Media,2,4.1,0,12,1,0
C06835,United Kingdom,28,Female,Free,8/21/2025,17,356.97,21.14,136,Clothing & Apparel,Tablet,Credit Card,Social Media,4,4.7,0,4,1,0
C06836,South Africa,41,Male,Free,1/8/2026,1,16.42,17.11,286,Clothing & Apparel,Mobile,Credit Card,Paid Ad,0,3.9,0,3,1,0
C06837,United States,45,Male,Free,3/3/2025,15,655.59,45.62,16,Electronics,Tablet,Debit Card,Paid Ad,3,4.4,1,6,1,0
C06838,United States,26,Male,Silver,11/19/2025,3,213.9,73.37,54,Electronics,Mobile,PayPal,Social Media,0,2.4,0,15,1,0
C06839,United States,18,Female,Free,12/10/2022,6,370.3,59.95,56,Electronics,Mobile,PayPal,Direct,2,4.1,0,10,1,0
C06840,Germany,31,Female,Gold,11/13/2025,6,366.71,62.43,42,Automotive,Mobile,PayPal,Social Media,1,4.7,0,3,1,0
C06841,Canada,43,Female,Platinum,10/12/2023,2,331.15,184.78,21,Electronics,Mobile,UPI / Digital Wallet,Email Campaign,0,4.6,0,2,0,0
C06842,South Korea,26,Female,Free,7/17/2025,10,161.6,16.05,13,Pet Supplies,Mobile,PayPal,Email Campaign,0,4.5,1,12,0,1
C06843,United Kingdom,39,Male,Free,3/20/2026,13,955.7,68.17,0,Home & Kitchen,Desktop,Debit Card,Direct,3,3,1,4,0,0
C06844,United States,33,Male,Free,8/28/2022,1,163.17,175.08,21,Clothing & Apparel,Mobile,UPI / Digital Wallet,Social Media,0,3.7,0,12,0,0
C06845,India,41,Male,Free,1/11/2026,23,913.09,44.95,48,Office Supplies,Tablet,Buy Now Pay Later,Social Media,1,4.4,2,3,0,0
C06846,United Kingdom,48,Male,Platinum,8/25/2024,20,3799.12,216.77,37,Sports & Outdoors,Mobile,UPI / Digital Wallet,Email Campaign,6,4.7,1,3,0,0
C06847,Netherlands,46,Female,Free,2/28/2024,62,2966.5,44.47,5,Toys & Games,Mobile,PayPal,Organic Search,11,4.2,0,2,0,0
C06848,United States,53,Male,Silver,11/7/2025,1,21.39,23.81,24,Clothing & Apparel,Mobile,UPI / Digital Wallet,Organic Search,0,3.7,0,3,1,0
C06849,France,34,Male,Free,10/5/2024,52,4301.34,75.54,10,Automotive,Mobile,Credit Card,Paid Ad,10,4.7,4,0,0,0
C06850,United Kingdom,51,Male,Silver,7/8/2025,35,1971.07,50.6,49,Electronics,Desktop,UPI / Digital Wallet,Direct,13,4.6,0,6,1,0
C06851,United States,38,Female,Silver,7/1/2025,6,653.96,118.87,81,Books,Desktop,Credit Card,Social Media,2,3.9,0,4,0,1
C06852,United States,27,Female,Free,8/4/2023,5,226.95,43.49,14,Clothing & Apparel,Desktop,Credit Card,Email Campaign,1,4,0,4,1,0
C06853,Germany,40,Male,Silver,12/5/2024,14,765.91,53.22,75,Home & Kitchen,Mobile,Credit Card,Organic Search,2,3,0,13,1,0
C06854,Japan,52,Female,Free,6/20/2023,37,7065.88,167.74,66,Health & Wellness,Desktop,Debit Card,Referral,1,4.3,1,2,1,0
C06855,Sweden,18,Female,Silver,4/2/2025,13,441.25,39.05,124,Electronics,Desktop,Credit Card,Email Campaign,4,3.8,0,7,1,0
C06856,United States,52,Male,Gold,8/22/2025,3,300.29,107.67,9,Clothing & Apparel,Mobile,UPI / Digital Wallet,Email Campaign,1,3.6,0,3,1,0
C06857,United States,36,Female,Free,3/6/2026,7,64.24,8.18,131,Home & Kitchen,Mobile,PayPal,Organic Search,1,4.7,0,9,1,0
C06858,United States,23,Male,Free,9/8/2025,48,4507.9,88.46,42,Health & Wellness,Mobile,Debit Card,Email Campaign,9,3.7,4,7,1,0
C06859,India,32,Female,Gold,12/11/2025,19,1961.32,94.29,108,Electronics,Mobile,Credit Card,Email Campaign,1,4.1,0,7,1,0
C06860,United States,51,Other,Gold,10/23/2025,7,932.33,123.55,107,Clothing & Apparel,Desktop,Credit Card,Social Media,1,4.9,0,6,1,0
C06861,India,27,Female,Free,3/23/2025,45,2232.73,55.77,144,Clothing & Apparel,Desktop,Credit Card,Email Campaign,11,4.8,1,0,0,0
C06862,United Kingdom,41,Male,Silver,4/1/2023,29,2908.26,95.89,52,Books,Desktop,Credit Card,Organic Search,2,3.2,0,1,1,0
C06863,South Africa,36,Female,Gold,4/19/2022,5,2397.73,460.03,23,Automotive,Mobile,PayPal,Organic Search,1,4,0,0,1,0
C06864,UAE,21,Female,Free,9/16/2024,24,576.86,22.24,30,Clothing & Apparel,Mobile,Credit Card,Paid Ad,5,3.8,0,3,1,0
C06865,Germany,38,Male,Platinum,2/23/2024,1,170.62,190.01,11,Electronics,Mobile,PayPal,Direct,0,2.9,0,2,0,1
C06866,Singapore,44,Female,Free,1/6/2026,22,1143.17,54.24,75,Clothing & Apparel,Desktop,Credit Card,Paid Ad,5,4.6,1,17,1,0
C06867,Germany,29,Male,Free,2/25/2026,30,1073.02,34.39,108,Toys & Games,Mobile,PayPal,Direct,5,3.1,1,3,1,0
C06868,India,20,Female,Free,1/24/2025,37,2029.47,53.97,20,Books,Tablet,Credit Card,Direct,14,3.7,2,12,1,0
C06869,Mexico,34,Female,Silver,6/23/2024,5,806.58,143.94,36,Books,Mobile,Bank Transfer,Organic Search,1,4.5,0,12,1,0
C06870,United States,27,Female,Free,9/30/2025,22,485.42,20.11,46,Electronics,Desktop,Credit Card,Email Campaign,1,4,0,5,1,0
C06871,Germany,40,Male,Gold,11/27/2023,4,239.88,69.66,80,Beauty & Personal Care,Desktop,Credit Card,Direct,0,4.1,0,9,1,0
C06872,Italy,34,Male,Free,2/14/2025,5,295.19,63.92,0,Clothing & Apparel,Tablet,PayPal,Email Campaign,1,3.2,0,4,0,0
C06873,Japan,45,Female,Gold,3/28/2024,47,3790.65,73.98,80,Electronics,Desktop,Debit Card,Organic Search,14,3.7,5,0,0,0
C06874,Mexico,18,Male,Free,9/29/2018,13,3173.48,214.76,60,Pet Supplies,Tablet,PayPal,Email Campaign,2,4.1,0,0,1,0
C06875,United States,51,Male,Free,3/27/2024,38,4708.52,119.12,21,Jewelry & Accessories,Mobile,Debit Card,Paid Ad,7,4.2,4,7,1,0
C06876,United States,21,Female,Gold,1/29/2017,16,3639.44,219.63,8,Health & Wellness,Desktop,PayPal,Direct,6,3.5,2,5,1,0
C06877,United Kingdom,51,Female,Free,8/24/2025,41,6542.49,142.84,38,Health & Wellness,Mobile,PayPal,Direct,12,3.4,4,0,1,0
C06878,India,25,Female,Free,12/31/2024,4,236.52,54.26,25,Beauty & Personal Care,Desktop,PayPal,Organic Search,0,4.1,0,4,1,0
C06879,India,35,Male,Free,5/5/2025,32,6882.12,196.88,63,Books,Desktop,UPI / Digital Wallet,Paid Ad,11,4.1,1,2,0,0
C06880,India,54,Female,Silver,11/11/2025,26,1098.42,48.99,26,Home & Kitchen,Mobile,PayPal,Direct,5,3.8,3,6,1,0
C06881,India,34,Male,Free,6/12/2024,7,524,84.56,82,Jewelry & Accessories,Mobile,PayPal,Email Campaign,0,4.4,0,8,1,0
C06882,United States,25,Female,Silver,5/1/2025,10,157.76,18.44,57,Clothing & Apparel,Desktop,Credit Card,Paid Ad,0,4.9,1,13,1,0
C06883,United States,37,Male,Silver,2/17/2024,16,1112.67,63.04,88,Beauty & Personal Care,Tablet,Credit Card,Email Campaign,3,4.1,0,8,0,0
C06884,United States,25,Other,Free,7/25/2021,33,850.79,28.09,12,Food & Grocery,Tablet,UPI / Digital Wallet,Direct,2,4.4,2,8,0,0
C06885,Netherlands,51,Other,Free,8/28/2024,3,296.98,95.15,114,Home & Kitchen,Mobile,PayPal,Social Media,0,4.7,0,5,0,0
C06886,United States,58,Other,Free,2/3/2026,6,875.13,136.62,85,Beauty & Personal Care,Tablet,PayPal,Social Media,0,4.4,0,2,1,0
C06887,Australia,33,Female,Silver,3/9/2026,7,964.33,120.12,51,Pet Supplies,Mobile,Credit Card,Social Media,2,3.2,0,3,0,0
C06888,Mexico,22,Male,Free,6/1/2022,44,1976.93,52.22,45,Food & Grocery,Desktop,Debit Card,Social Media,2,4.4,3,5,1,0
C06889,France,19,Other,Free,2/25/2026,16,1981,133.53,37,Beauty & Personal Care,Mobile,Credit Card,Paid Ad,3,4.8,1,8,1,0
C06890,Japan,32,Female,Platinum,7/18/2025,5,2612.69,474.92,22,Home & Kitchen,Mobile,Debit Card,Social Media,0,3.4,0,5,0,0
C06891,Germany,50,Female,Platinum,10/19/2023,21,339.54,17.86,21,Home & Kitchen,Mobile,Bank Transfer,Organic Search,7,3.5,2,0,1,0
C06892,Germany,35,Female,Free,11/9/2024,34,807.27,27.24,30,Clothing & Apparel,Mobile,PayPal,Email Campaign,13,4.6,0,1,0,0
C06893,Singapore,45,Male,Free,1/6/2022,5,300.44,63.35,130,Clothing & Apparel,Desktop,Credit Card,Organic Search,1,4.2,0,0,1,1
C06894,United Kingdom,33,Other,Platinum,7/14/2025,4,1114.7,244.96,104,Electronics,Desktop,UPI / Digital Wallet,Email Campaign,0,4,0,9,1,0
C06895,United States,44,Female,Free,3/15/2025,2,457.23,261.03,71,Electronics,Mobile,UPI / Digital Wallet,Paid Ad,0,4,0,1,1,0
C06896,United States,36,Male,Free,2/10/2026,7,1277.35,178.42,38,Clothing & Apparel,Tablet,Credit Card,Social Media,0,3.9,0,7,0,0
C06897,United States,55,Male,Free,6/24/2025,14,1818.95,123.65,94,Clothing & Apparel,Desktop,Credit Card,Direct,3,4.5,0,5,1,0
C06898,United States,21,Female,Gold,4/21/2021,24,6122.48,250.14,26,Food & Grocery,Mobile,UPI / Digital Wallet,Social Media,5,3.8,0,14,1,0
C06899,United States,29,Male,Free,2/19/2026,8,579.93,75.62,177,Beauty & Personal Care,Mobile,PayPal,Organic Search,2,4.4,0,20,1,0
C06900,United States,47,Male,Silver,3/14/2026,13,932.16,71.29,102,Beauty & Personal Care,Mobile,Credit Card,Organic Search,1,3.8,1,0,1,0
C06901,Australia,32,Other,Silver,11/9/2025,9,465.61,47.67,6,Home & Kitchen,Desktop,Credit Card,Direct,1,3.7,0,4,1,1
C06902,Australia,24,Male,Gold,11/29/2024,13,1719.87,115.29,97,Clothing & Apparel,Mobile,Credit Card,Email Campaign,0,3.8,1,6,1,0
C06903,United States,43,Male,Silver,11/9/2024,3,125.86,46.36,1,Electronics,Mobile,Credit Card,Social Media,0,4.5,0,9,1,0
C06904,United States,18,Female,Free,8/30/2023,51,6363.14,118.51,28,Sports & Outdoors,Mobile,Credit Card,Email Campaign,5,2.8,2,17,0,0
C06905,South Korea,30,Male,Platinum,11/30/2022,18,988.17,55.36,6,Sports & Outdoors,Mobile,Debit Card,Social Media,2,4.8,0,36,0,0
C06906,United States,46,Male,Free,12/7/2025,75,2347.46,29.14,0,Clothing & Apparel,Mobile,UPI / Digital Wallet,Organic Search,24,4.6,4,1,0,0
C06907,France,42,Female,Free,4/7/2025,9,129.23,15.72,58,Jewelry & Accessories,Desktop,Credit Card,Organic Search,2,4.1,0,1,1,0
C06908,Brazil,27,Male,Silver,8/26/2024,6,612.15,108.05,71,Electronics,Mobile,Debit Card,Organic Search,1,4.1,0,6,1,0
C06909,United States,26,Female,Free,3/26/2026,10,431.57,37.72,162,Toys & Games,Mobile,Credit Card,Organic Search,0,4.3,0,3,1,0
C06910,Germany,22,Male,Free,7/4/2022,3,584.52,182.16,33,Sports & Outdoors,Mobile,Debit Card,Social Media,0,4,0,6,0,0
C06911,Singapore,21,Male,Free,9/12/2025,37,3441.11,81.36,62,Electronics,Desktop,Debit Card,Referral,12,3.7,2,2,0,0
C06912,United States,39,Male,Gold,12/27/2024,13,1222.5,92.41,59,Home & Kitchen,Mobile,Credit Card,Email Campaign,4,3.9,0,1,1,0
C06913,India,48,Male,Silver,6/29/2025,18,752.36,47.76,32,Health & Wellness,Mobile,PayPal,Social Media,5,2.9,2,1,1,0
C06914,Mexico,41,Male,Free,1/29/2024,30,2414.56,93.22,101,Beauty & Personal Care,Mobile,PayPal,Social Media,10,4.2,0,17,1,0
C06915,Australia,47,Female,Free,1/6/2026,6,614.33,103.86,218,Electronics,Mobile,Debit Card,Social Media,1,4.5,0,1,1,1
C06916,United States,32,Male,Free,2/17/2024,18,1779.73,115.24,58,Home & Kitchen,Mobile,Debit Card,Paid Ad,4,3.7,0,3,1,0
C06917,United States,22,Male,Free,3/13/2025,42,4642.46,111.21,85,Pet Supplies,Mobile,UPI / Digital Wallet,Organic Search,10,4.6,1,0,1,0
C06918,United States,44,Male,Silver,2/18/2025,13,471.48,41.19,68,Automotive,Desktop,Cryptocurrency,Paid Ad,4,4.4,1,0,0,0
C06919,United States,44,Male,Free,10/6/2019,12,557.58,42.8,14,Clothing & Apparel,Mobile,Credit Card,Paid Ad,2,4,0,0,0,0
C06920,United States,37,Female,Free,7/29/2022,2,114.72,54.07,99,Books,Mobile,Credit Card,Social Media,0,4.6,0,2,1,1
C06921,United Kingdom,30,Female,Platinum,12/17/2024,3,724.9,246.64,13,Home & Kitchen,Mobile,UPI / Digital Wallet,Organic Search,0,3.6,0,1,1,0
C06922,Brazil,54,Female,Platinum,12/14/2024,13,3629.37,271.86,41,Office Supplies,Desktop,PayPal,Social Media,4,4.3,0,5,0,0
C06923,Japan,58,Male,Free,3/3/2025,22,2510.72,102.83,37,Clothing & Apparel,Desktop,Credit Card,Organic Search,3,3.3,0,4,0,0
C06924,United Kingdom,28,Male,Silver,5/6/2024,44,979.19,25.21,112,Office Supplies,Desktop,Debit Card,Organic Search,2,4.8,5,1,1,0
C06925,United States,44,Female,Silver,5/22/2024,15,1429.44,111.75,64,Pet Supplies,Mobile,Credit Card,Referral,1,4.4,1,1,0,0
C06926,United States,25,Female,Platinum,5/24/2025,18,2657.56,136.59,120,Clothing & Apparel,Mobile,Credit Card,Direct,6,4.5,2,4,1,0
C06927,United States,43,Male,Silver,1/8/2026,10,474.32,47.29,49,Books,Tablet,PayPal,Referral,1,4,0,5,1,0
C06928,Canada,36,Female,Silver,8/17/2024,12,2247.16,213.95,36,Books,Tablet,PayPal,Email Campaign,4,3.9,1,11,0,0
C06929,United States,45,Female,Silver,9/20/2023,7,283.97,36.04,51,Electronics,Desktop,UPI / Digital Wallet,Organic Search,0,4.5,0,0,1,0
C06930,Germany,46,Male,Silver,8/17/2025,9,1109.86,119.72,0,Home & Kitchen,Mobile,Buy Now Pay Later,Organic Search,2,3.9,0,13,1,0
C06931,France,37,Female,Silver,1/8/2024,29,3732.05,133.07,54,Electronics,Mobile,Credit Card,Email Campaign,8,4.2,1,4,1,0
C06932,United States,29,Female,Platinum,5/19/2022,18,1124.86,63.77,266,Clothing & Apparel,Tablet,UPI / Digital Wallet,Organic Search,6,3.6,2,14,1,1
C06933,United States,36,Female,Free,3/7/2026,3,295.51,92.72,83,Beauty & Personal Care,Mobile,Credit Card,Organic Search,0,4.4,0,10,1,0
C06934,United Kingdom,18,Male,Platinum,8/13/2025,6,3920.5,683.15,51,Clothing & Apparel,Mobile,Credit Card,Organic Search,2,4.6,0,4,1,0
C06935,United States,26,Female,Free,7/7/2025,2,291.4,133.45,73,Food & Grocery,Mobile,Debit Card,Social Media,0,4.4,0,0,1,0
C06936,Australia,20,Female,Platinum,9/3/2024,21,1743.89,79.47,47,Automotive,Desktop,Bank Transfer,Direct,2,3.6,2,0,0,0
C06937,United States,39,Male,Free,9/30/2024,13,2107.64,146.63,270,Home & Kitchen,Mobile,Bank Transfer,Paid Ad,3,4.8,1,0,1,0
C06938,Mexico,40,Male,Silver,2/13/2026,43,4361.7,104.35,2,Health & Wellness,Desktop,Debit Card,Email Campaign,5,4.2,0,0,0,0
C06939,India,46,Male,Free,6/13/2025,29,1971.88,61.18,9,Electronics,Mobile,Debit Card,Paid Ad,10,3.9,3,2,0,0
C06940,India,39,Female,Silver,12/26/2022,41,1054.36,22.79,21,Jewelry & Accessories,Mobile,PayPal,Social Media,5,4.5,4,2,1,0
C06941,United Kingdom,45,Female,Silver,2/18/2026,34,5176.01,150.89,78,Books,Mobile,Credit Card,Email Campaign,12,3.3,4,2,0,0
C06942,Japan,40,Male,Free,5/23/2024,18,1636.35,84.55,61,Sports & Outdoors,Mobile,UPI / Digital Wallet,Organic Search,2,4.8,2,2,1,0
C06943,United States,37,Female,Gold,10/21/2023,5,1480.49,286.96,32,Food & Grocery,Mobile,PayPal,Social Media,0,3.8,0,0,1,0
C06944,United Kingdom,18,Male,Free,10/28/2025,27,2106.59,86.73,198,Jewelry & Accessories,Desktop,Debit Card,Social Media,5,3.9,3,1,1,0
C06945,Australia,37,Female,Silver,7/18/2015,42,4855.58,106.16,26,Sports & Outdoors,Mobile,Cryptocurrency,Social Media,15,4.2,1,6,0,0
C06946,United States,30,Female,Silver,12/15/2020,1,252.33,255.18,149,Beauty & Personal Care,Tablet,Debit Card,Paid Ad,0,4.5,0,3,1,1
C06947,France,18,Male,Free,9/21/2025,7,694.39,100.7,94,Clothing & Apparel,Mobile,Credit Card,Paid Ad,2,4.7,0,12,0,0
C06948,Germany,27,Male,Free,8/12/2024,19,1439.62,80.33,0,Sports & Outdoors,Mobile,Credit Card,Organic Search,3,4.3,0,7,1,0
C06949,United States,49,Male,Free,1/1/2024,17,338.3,21.08,22,Toys & Games,Mobile,Bank Transfer,Email Campaign,3,4.4,1,9,1,0
C06950,Canada,49,Male,Free,4/21/2022,4,159.79,37.79,68,Clothing & Apparel,Desktop,PayPal,Paid Ad,0,4.2,0,7,1,0
C06951,France,26,Male,Free,8/7/2024,9,272.36,34.42,23,Health & Wellness,Mobile,Debit Card,Email Campaign,3,4.2,0,19,0,0
C06952,India,27,Female,Platinum,3/21/2026,36,9367.71,246.04,5,Travel & Luggage,Mobile,Buy Now Pay Later,Social Media,5,4.2,4,7,0,1
C06953,India,39,Male,Free,12/17/2023,17,390.94,23.99,100,Electronics,Mobile,Credit Card,Email Campaign,3,3.9,2,2,0,0
C06954,Mexico,47,Male,Silver,4/18/2025,12,3525.31,260.36,329,Sports & Outdoors,Mobile,Bank Transfer,Social Media,1,3.6,0,9,0,1
C06955,United States,32,Male,Gold,12/2/2023,6,158.36,23.52,112,Food & Grocery,Desktop,Credit Card,Referral,0,4.8,0,2,1,0
C06956,South Korea,26,Male,Silver,11/17/2022,1,22.97,26.67,151,Travel & Luggage,Mobile,Credit Card,Email Campaign,0,3.7,0,1,1,0
C06957,Italy,34,Male,Gold,3/16/2021,29,2087.22,64.3,43,Sports & Outdoors,Desktop,Cryptocurrency,Email Campaign,5,4.2,2,4,0,0
C06958,Australia,31,Male,Free,11/18/2023,10,1453.07,131.6,41,Beauty & Personal Care,Mobile,Credit Card,Social Media,3,3.7,0,0,1,0
C06959,United States,30,Female,Silver,3/3/2026,24,946.42,41.16,99,Home & Kitchen,Tablet,Credit Card,Organic Search,9,4.1,0,6,1,0
C06960,Brazil,29,Other,Free,3/27/2022,16,671.99,41.72,76,Electronics,Mobile,PayPal,Organic Search,3,4.2,0,5,0,0
C06961,United States,26,Male,Free,5/19/2023,3,44.27,15.87,7,Electronics,Tablet,Debit Card,Organic Search,0,4.3,0,2,0,0
C06962,United Kingdom,39,Female,Silver,12/6/2025,18,168.95,10.05,32,Pet Supplies,Desktop,PayPal,Paid Ad,2,4.4,1,0,1,0
C06963,United States,28,Male,Free,12/18/2025,23,992.17,43.34,10,Home & Kitchen,Mobile,UPI / Digital Wallet,Organic Search,6,3.5,3,7,1,0
C06964,France,48,Female,Free,4/12/2024,39,1236.8,31.79,101,Home & Kitchen,Mobile,Credit Card,Organic Search,4,4.8,1,1,1,0
C06965,Brazil,35,Female,Free,4/2/2023,20,750.2,39.9,1,Food & Grocery,Mobile,Credit Card,Social Media,4,3.8,2,10,0,0
C06966,Mexico,18,Female,Free,11/9/2024,25,917.98,38.32,15,Electronics,Mobile,Credit Card,Paid Ad,3,4.6,1,0,1,0
C06967,France,43,Male,Free,12/21/2025,18,892.35,55.88,139,Sports & Outdoors,Desktop,Debit Card,Email Campaign,2,3.8,2,0,0,0
C06968,Japan,18,Female,Free,1/17/2024,1,94.5,94.71,7,Electronics,Mobile,Debit Card,Paid Ad,0,4.6,0,1,1,0
C06969,UAE,30,Male,Gold,7/26/2024,11,1690.69,135.94,64,Books,Mobile,UPI / Digital Wallet,Organic Search,2,4.1,1,3,1,0
C06970,United Kingdom,18,Male,Free,5/5/2025,15,568.82,42.34,143,Home & Kitchen,Desktop,Bank Transfer,Organic Search,3,4.7,0,3,1,0
C06971,Germany,48,Female,Silver,10/31/2022,4,90.46,25.35,13,Beauty & Personal Care,Mobile,Debit Card,Organic Search,0,4.7,0,0,0,0
C06972,India,47,Female,Free,10/2/2022,22,2425.13,123.31,86,Electronics,Desktop,Cryptocurrency,Social Media,8,4.1,0,0,0,0
C06973,Germany,35,Female,Silver,9/2/2023,48,1889.11,37.65,94,Electronics,Mobile,PayPal,Paid Ad,10,4.4,3,1,1,0
C06974,Canada,28,Female,Free,6/20/2025,16,2160.63,137.03,14,Beauty & Personal Care,Desktop,Debit Card,Email Campaign,3,4.2,0,0,0,0
C06975,United States,32,Male,Gold,1/15/2026,17,1495.98,95.98,25,Sports & Outdoors,Desktop,PayPal,Paid Ad,2,4.3,2,11,1,0
C06976,United States,55,Male,Silver,12/7/2022,1,34.89,38.49,81,Toys & Games,Desktop,UPI / Digital Wallet,Direct,0,4.7,0,6,0,0
C06977,United States,45,Female,Free,1/8/2026,26,793.9,28.64,105,Home & Kitchen,Mobile,PayPal,Social Media,5,4.4,2,1,1,0
C06978,United States,63,Other,Free,6/3/2025,17,692.21,46.67,12,Office Supplies,Mobile,Debit Card,Direct,1,4.8,0,4,0,0
C06979,United States,30,Female,Free,7/3/2025,37,13911.3,407.26,121,Clothing & Apparel,Mobile,Credit Card,Paid Ad,12,4.7,4,1,1,0
C06980,India,44,Female,Silver,6/4/2025,8,717.15,95.36,86,Sports & Outdoors,Desktop,Buy Now Pay Later,Direct,0,4.2,0,3,1,0
C06981,Netherlands,43,Male,Free,6/30/2025,5,371.61,66.64,5,Electronics,Mobile,PayPal,Social Media,1,3.7,0,0,1,0
C06982,India,47,Female,Platinum,11/21/2022,15,1881.59,118.48,43,Clothing & Apparel,Desktop,Credit Card,Organic Search,3,4.8,0,6,1,0
C06983,Mexico,45,Male,Gold,3/27/2026,9,1139.44,125.18,1,Home & Kitchen,Desktop,PayPal,Direct,2,3.6,0,1,1,0
C06984,United States,44,Male,Free,7/8/2019,31,2340.6,75.13,358,Beauty & Personal Care,Desktop,Debit Card,Organic Search,12,4.5,3,0,0,1
C06985,Germany,60,Female,Gold,8/31/2022,15,1117.12,81.56,90,Clothing & Apparel,Desktop,Bank Transfer,Email Campaign,5,2.7,0,1,0,1
C06986,United States,48,Female,Free,1/13/2025,7,796.38,113.96,4,Books,Mobile,Cryptocurrency,Referral,0,4.4,0,0,1,1
C06987,India,52,Female,Free,3/14/2022,2,142.27,81.21,82,Clothing & Apparel,Desktop,PayPal,Email Campaign,0,3.4,0,3,1,0
C06988,India,36,Male,Silver,3/23/2026,4,240.41,63.43,63,Electronics,Mobile,Debit Card,Paid Ad,1,4,0,0,0,0
C06989,Australia,18,Male,Free,11/20/2024,21,2680.88,115.98,35,Home & Kitchen,Tablet,Credit Card,Social Media,8,4.5,1,6,1,0
C06990,Germany,25,Male,Free,1/22/2025,1,59.84,60.82,13,Electronics,Desktop,UPI / Digital Wallet,Direct,0,4.2,0,0,1,1
C06991,Germany,51,Female,Free,11/9/2025,5,343.84,76.33,28,Electronics,Mobile,Credit Card,Paid Ad,0,4.8,0,0,0,0
C06992,Singapore,18,Male,Free,2/17/2026,13,1880.83,161.83,55,Home & Kitchen,Desktop,PayPal,Direct,2,3.4,0,10,0,0
C06993,United Kingdom,29,Female,Free,1/13/2024,8,519.39,75.01,110,Electronics,Desktop,Credit Card,Referral,2,3,0,3,0,0
C06994,India,61,Other,Free,1/16/2026,19,298.26,17.84,143,Sports & Outdoors,Mobile,PayPal,Organic Search,6,3.5,2,1,1,0
C06995,Netherlands,30,Female,Silver,8/6/2023,34,1801.5,53.06,58,Electronics,Mobile,Credit Card,Paid Ad,10,3.9,1,4,1,0
C06996,United States,34,Male,Free,11/22/2025,7,445.7,58.84,162,Books,Mobile,Buy Now Pay Later,Email Campaign,2,3.9,0,0,1,0
C06997,India,40,Male,Silver,11/12/2025,13,99.79,7.16,9,Office Supplies,Mobile,PayPal,Paid Ad,4,4.7,1,4,1,0
C06998,United States,22,Male,Free,4/6/2024,28,4674.5,169.46,50,Home & Kitchen,Tablet,Debit Card,Organic Search,4,4.4,3,9,0,0
C06999,France,51,Female,Gold,11/22/2023,30,3381.42,120.42,187,Home & Kitchen,Mobile,Credit Card,Organic Search,4,4,0,10,1,1
C07000,Canada,37,Male,Free,2/22/2026,10,978.04,100.57,44,Home & Kitchen,Desktop,UPI / Digital Wallet,Direct,1,4.1,0,3,1,0
C07001,France,48,Female,Gold,10/5/2024,8,630.28,80.89,69,Health & Wellness,Desktop,Credit Card,Email Campaign,2,4.7,0,5,0,0
C07002,United States,38,Other,Free,2/6/2022,5,87.23,17.6,148,Clothing & Apparel,Desktop,Cryptocurrency,Organic Search,0,4.4,0,2,1,0
C07003,India,61,Male,Free,9/18/2025,16,1489.3,88.31,34,Clothing & Apparel,Mobile,UPI / Digital Wallet,Email Campaign,5,4.7,2,11,0,0
C07004,United States,43,Male,Free,5/8/2019,20,422.51,20.64,11,Sports & Outdoors,Desktop,Credit Card,Organic Search,7,4.2,2,9,1,0
C07005,India,18,Female,Gold,12/8/2025,6,390.4,61.54,8,Clothing & Apparel,Desktop,UPI / Digital Wallet,Organic Search,1,4,0,2,0,0
C07006,United States,29,Female,Gold,6/17/2024,18,1871.19,105.44,41,Home & Kitchen,Mobile,Credit Card,Email Campaign,3,4.3,1,3,1,1
C07007,Canada,39,Male,Free,3/4/2025,6,256.31,37.8,14,Electronics,Mobile,Credit Card,Social Media,1,3,0,19,0,0
C07008,United States,32,Female,Silver,1/17/2023,25,638.06,25.41,1,Electronics,Desktop,Credit Card,Direct,9,4.4,3,0,1,0
C07009,United States,37,Female,Platinum,9/6/2021,2,193.05,87.33,7,Sports & Outdoors,Mobile,Credit Card,Email Campaign,0,4.4,0,4,1,0
C07010,Brazil,20,Female,Free,5/14/2021,20,1464.35,65.45,231,Electronics,Mobile,PayPal,Email Campaign,2,4.7,1,0,0,0
C07011,Australia,29,Female,Silver,3/4/2025,12,135.33,12.63,55,Toys & Games,Mobile,Bank Transfer,Email Campaign,0,3.3,1,3,1,0
C07012,Australia,52,Male,Free,4/17/2024,9,240.91,28.82,5,Clothing & Apparel,Desktop,Debit Card,Paid Ad,1,4.8,0,4,1,0
C07013,Canada,39,Female,Silver,7/12/2024,11,2464.16,213.82,136,Toys & Games,Mobile,Buy Now Pay Later,Paid Ad,3,4,0,2,1,0
C07014,South Korea,50,Male,Free,8/29/2024,17,1029.33,58.28,13,Clothing & Apparel,Mobile,PayPal,Organic Search,1,3.7,2,2,1,0
C07015,Netherlands,18,Male,Free,7/3/2025,16,1459.99,81.57,25,Toys & Games,Desktop,Buy Now Pay Later,Paid Ad,6,4.2,1,0,1,0
C07016,United Kingdom,22,Female,Free,7/19/2023,72,6269.44,81.18,28,Beauty & Personal Care,Tablet,UPI / Digital Wallet,Paid Ad,10,4.7,9,4,0,1
C07017,United States,30,Male,Silver,2/21/2026,4,405.46,111.65,48,Food & Grocery,Mobile,Credit Card,Social Media,1,4.6,0,12,0,0
C07018,Germany,26,Male,Free,8/9/2025,30,2091.69,72.34,178,Books,Mobile,Credit Card,Direct,6,4.5,2,9,1,0
C07019,United Kingdom,48,Male,Gold,3/1/2026,5,252.13,52.01,6,Home & Kitchen,Desktop,Credit Card,Email Campaign,1,3.9,0,2,0,0
C07020,United States,40,Male,Silver,11/16/2024,1,188.26,176.12,128,Electronics,Mobile,UPI / Digital Wallet,Paid Ad,0,3.7,0,0,1,0
C07021,Singapore,31,Female,Free,12/2/2025,1,4.89,5,26,Jewelry & Accessories,Desktop,UPI / Digital Wallet,Social Media,0,4.1,0,9,1,1
C07022,United States,34,Female,Free,9/21/2023,12,1148.06,103.55,7,Electronics,Tablet,Debit Card,Direct,0,3.2,0,2,1,0
C07023,Germany,38,Female,Gold,12/20/2024,15,1809.32,115.41,43,Electronics,Mobile,Debit Card,Organic Search,5,3.4,0,3,1,0
C07024,France,51,Male,Free,7/17/2024,69,3088.79,52.06,12,Jewelry & Accessories,Mobile,Credit Card,Email Campaign,14,3.8,3,1,0,0
C07025,India,31,Female,Silver,1/14/2026,13,214.97,16.25,85,Beauty & Personal Care,Mobile,Credit Card,Organic Search,3,4.4,0,7,0,0
C07026,India,25,Male,Free,1/24/2025,5,363.14,67.58,105,Electronics,Mobile,PayPal,Social Media,1,3.5,0,15,1,0
C07027,United Kingdom,43,Female,Gold,1/7/2023,1,60.64,57.74,164,Toys & Games,Mobile,UPI / Digital Wallet,Email Campaign,0,4.7,0,3,1,0
C07028,India,18,Male,Free,10/29/2025,7,2011.53,279.95,73,Pet Supplies,Mobile,Buy Now Pay Later,Paid Ad,2,3.7,1,2,0,0
C07029,United States,37,Male,Free,1/15/2026,41,1568.4,36.25,52,Beauty & Personal Care,Desktop,Credit Card,Paid Ad,6,3.1,4,3,0,0
C07030,Germany,31,Female,Silver,10/5/2025,35,4989.33,124.43,78,Beauty & Personal Care,Mobile,Buy Now Pay Later,Paid Ad,7,3.5,0,0,1,0
C07031,United States,42,Female,Silver,12/7/2021,2,68.49,31.08,87,Beauty & Personal Care,Mobile,Debit Card,Direct,0,3.8,0,0,0,1
C07032,Germany,33,Male,Silver,3/8/2024,5,78.5,14.13,26,Beauty & Personal Care,Mobile,PayPal,Direct,0,4.8,0,2,1,0
C07033,South Africa,40,Male,Free,3/9/2026,39,3618,103.33,106,Books,Mobile,Credit Card,Email Campaign,10,3.3,5,2,0,0
C07034,Brazil,18,Female,Free,1/28/2026,52,6939.13,126.44,34,Clothing & Apparel,Mobile,PayPal,Social Media,9,4.2,6,1,1,0
C07035,United States,33,Female,Gold,4/12/2023,1,161.08,157.11,348,Clothing & Apparel,Mobile,Debit Card,Direct,0,4.4,0,1,0,0
C07036,Turkey,18,Male,Silver,10/20/2025,10,637.71,67.12,4,Beauty & Personal Care,Desktop,UPI / Digital Wallet,Social Media,3,4.5,0,0,1,0
C07037,United States,40,Male,Free,2/15/2026,17,1790.83,101.37,60,Health & Wellness,Tablet,Credit Card,Paid Ad,6,3.2,0,1,1,0
C07038,United States,33,Female,Free,3/20/2024,46,2754.72,53.17,79,Home & Kitchen,Tablet,Debit Card,Direct,11,4.5,5,8,1,0
C07039,Australia,36,Male,Free,3/11/2023,20,864.87,50.6,9,Electronics,Desktop,Credit Card,Email Campaign,1,4.4,2,7,1,0
C07040,Spain,28,Female,Gold,4/19/2025,2,471.69,265.33,20,Travel & Luggage,Mobile,Credit Card,Direct,0,4.7,0,9,0,0
C07041,India,32,Female,Gold,10/31/2025,10,979.24,91.85,3,Electronics,Desktop,UPI / Digital Wallet,Social Media,0,4,0,7,1,0
C07042,India,33,Female,Free,5/16/2025,35,544.7,18.04,36,Automotive,Mobile,Debit Card,Paid Ad,12,4.7,2,0,0,0
C07043,South Korea,39,Female,Silver,2/1/2025,13,2810.55,198.95,90,Clothing & Apparel,Mobile,Credit Card,Email Campaign,5,3.6,0,7,1,0
C07044,India,34,Female,Free,3/27/2023,17,1191.05,63.81,26,Electronics,Mobile,UPI / Digital Wallet,Organic Search,2,4.5,1,0,1,0
C07045,Canada,66,Female,Gold,1/22/2025,3,221.08,64.53,50,Toys & Games,Desktop,Credit Card,Referral,1,4.3,0,2,0,0
C07046,Turkey,43,Female,Free,3/11/2026,14,694.51,50.72,244,Health & Wellness,Mobile,Debit Card,Email Campaign,4,4.3,1,16,1,1
C07047,United States,44,Male,Silver,11/3/2024,11,1104.84,116.82,22,Electronics,Desktop,Credit Card,Organic Search,1,3.1,1,0,0,0
C07048,Japan,47,Female,Silver,2/3/2023,3,360.03,110.85,125,Electronics,Tablet,Debit Card,Organic Search,1,4.5,0,20,1,0
C07049,Singapore,54,Female,Silver,11/22/2025,2,239.56,104.32,8,Home & Kitchen,Desktop,Debit Card,Social Media,0,4.3,0,3,1,0
C07050,United Kingdom,39,Male,Free,3/7/2022,25,700.29,27.33,18,Clothing & Apparel,Desktop,UPI / Digital Wallet,Organic Search,8,4.1,2,5,1,0
C07051,India,35,Female,Silver,2/14/2026,40,9339.24,204.51,71,Home & Kitchen,Mobile,Debit Card,Social Media,9,3.8,5,5,1,0
C07052,United States,36,Male,Free,3/28/2025,8,934.6,131.49,123,Sports & Outdoors,Mobile,PayPal,Organic Search,2,3.7,0,5,1,0
C07053,Italy,30,Male,Silver,2/19/2026,21,3852,172.32,88,Electronics,Mobile,Bank Transfer,Email Campaign,1,3.7,0,1,0,0
C07054,United States,35,Male,Free,3/24/2024,41,945.99,24.25,205,Sports & Outdoors,Desktop,UPI / Digital Wallet,Paid Ad,11,4.7,5,6,0,1
C07055,United States,46,Male,Silver,5/21/2022,17,771.17,47.84,1,Books,Mobile,Debit Card,Direct,2,3.6,0,6,0,0
C07056,South Korea,47,Female,Silver,10/21/2025,14,1516.27,119.63,20,Electronics,Desktop,Credit Card,Paid Ad,0,4,0,0,0,0
C07057,United States,36,Female,Gold,1/28/2026,61,2684.12,41.67,20,Jewelry & Accessories,Desktop,UPI / Digital Wallet,Email Campaign,22,4.7,6,4,1,0
C07058,Poland,18,Male,Free,9/22/2025,33,4877.01,163.02,31,Home & Kitchen,Desktop,Credit Card,Email Campaign,3,2.7,4,7,1,1
C07059,United States,32,Female,Free,9/15/2023,9,963.18,93.98,29,Health & Wellness,Mobile,Credit Card,Direct,2,3.8,0,7,1,1
C07060,India,18,Female,Gold,9/12/2025,3,569.26,170.31,102,Food & Grocery,Desktop,Buy Now Pay Later,Social Media,0,2.7,0,0,0,0
C07061,United States,36,Male,Free,4/20/2025,10,1232.72,113.2,36,Home & Kitchen,Mobile,Debit Card,Email Campaign,3,3.6,0,3,1,0
C07062,Australia,55,Female,Free,5/6/2023,3,191.29,56.19,70,Toys & Games,Mobile,Credit Card,Social Media,0,4.5,0,3,0,0
C07063,United States,31,Female,Platinum,7/4/2023,25,9023.59,346.37,40,Books,Mobile,Debit Card,Social Media,7,3.5,3,1,1,0
C07064,Canada,35,Female,Gold,12/4/2025,53,2106.32,41.96,100,Electronics,Desktop,PayPal,Social Media,5,4.3,6,15,0,0
C07065,United Kingdom,29,Female,Gold,8/1/2021,2,203.85,108.79,31,Toys & Games,Desktop,PayPal,Email Campaign,0,4.7,0,1,1,1
C07066,India,27,Male,Silver,8/26/2024,13,1659.14,141.89,20,Beauty & Personal Care,Mobile,Debit Card,Referral,1,3.2,0,0,0,0
C07067,Canada,30,Female,Free,3/21/2024,16,636.64,38.54,170,Books,Tablet,PayPal,Organic Search,1,3.3,1,10,0,0
C07068,France,41,Female,Free,1/2/2023,37,798.09,20.78,178,Books,Desktop,Debit Card,Organic Search,10,4.5,4,12,0,0
C07069,Germany,48,Female,Free,2/25/2026,16,2037.71,122.68,13,Jewelry & Accessories,Mobile,Bank Transfer,Paid Ad,3,3.7,1,0,0,0
C07070,United States,40,Female,Free,2/19/2026,22,2434.53,102.78,1,Home & Kitchen,Tablet,Credit Card,Email Campaign,8,3.7,1,3,0,0
C07071,United States,60,Female,Free,3/28/2025,4,575.85,130.12,10,Books,Mobile,Credit Card,Paid Ad,1,3.8,0,5,1,0
C07072,United States,18,Male,Gold,6/2/2025,8,245.42,28.1,69,Electronics,Mobile,Debit Card,Social Media,2,4.1,0,3,1,0
C07073,United States,18,Male,Free,2/4/2025,1,159.96,186.77,74,Food & Grocery,Mobile,Debit Card,Direct,0,4.5,0,3,0,1
C07074,South Africa,53,Female,Free,2/16/2026,76,6298.86,90.88,2,Clothing & Apparel,Desktop,Cryptocurrency,Direct,4,4.8,6,6,0,0
C07075,India,19,Male,Silver,10/7/2025,40,1181.25,29.84,19,Health & Wellness,Mobile,Buy Now Pay Later,Organic Search,15,4.1,4,0,0,0
C07076,United Kingdom,44,Male,Platinum,2/10/2023,10,857.46,89.58,3,Jewelry & Accessories,Mobile,Debit Card,Direct,2,3.4,1,12,1,0
C07077,United States,52,Male,Free,1/27/2023,1,22.12,23.99,35,Beauty & Personal Care,Tablet,Credit Card,Social Media,0,4.2,0,14,0,0
C07078,India,23,Male,Free,8/29/2024,24,965.14,40.74,49,Beauty & Personal Care,Mobile,Credit Card,Social Media,4,3.8,3,15,1,0
C07079,United States,42,Female,Free,3/8/2023,24,1630.61,61.61,107,Clothing & Apparel,Mobile,Credit Card,Social Media,9,4,2,0,1,1
C07080,Mexico,43,Female,Free,6/16/2022,33,7910.15,233.6,2,Electronics,Mobile,UPI / Digital Wallet,Referral,7,3.9,4,1,0,0
C07081,United Kingdom,45,Male,Free,1/7/2026,3,68.81,24.55,74,Books,Mobile,UPI / Digital Wallet,Social Media,0,4.6,0,9,1,0
C07082,Brazil,36,Male,Free,5/13/2024,24,1846.92,71.26,29,Food & Grocery,Tablet,Credit Card,Social Media,7,4.2,0,2,0,0
C07083,Spain,28,Female,Free,7/24/2025,3,117.39,43.22,5,Electronics,Tablet,Debit Card,Organic Search,0,4.1,0,5,1,0
C07084,United States,43,Male,Free,11/9/2024,14,320.86,21.46,9,Books,Mobile,UPI / Digital Wallet,Email Campaign,3,4,0,2,0,0
C07085,United States,18,Female,Free,10/5/2025,7,301.85,48.29,48,Beauty & Personal Care,Mobile,PayPal,Referral,2,4.6,0,4,1,0
C07086,United States,61,Female,Silver,5/15/2022,5,222.98,45.5,122,Clothing & Apparel,Mobile,Credit Card,Paid Ad,1,4,0,13,1,0
C07087,United States,32,Male,Free,4/7/2024,11,463.22,46.91,38,Pet Supplies,Desktop,PayPal,Referral,4,4.4,0,1,0,0
C07088,United States,42,Female,Free,8/20/2023,1,252.18,264.71,27,Home & Kitchen,Mobile,Debit Card,Social Media,0,3,0,6,1,1
C07089,South Korea,30,Female,Free,5/24/2025,20,708.95,37.08,32,Beauty & Personal Care,Mobile,Bank Transfer,Email Campaign,6,4.7,1,0,1,0
C07090,Canada,29,Male,Silver,1/30/2025,5,185.4,34.15,209,Electronics,Mobile,Credit Card,Organic Search,1,4.2,0,2,0,1
C07091,Italy,43,Other,Free,11/30/2024,37,8828.29,243.32,30,Automotive,Desktop,Credit Card,Direct,9,4,3,7,1,0
C07092,United States,37,Female,Silver,3/11/2026,4,40.14,9.96,131,Home & Kitchen,Tablet,PayPal,Organic Search,1,3.9,0,3,1,0
C07093,United States,38,Female,Free,3/3/2024,10,553.72,51.36,92,Books,Mobile,Bank Transfer,Social Media,1,4.7,1,4,1,0
C07094,Canada,27,Male,Silver,4/6/2024,1,220.69,255.9,25,Clothing & Apparel,Mobile,Credit Card,Email Campaign,0,4,0,3,1,0
C07095,Australia,27,Male,Free,1/14/2023,45,2393.62,50.71,19,Electronics,Tablet,Credit Card,Organic Search,9,3.8,4,8,0,0
C07096,Germany,30,Female,Platinum,3/19/2026,49,7434.81,134.53,45,Books,Mobile,Debit Card,Organic Search,5,4.1,4,2,1,0
C07097,Japan,30,Female,Gold,11/26/2024,8,999.5,115.99,31,Clothing & Apparel,Mobile,Credit Card,Social Media,3,3.6,0,0,1,0
C07098,United Kingdom,41,Female,Platinum,3/2/2026,3,172.73,67.5,45,Electronics,Mobile,UPI / Digital Wallet,Direct,0,4.1,0,5,1,0
C07099,Turkey,21,Male,Silver,2/14/2024,9,464.87,53.3,177,Beauty & Personal Care,Mobile,UPI / Digital Wallet,Social Media,2,4,0,7,1,0
C07100,India,18,Male,Silver,10/27/2020,24,1016.12,44.38,40,Home & Kitchen,Desktop,PayPal,Social Media,6,4.2,0,9,1,0
C07101,United Kingdom,29,Female,Gold,8/4/2025,2,434.91,230.6,15,Health & Wellness,Mobile,UPI / Digital Wallet,Organic Search,0,3.3,0,3,1,1
C07102,United Kingdom,29,Male,Free,7/30/2024,7,210.52,34.53,57,Sports & Outdoors,Mobile,Credit Card,Paid Ad,1,4.3,0,3,0,0
C07103,United States,43,Male,Free,2/3/2026,15,440.37,25.56,59,Food & Grocery,Mobile,Buy Now Pay Later,Organic Search,5,4.8,0,8,0,0
C07104,Japan,39,Female,Free,3/26/2026,22,3274.19,130.65,99,Electronics,Desktop,Buy Now Pay Later,Organic Search,2,4.8,2,6,1,0
C07105,India,41,Female,Free,5/28/2022,32,1901.44,56.96,18,Electronics,Mobile,Credit Card,Social Media,12,4.7,2,3,1,0
C07106,India,18,Male,Silver,2/23/2026,5,360.61,67.93,20,Health & Wellness,Mobile,PayPal,Social Media,0,4.5,0,7,1,0
C07107,Sweden,26,Female,Silver,8/26/2025,24,1241.63,47.69,5,Beauty & Personal Care,Desktop,Bank Transfer,Organic Search,8,4.6,1,14,0,0
C07108,United States,30,Female,Free,10/7/2025,15,1351.52,89.71,154,Electronics,Desktop,PayPal,Direct,3,4.5,0,5,0,0
C07109,India,22,Female,Gold,5/12/2024,3,135.85,53.12,29,Electronics,Tablet,Debit Card,Social Media,1,4.5,0,0,0,0
C07110,United States,51,Male,Free,4/18/2024,22,440.25,18.67,13,Food & Grocery,Tablet,Credit Card,Organic Search,1,3.5,2,7,1,0
C07111,United States,31,Female,Free,3/14/2023,1,214.45,210.06,13,Clothing & Apparel,Desktop,Credit Card,Organic Search,0,3.2,0,2,1,1
C07112,Canada,52,Female,Silver,10/11/2025,14,402.45,28.33,7,Health & Wellness,Tablet,Credit Card,Direct,4,3.8,0,2,0,0
C07113,Germany,43,Female,Free,2/26/2024,10,978.94,93.99,34,Pet Supplies,Mobile,Credit Card,Direct,2,3.3,0,1,1,0
C07114,United States,52,Female,Free,8/6/2025,18,4535.22,228.12,35,Clothing & Apparel,Tablet,Debit Card,Direct,5,3.9,1,3,1,0
C07115,Brazil,31,Female,Free,5/22/2025,39,2959.62,69.42,102,Food & Grocery,Mobile,Credit Card,Paid Ad,14,4.7,4,0,1,0
C07116,United Kingdom,26,Male,Free,9/12/2022,2,52.17,27.94,30,Clothing & Apparel,Mobile,Debit Card,Referral,0,4.7,0,18,1,0
C07117,United States,30,Male,Silver,2/17/2020,41,5327.83,145.9,24,Electronics,Mobile,PayPal,Referral,6,3.2,0,16,1,0
C07118,Italy,48,Male,Free,11/7/2025,4,146.52,38.78,21,Electronics,Desktop,Debit Card,Social Media,1,3.6,0,3,0,0
C07119,Canada,21,Male,Platinum,7/20/2025,23,1365.08,56.17,73,Jewelry & Accessories,Tablet,UPI / Digital Wallet,Email Campaign,2,4.3,0,10,0,0
C07120,United States,35,Male,Free,1/26/2023,4,118.23,31.31,114,Health & Wellness,Mobile,Credit Card,Email Campaign,0,5,0,21,0,0
C07121,India,32,Male,Free,6/14/2024,17,2579.36,145.36,141,Clothing & Apparel,Desktop,Debit Card,Organic Search,5,4.2,2,10,1,0
C07122,Italy,48,Male,Gold,8/5/2021,17,1146.9,64.41,56,Books,Desktop,UPI / Digital Wallet,Organic Search,1,4.5,2,1,1,0
C07123,France,35,Female,Platinum,9/11/2025,57,4714.77,74.31,151,Health & Wellness,Tablet,Debit Card,Social Media,8,4.5,2,3,1,0
C07124,United States,19,Female,Free,11/15/2024,1,331.49,306.12,75,Travel & Luggage,Desktop,Credit Card,Social Media,0,4.5,0,5,1,0
C07125,United States,39,Male,Silver,4/6/2023,33,2058.67,60.9,109,Electronics,Mobile,Debit Card,Paid Ad,8,3.7,0,6,1,0
C07126,Germany,35,Male,Silver,9/12/2020,4,324.82,75.37,74,Jewelry & Accessories,Mobile,Credit Card,Referral,1,3.8,0,6,0,0
C07127,France,27,Male,Silver,6/5/2023,4,50.09,14.17,36,Home & Kitchen,Desktop,Debit Card,Paid Ad,1,3.8,0,11,1,0
C07128,United States,34,Other,Free,2/23/2026,12,239.98,22.98,178,Beauty & Personal Care,Tablet,UPI / Digital Wallet,Paid Ad,2,4.2,1,2,1,0
C07129,South Africa,36,Female,Free,3/16/2025,8,1399.54,205,17,Electronics,Desktop,Bank Transfer,Organic Search,2,4.3,0,1,1,0
C07130,United States,37,Male,Free,1/28/2026,23,1588.6,70.92,142,Automotive,Mobile,Credit Card,Organic Search,7,4,1,12,0,0
C07131,Spain,24,Male,Free,10/5/2017,32,6185.62,170.25,4,Clothing & Apparel,Mobile,Credit Card,Social Media,9,3.6,4,2,0,0
C07132,United States,18,Male,Silver,10/12/2021,49,1044.89,21.71,56,Food & Grocery,Mobile,Credit Card,Email Campaign,7,4.8,5,0,1,0
C07133,United States,43,Female,Gold,3/7/2026,7,143.9,18.72,27,Toys & Games,Desktop,Buy Now Pay Later,Organic Search,0,3.5,0,7,0,0
C07134,United States,48,Female,Gold,1/11/2024,28,800.78,28.61,52,Electronics,Tablet,PayPal,Referral,3,4,3,11,0,0
C07135,Poland,34,Female,Free,5/31/2025,10,890.14,84.62,129,Jewelry & Accessories,Mobile,Debit Card,Organic Search,0,4.4,0,3,0,0
C07136,United States,50,Male,Gold,2/8/2024,35,1441.79,37.4,39,Electronics,Mobile,Credit Card,Paid Ad,3,4.2,2,1,0,0
C07137,United States,56,Female,Platinum,5/6/2021,4,725.18,193.59,168,Jewelry & Accessories,Desktop,PayPal,Social Media,0,4.5,0,2,0,0
C07138,Brazil,18,Female,Silver,9/13/2025,32,1728.33,56.94,18,Home & Kitchen,Desktop,Credit Card,Referral,5,4.4,1,4,1,0
C07139,India,21,Male,Free,3/10/2026,20,1129.4,54.26,29,Toys & Games,Desktop,Debit Card,Email Campaign,6,3.6,0,2,0,0
C07140,United States,46,Male,Platinum,6/4/2025,2,581.33,301.59,29,Beauty & Personal Care,Tablet,Debit Card,Organic Search,0,3.5,0,3,0,0
C07141,United States,36,Female,Platinum,1/19/2024,13,1013.18,78.07,15,Toys & Games,Desktop,Cryptocurrency,Email Campaign,4,4.5,1,5,1,0
C07142,United States,51,Male,Platinum,2/18/2023,27,6765.95,249.86,29,Health & Wellness,Desktop,UPI / Digital Wallet,Organic Search,8,3.9,1,4,0,0
C07143,Mexico,28,Male,Free,3/15/2024,45,9627.23,191.25,6,Home & Kitchen,Mobile,Credit Card,Email Campaign,7,4.6,3,5,0,0
C07144,Germany,18,Male,Free,9/10/2022,25,770.88,32.88,14,Travel & Luggage,Mobile,Debit Card,Direct,9,2.9,3,22,1,0
C07145,United States,21,Female,Free,4/8/2025,10,775.08,73.2,4,Toys & Games,Mobile,PayPal,Email Campaign,3,3.9,0,4,1,0
C07146,United Kingdom,21,Female,Free,5/27/2025,56,986.09,19.74,24,Clothing & Apparel,Tablet,Credit Card,Social Media,8,4.6,7,1,0,0
C07147,United States,59,Male,Free,1/7/2026,9,528.62,55.06,19,Beauty & Personal Care,Mobile,Credit Card,Organic Search,1,4.6,1,2,1,0
C07148,Germany,32,Male,Gold,2/16/2026,8,1242.15,143.3,21,Books,Mobile,Credit Card,Referral,1,4.5,0,8,1,0
C07149,South Korea,40,Male,Free,8/17/2025,9,617.69,62.71,245,Clothing & Apparel,Mobile,Credit Card,Email Campaign,2,4.7,0,5,1,1
C07150,United States,43,Female,Silver,10/3/2025,67,2264.61,38.93,60,Books,Desktop,Debit Card,Organic Search,26,4.8,5,5,0,0
C07151,France,66,Female,Silver,12/24/2019,10,555.96,61.19,64,Toys & Games,Mobile,PayPal,Organic Search,3,4.5,0,10,1,0
C07152,United States,18,Male,Free,3/25/2026,1,15.51,16.93,1,Clothing & Apparel,Desktop,Credit Card,Email Campaign,0,3.5,0,1,0,1
C07153,Brazil,18,Female,Platinum,3/30/2025,14,4072.2,284.48,24,Automotive,Desktop,PayPal,Organic Search,2,4.8,0,2,1,0
C07154,United States,39,Female,Free,9/22/2025,21,3678.31,196.12,60,Electronics,Mobile,Credit Card,Direct,4,4,1,0,1,0
C07155,Germany,39,Male,Silver,1/4/2025,16,1758.07,102.46,14,Electronics,Mobile,Credit Card,Email Campaign,5,4.6,0,2,1,0
C07156,UAE,23,Female,Gold,2/7/2025,18,986.78,52.07,56,Electronics,Mobile,PayPal,Social Media,5,4.5,0,3,0,0
C07157,Singapore,33,Female,Free,2/18/2026,26,3101.07,117.11,356,Jewelry & Accessories,Tablet,Debit Card,Social Media,3,3.3,0,1,1,0
C07158,France,44,Other,Silver,11/23/2023,23,498.6,23.93,1,Home & Kitchen,Mobile,UPI / Digital Wallet,Organic Search,1,4.3,2,1,0,0
C07159,United States,28,Female,Free,4/21/2025,68,6750.62,103.94,49,Food & Grocery,Mobile,UPI / Digital Wallet,Direct,9,4.4,6,1,0,0
C07160,Australia,40,Female,Free,12/28/2024,76,4156.22,55.74,31,Home & Kitchen,Mobile,Debit Card,Social Media,7,4.7,0,2,1,0
C07161,Italy,30,Female,Silver,8/12/2025,6,353.03,53.97,136,Toys & Games,Mobile,Debit Card,Social Media,0,4.5,0,4,0,0
C07162,United States,30,Male,Free,5/29/2025,2,58.21,33.55,24,Electronics,Mobile,Debit Card,Social Media,0,3.4,0,9,1,0
C07163,United States,26,Male,Free,5/11/2025,20,555.62,29.77,141,Electronics,Desktop,Credit Card,Direct,1,4.1,0,1,1,0
C07164,Brazil,39,Male,Free,11/7/2025,6,194.81,31.51,31,Electronics,Mobile,Debit Card,Paid Ad,1,4.1,0,3,1,0
C07165,Japan,39,Other,Free,11/12/2024,1,139.58,127.66,5,Toys & Games,Desktop,Debit Card,Social Media,0,3.9,0,0,0,0
C07166,Brazil,33,Male,Silver,6/4/2025,11,577.5,56.05,2,Beauty & Personal Care,Desktop,Debit Card,Referral,1,4.7,1,2,1,0
C07167,United Kingdom,30,Male,Silver,11/24/2024,2,169.9,95.41,50,Toys & Games,Desktop,Credit Card,Social Media,0,4.3,0,7,0,0
C07168,France,32,Male,Free,12/13/2022,5,304.59,66.99,34,Books,Desktop,Credit Card,Organic Search,0,4.6,0,2,0,0
C07169,Germany,37,Male,Free,9/27/2024,9,424.17,44.91,13,Books,Desktop,Credit Card,Organic Search,3,4.6,0,2,1,0
C07170,Germany,54,Female,Free,7/2/2023,3,166.36,60.42,48,Pet Supplies,Mobile,UPI / Digital Wallet,Email Campaign,0,4.8,0,1,0,0
C07171,Singapore,29,Male,Silver,7/25/2020,24,1789.32,65.98,173,Sports & Outdoors,Mobile,UPI / Digital Wallet,Referral,2,4.5,0,4,0,0
C07172,India,35,Male,Silver,1/25/2026,3,166.58,52.28,9,Electronics,Mobile,Debit Card,Organic Search,1,4.2,0,0,1,0
C07173,United States,41,Female,Platinum,11/24/2021,5,369.58,81.56,168,Clothing & Apparel,Mobile,Bank Transfer,Social Media,1,3.1,0,0,1,0
C07174,United States,28,Male,Free,10/15/2025,16,4569.76,333.07,121,Toys & Games,Mobile,Credit Card,Paid Ad,4,3.3,0,4,1,0
C07175,United States,39,Female,Free,8/27/2025,13,828.35,65.77,58,Pet Supplies,Desktop,Credit Card,Email Campaign,4,3.6,0,3,1,0
C07176,United States,51,Male,Silver,9/12/2022,20,2537.63,119.86,0,Sports & Outdoors,Mobile,Debit Card,Direct,7,3.9,2,16,1,0
C07177,United States,35,Female,Silver,6/6/2025,22,797.35,40.29,4,Books,Desktop,Credit Card,Organic Search,3,3.9,2,0,1,0
C07178,Brazil,45,Female,Free,8/27/2020,57,7695.95,132.36,42,Clothing & Apparel,Mobile,Credit Card,Email Campaign,22,3.6,4,9,0,0
C07179,India,34,Male,Free,8/2/2021,7,236.84,33.35,57,Home & Kitchen,Mobile,Bank Transfer,Email Campaign,1,4.8,0,6,1,0
C07180,Canada,44,Female,Silver,6/21/2025,4,68.07,17.8,15,Sports & Outdoors,Mobile,Credit Card,Email Campaign,1,3.8,0,0,1,0
C07181,United States,35,Female,Gold,7/21/2024,5,103.2,18.48,18,Home & Kitchen,Mobile,UPI / Digital Wallet,Organic Search,1,4.5,0,4,1,0
C07182,India,18,Male,Silver,7/18/2025,11,503.78,46.67,5,Electronics,Tablet,Debit Card,Organic Search,3,4.6,0,14,0,0
C07183,United States,38,Male,Gold,1/31/2023,71,5924.19,73.57,109,Clothing & Apparel,Mobile,Bank Transfer,Organic Search,28,3.7,5,5,0,0
C07184,India,36,Male,Free,11/22/2020,5,99.97,22.64,63,Office Supplies,Tablet,Credit Card,Organic Search,1,4.6,0,21,0,0
C07185,United States,43,Female,Silver,7/24/2022,42,1603.35,38.55,14,Health & Wellness,Desktop,Bank Transfer,Email Campaign,5,3.1,1,2,1,0
C07186,Brazil,21,Female,Silver,2/3/2024,6,410.67,79.02,32,Electronics,Mobile,Debit Card,Paid Ad,0,4.7,0,5,0,0
C07187,Spain,31,Male,Free,12/23/2025,18,585,37.4,35,Electronics,Desktop,Debit Card,Paid Ad,6,4.7,1,3,1,0
C07188,United States,50,Male,Gold,3/19/2026,31,5671.46,164.71,78,Sports & Outdoors,Desktop,Debit Card,Paid Ad,6,4.3,2,3,1,0
C07189,United States,20,Female,Silver,11/29/2025,17,1338.31,82.69,32,Home & Kitchen,Mobile,PayPal,Paid Ad,6,4.5,1,4,0,0
C07190,Australia,37,Male,Free,8/30/2024,3,106.03,30.95,74,Pet Supplies,Mobile,PayPal,Organic Search,0,4.4,0,0,1,0
C07191,United States,32,Female,Gold,4/5/2025,12,2489.59,240.32,17,Sports & Outdoors,Desktop,Credit Card,Organic Search,4,4.2,0,1,0,0
C07192,United States,20,Male,Free,12/18/2024,17,1096.86,62.74,73,Food & Grocery,Desktop,PayPal,Organic Search,2,4.5,1,5,1,0
C07193,UAE,45,Male,Platinum,3/22/2026,12,2615.73,201.82,20,Electronics,Mobile,Debit Card,Social Media,1,4.5,1,4,1,0
C07194,United States,44,Female,Silver,9/18/2025,3,132.09,49.64,15,Sports & Outdoors,Mobile,Debit Card,Paid Ad,1,4.4,0,15,1,0
C07195,India,36,Male,Free,6/7/2024,22,3363.53,170.92,52,Clothing & Apparel,Desktop,Bank Transfer,Paid Ad,2,4.4,2,0,1,0
C07196,United States,35,Male,Silver,2/4/2025,4,147.28,40.24,22,Electronics,Desktop,Debit Card,Organic Search,0,4.2,0,12,1,0
C07197,Canada,48,Female,Silver,5/10/2018,4,211.39,57.34,57,Sports & Outdoors,Mobile,PayPal,Organic Search,1,3.5,0,5,1,0
C07198,United States,25,Male,Free,1/27/2025,1,46.65,51.39,48,Toys & Games,Tablet,UPI / Digital Wallet,Organic Search,0,3.7,0,8,1,0
C07199,South Africa,18,Female,Free,10/8/2022,26,1793.56,65.96,104,Home & Kitchen,Mobile,Bank Transfer,Paid Ad,6,3.7,2,14,0,0
C07200,Sweden,35,Female,Silver,8/21/2023,13,785.03,68.35,10,Electronics,Mobile,UPI / Digital Wallet,Organic Search,0,2.7,0,1,1,0
C07201,India,35,Male,Free,1/2/2026,2,154.52,74.97,21,Pet Supplies,Mobile,Credit Card,Organic Search,0,4.6,0,7,0,0
C07202,Singapore,18,Male,Silver,8/1/2022,2,110.42,54.84,16,Food & Grocery,Tablet,Debit Card,Organic Search,0,4.2,0,15,0,0
C07203,United States,25,Male,Silver,7/2/2025,11,641.68,51.56,31,Home & Kitchen,Desktop,Debit Card,Organic Search,3,4.5,0,4,1,0
C07204,South Africa,52,Male,Silver,9/21/2025,1,35.15,37.26,5,Home & Kitchen,Mobile,Debit Card,Social Media,0,3.7,0,16,1,1
C07205,United States,32,Male,Silver,11/12/2025,43,954.59,20.33,48,Health & Wellness,Mobile,Debit Card,Social Media,4,3.7,6,0,1,0
C07206,Brazil,29,Male,Silver,1/3/2026,41,7395.68,160.52,55,Health & Wellness,Mobile,PayPal,Organic Search,11,3.8,2,4,1,0
C07207,United States,48,Female,Silver,10/20/2023,6,759.95,125.92,26,Beauty & Personal Care,Desktop,PayPal,Paid Ad,2,4.2,0,2,0,0
C07208,Japan,55,Male,Silver,10/13/2025,12,293.52,21.86,95,Sports & Outdoors,Mobile,Credit Card,Social Media,1,3.8,1,2,1,0
C07209,Canada,33,Male,Free,7/3/2024,2,49.46,25.41,72,Sports & Outdoors,Desktop,PayPal,Organic Search,0,4.8,0,2,1,0
C07210,India,25,Male,Free,12/9/2020,9,1054.85,108.6,36,Toys & Games,Desktop,UPI / Digital Wallet,Organic Search,1,3.9,1,0,0,1
C07211,United Kingdom,42,Male,Free,2/13/2026,8,211.67,26.95,104,Clothing & Apparel,Desktop,Credit Card,Social Media,3,4.4,0,1,1,0
C07212,South Korea,33,Female,Silver,8/5/2024,32,1925.6,56.24,0,Toys & Games,Desktop,Credit Card,Referral,7,4.1,0,4,0,0
C07213,Canada,43,Female,Silver,4/15/2022,5,363.84,66.91,19,Toys & Games,Mobile,Debit Card,Direct,1,3.9,0,11,1,0
C07214,Germany,56,Female,Silver,9/24/2025,13,2250.49,168.09,50,Clothing & Apparel,Tablet,Debit Card,Social Media,4,3.8,0,1,1,0
C07215,India,30,Female,Gold,6/4/2025,17,3050.23,170.99,5,Automotive,Mobile,Credit Card,Organic Search,4,3.1,0,9,1,0
C07216,Sweden,43,Female,Free,3/4/2026,14,460.96,29.04,47,Travel & Luggage,Mobile,Credit Card,Social Media,5,4.3,1,0,1,0
C07217,India,29,Female,Free,1/4/2026,1,42.44,47.44,34,Electronics,Mobile,Buy Now Pay Later,Organic Search,0,4.3,0,3,0,0
C07218,United Kingdom,43,Female,Free,1/18/2025,55,4239.47,80.18,64,Home & Kitchen,Mobile,UPI / Digital Wallet,Social Media,17,4.1,0,0,1,0
C07219,Poland,42,Female,Silver,5/31/2024,26,935.34,36.88,0,Books,Desktop,Bank Transfer,Organic Search,2,4,1,0,1,0
C07220,United States,36,Male,Platinum,3/10/2026,6,954.08,138.32,7,Clothing & Apparel,Mobile,PayPal,Organic Search,0,4.6,0,7,0,0
C07221,United States,38,Female,Free,2/19/2022,11,879.96,85.57,163,Beauty & Personal Care,Mobile,Debit Card,Organic Search,3,4.1,0,5,1,0
C07222,United States,32,Female,Free,9/23/2025,23,1204.22,48.82,92,Automotive,Desktop,Buy Now Pay Later,Email Campaign,8,4.9,1,2,0,0
C07223,Spain,33,Female,Free,12/30/2025,12,272.31,24.1,63,Sports & Outdoors,Mobile,Debit Card,Direct,1,3.2,0,2,1,0
C07224,Germany,40,Male,Free,6/13/2021,4,167.56,40.7,113,Electronics,Mobile,PayPal,Paid Ad,1,4.1,0,0,1,0
C07225,United States,35,Female,Free,6/19/2025,13,289.59,24.14,11,Jewelry & Accessories,Mobile,Debit Card,Social Media,2,3.3,0,10,0,0
C07226,Turkey,34,Female,Free,3/21/2026,16,1447.15,106.07,230,Office Supplies,Desktop,Credit Card,Organic Search,4,4.5,2,21,0,0
C07227,United States,33,Female,Free,9/24/2020,20,388.84,19.81,8,Jewelry & Accessories,Mobile,Credit Card,Email Campaign,6,4.5,1,1,0,0
C07228,United States,46,Female,Silver,5/30/2023,7,427.82,59.21,128,Books,Tablet,Debit Card,Organic Search,0,4.6,0,2,0,0
C07229,Mexico,58,Female,Gold,12/15/2021,4,964.8,251.86,49,Clothing & Apparel,Mobile,Debit Card,Paid Ad,0,4.1,0,5,1,0
C07230,India,41,Female,Platinum,5/30/2023,1,185.91,162.68,10,Office Supplies,Desktop,Cryptocurrency,Referral,0,2.7,0,5,1,1
C07231,India,52,Male,Free,5/28/2025,11,1230.52,110.91,6,Electronics,Mobile,Credit Card,Social Media,3,4.1,1,16,1,0
C07232,Poland,31,Male,Gold,3/17/2022,15,3306.78,244.45,46,Beauty & Personal Care,Mobile,Credit Card,Direct,1,4.6,0,4,1,1
C07233,Poland,50,Female,Free,7/17/2024,9,418.97,42.14,166,Books,Desktop,Credit Card,Email Campaign,1,4.2,0,5,1,0
C07234,Australia,42,Male,Platinum,9/2/2025,30,3479.74,127.57,35,Office Supplies,Desktop,PayPal,Organic Search,2,3.1,2,8,1,0
C07235,Italy,27,Male,Free,9/18/2025,23,1994.95,77.77,147,Beauty & Personal Care,Mobile,Credit Card,Social Media,5,4.7,0,10,1,0
C07236,France,29,Male,Silver,3/5/2026,5,484.05,104.76,105,Beauty & Personal Care,Tablet,Debit Card,Direct,0,3.6,0,1,0,0
C07237,United States,31,Male,Silver,11/25/2022,21,1704.21,74.63,125,Clothing & Apparel,Mobile,UPI / Digital Wallet,Organic Search,6,4.4,0,1,1,0
C07238,United Kingdom,37,Male,Free,1/8/2026,14,2061.34,166.23,146,Electronics,Desktop,Credit Card,Organic Search,2,3.7,1,4,0,0
C07239,United Kingdom,18,Female,Free,1/20/2024,13,2542.82,206.6,95,Electronics,Mobile,PayPal,Paid Ad,3,3.3,1,9,0,0
C07240,Poland,37,Female,Free,5/21/2023,21,881.39,49.11,75,Beauty & Personal Care,Mobile,Cryptocurrency,Email Campaign,2,4.4,1,12,0,0
C07241,Japan,23,Female,Free,2/2/2026,8,3800.69,435.87,158,Beauty & Personal Care,Tablet,Credit Card,Organic Search,0,4.1,0,12,1,0
C07242,India,50,Female,Free,2/1/2025,40,1498.26,36.45,39,Clothing & Apparel,Mobile,Credit Card,Email Campaign,10,3.8,0,17,0,0
C07243,United Kingdom,67,Male,Platinum,11/16/2024,24,2750.23,109.34,177,Beauty & Personal Care,Tablet,Credit Card,Email Campaign,8,4.2,2,1,0,0
C07244,Singapore,26,Male,Free,11/18/2021,15,883.39,59.33,96,Books,Desktop,Debit Card,Organic Search,3,4.2,0,1,0,0
C07245,United Kingdom,41,Male,Platinum,10/5/2024,28,2238,90.9,7,Sports & Outdoors,Mobile,Credit Card,Email Campaign,3,3.5,2,3,1,0
C07246,India,40,Male,Platinum,7/31/2023,21,3686.58,178.02,78,Clothing & Apparel,Mobile,Credit Card,Email Campaign,6,4.2,1,4,1,0
C07247,Japan,18,Female,Free,1/6/2026,25,487.32,17.84,6,Sports & Outdoors,Tablet,UPI / Digital Wallet,Direct,1,4.4,2,16,1,1
C07248,Spain,28,Female,Silver,12/6/2024,13,854.75,75.15,1,Sports & Outdoors,Mobile,Credit Card,Organic Search,0,4.2,0,16,1,0
C07249,United States,31,Female,Gold,12/11/2025,11,439.72,42.3,9,Electronics,Mobile,Credit Card,Organic Search,3,4.1,0,3,1,0
C07250,United States,45,Female,Free,2/28/2019,9,541.22,67.08,62,Sports & Outdoors,Desktop,Debit Card,Organic Search,1,3.5,0,3,1,0
C07251,United Kingdom,27,Male,Free,6/1/2024,15,628.48,45.19,55,Sports & Outdoors,Mobile,PayPal,Direct,5,4.7,1,1,0,0
C07252,Australia,37,Male,Silver,11/25/2025,6,117.37,20.67,85,Health & Wellness,Mobile,PayPal,Organic Search,2,4.4,0,9,1,0
C07253,Italy,18,Female,Silver,4/15/2025,35,1033.98,28.77,64,Food & Grocery,Mobile,PayPal,Direct,5,4.5,1,4,0,0
C07254,Canada,18,Female,Gold,8/3/2024,5,337.25,75.12,18,Electronics,Desktop,Bank Transfer,Email Campaign,0,4.7,0,5,0,0
C07255,Sweden,31,Female,Free,6/28/2025,13,423.53,36.18,6,Beauty & Personal Care,Mobile,Credit Card,Social Media,4,3.2,1,10,1,0
C07256,Poland,18,Female,Free,11/30/2023,15,255.55,17.36,268,Home & Kitchen,Mobile,PayPal,Email Campaign,3,4.2,0,10,1,1
C07257,India,31,Male,Free,1/31/2023,10,2413.18,274.29,228,Clothing & Apparel,Mobile,PayPal,Organic Search,3,3.5,0,1,1,0
C07258,United States,37,Male,Free,3/22/2026,15,1331.75,87.59,32,Beauty & Personal Care,Tablet,UPI / Digital Wallet,Organic Search,4,4.5,0,2,1,0
C07259,United Kingdom,29,Male,Silver,2/28/2026,28,734.91,28.51,152,Toys & Games,Tablet,Credit Card,Organic Search,3,4,2,0,1,0
C07260,United Kingdom,40,Female,Gold,2/1/2025,3,394.97,146.25,51,Sports & Outdoors,Tablet,Debit Card,Social Media,0,3.8,0,2,1,0
C07261,Spain,35,Male,Silver,3/30/2026,27,384.72,13.63,11,Electronics,Mobile,PayPal,Social Media,7,4.4,3,2,1,0
C07262,UAE,28,Male,Silver,3/30/2026,1,75.24,69.44,164,Toys & Games,Mobile,PayPal,Organic Search,0,4.9,0,0,1,0
C07263,Germany,20,Other,Free,1/4/2026,16,282.39,19.93,160,Food & Grocery,Desktop,UPI / Digital Wallet,Email Campaign,3,4.1,2,9,0,0
C07264,United Kingdom,38,Female,Gold,2/24/2020,3,450.83,142.78,13,Books,Mobile,Debit Card,Organic Search,0,4.1,0,8,0,0
C07265,Spain,28,Male,Free,8/24/2022,9,1118.73,114.52,36,Clothing & Apparel,Desktop,Credit Card,Social Media,1,3.8,0,2,1,0
C07266,Germany,49,Female,Free,10/5/2025,3,547.36,170.12,24,Clothing & Apparel,Desktop,PayPal,Paid Ad,1,3.6,0,2,0,0
C07267,United States,28,Female,Silver,10/10/2025,16,771.01,43.77,2,Clothing & Apparel,Mobile,Debit Card,Paid Ad,3,4.7,0,5,1,0
C07268,Australia,32,Male,Silver,9/27/2024,14,498.6,33.79,231,Food & Grocery,Mobile,Debit Card,Organic Search,3,4,0,10,0,1
C07269,United Kingdom,66,Female,Silver,6/19/2025,3,245.13,74.45,3,Toys & Games,Mobile,Credit Card,Paid Ad,0,4.5,0,3,0,0
C07270,India,38,Male,Silver,6/22/2025,37,8976.68,238.28,2,Clothing & Apparel,Tablet,Credit Card,Paid Ad,10,4.5,4,0,1,0
C07271,United States,31,Male,Silver,8/30/2025,4,768.06,200.88,187,Jewelry & Accessories,Mobile,PayPal,Organic Search,0,2.7,0,12,1,1
C07272,Italy,29,Male,Free,2/18/2026,10,320.39,35.29,14,Toys & Games,Mobile,Bank Transfer,Direct,3,4.3,0,6,1,0
C07273,UAE,30,Male,Free,4/15/2025,4,104.63,22.85,40,Electronics,Desktop,PayPal,Organic Search,1,4.3,0,1,1,0
C07274,United States,37,Female,Free,4/1/2026,74,4490.09,57.78,11,Jewelry & Accessories,Mobile,UPI / Digital Wallet,Paid Ad,5,4.1,0,5,0,0
C07275,India,47,Male,Silver,10/16/2022,50,3584.45,80.21,69,Books,Mobile,Debit Card,Referral,5,4.5,1,4,0,1
C07276,United States,39,Male,Gold,11/8/2025,28,3093.58,100.01,6,Clothing & Apparel,Mobile,Credit Card,Paid Ad,2,3.6,0,5,0,0
C07277,United Kingdom,34,Female,Free,10/31/2025,6,392.47,69.41,2,Sports & Outdoors,Desktop,Credit Card,Organic Search,1,3.8,0,6,1,0
C07278,United States,46,Male,Silver,5/29/2024,1,79.36,83.18,70,Sports & Outdoors,Mobile,UPI / Digital Wallet,Email Campaign,0,4,0,16,0,0
C07279,United Kingdom,55,Male,Free,10/13/2023,14,354.42,27.17,34,Electronics,Desktop,Credit Card,Paid Ad,2,3.6,1,0,0,0
C07280,France,52,Male,Free,3/26/2025,15,1487.09,88.09,69,Sports & Outdoors,Desktop,UPI / Digital Wallet,Organic Search,1,4.9,0,0,0,0
C07281,United States,41,Female,Free,7/10/2025,20,720.72,36.66,71,Clothing & Apparel,Tablet,UPI / Digital Wallet,Paid Ad,4,4.5,2,4,1,0
C07282,United States,51,Female,Gold,11/20/2025,14,943.27,75.36,122,Clothing & Apparel,Desktop,PayPal,Organic Search,2,4.9,0,1,0,0
C07283,Canada,44,Female,Free,6/13/2024,13,2311.71,180.51,140,Office Supplies,Mobile,Credit Card,Social Media,1,3.8,1,1,1,0
C07284,Canada,23,Female,Silver,2/4/2024,48,1162.07,22.4,34,Health & Wellness,Mobile,Debit Card,Direct,15,4.6,6,0,0,0
C07285,India,59,Female,Gold,8/18/2023,26,6457.18,232.85,177,Home & Kitchen,Tablet,Credit Card,Organic Search,9,3.9,0,1,0,0
C07286,India,53,Female,Free,2/18/2026,4,539.86,157.84,9,Sports & Outdoors,Desktop,Buy Now Pay Later,Direct,1,3.5,0,11,1,0
C07287,United States,53,Female,Gold,10/26/2024,11,534.17,43.18,28,Jewelry & Accessories,Mobile,PayPal,Paid Ad,1,3.9,0,2,1,0
C07288,Australia,38,Female,Gold,8/13/2024,22,2252.28,93.55,49,Toys & Games,Mobile,Debit Card,Direct,8,4.2,1,1,0,0
C07289,Germany,26,Female,Free,5/3/2025,12,1113.91,87.06,41,Beauty & Personal Care,Desktop,Credit Card,Organic Search,1,3.5,0,0,1,0
C07290,Japan,53,Male,Platinum,12/22/2024,10,511.89,47.25,3,Sports & Outdoors,Tablet,UPI / Digital Wallet,Email Campaign,3,3.3,1,14,1,0
C07291,Germany,18,Male,Silver,2/2/2026,8,331.92,41.97,44,Pet Supplies,Mobile,Credit Card,Direct,0,3.4,0,7,1,0
C07292,United States,29,Female,Silver,9/15/2024,25,4034.1,161.93,232,Clothing & Apparel,Tablet,Debit Card,Organic Search,7,4.6,2,1,1,0
C07293,India,28,Female,Silver,5/4/2025,1,31.22,32.36,51,Electronics,Tablet,Credit Card,Direct,0,3.7,0,2,1,0
C07294,United States,31,Male,Free,7/6/2024,17,906.39,56.83,2,Food & Grocery,Desktop,Credit Card,Direct,3,4.7,0,1,1,0
C07295,United States,34,Male,Silver,6/30/2024,9,992.51,127.33,9,Electronics,Desktop,Debit Card,Paid Ad,2,3.8,1,1,1,0
C07296,United States,45,Male,Free,7/12/2025,2,109.78,60.38,98,Beauty & Personal Care,Tablet,Debit Card,Email Campaign,0,2.8,0,4,0,0
C07297,United States,26,Male,Free,1/26/2024,17,1132.91,76.59,37,Home & Kitchen,Desktop,PayPal,Email Campaign,4,3.6,2,1,0,0
C07298,Brazil,27,Male,Free,12/23/2023,30,12219.51,405.77,38,Home & Kitchen,Desktop,Credit Card,Social Media,5,4.1,2,0,1,0
C07299,Japan,49,Female,Silver,2/3/2024,28,1265.37,45.63,26,Clothing & Apparel,Desktop,Debit Card,Organic Search,10,4.1,1,3,1,0
C07300,Italy,27,Male,Gold,5/8/2024,31,4875.17,136.76,166,Home & Kitchen,Desktop,Debit Card,Paid Ad,10,4.6,2,15,1,0
C07301,Canada,33,Female,Free,3/17/2022,3,233.31,68.24,27,Sports & Outdoors,Mobile,Buy Now Pay Later,Referral,1,4.1,0,3,1,0
C07302,United States,46,Male,Silver,11/12/2025,18,685.97,36.71,7,Clothing & Apparel,Mobile,PayPal,Social Media,7,4.1,1,4,0,0
C07303,United States,34,Male,Free,11/26/2015,1,106.64,103.26,105,Home & Kitchen,Desktop,UPI / Digital Wallet,Social Media,0,2.9,0,5,1,0
C07304,United Kingdom,18,Female,Free,6/1/2025,4,245.49,70.57,62,Electronics,Desktop,PayPal,Organic Search,1,3,0,0,0,1
C07305,United States,19,Male,Gold,8/13/2023,9,1400.77,156.67,0,Home & Kitchen,Desktop,Bank Transfer,Organic Search,3,3.7,0,1,0,1
C07306,India,34,Female,Silver,8/8/2023,68,2773.24,41.94,28,Home & Kitchen,Mobile,Credit Card,Organic Search,11,4.8,0,1,0,0
C07307,UAE,49,Female,Free,4/8/2024,21,892.48,37.82,163,Toys & Games,Tablet,Credit Card,Referral,8,5,1,0,0,0
C07308,United States,58,Female,Gold,8/14/2021,3,629.55,194.56,2,Travel & Luggage,Mobile,Debit Card,Organic Search,0,3.3,0,12,0,0
C07309,United States,27,Female,Silver,1/10/2026,5,319.43,64.6,63,Food & Grocery,Desktop,Buy Now Pay Later,Direct,1,3.7,0,3,1,0
C07310,Canada,40,Male,Free,3/2/2026,3,79.52,30.38,12,Electronics,Desktop,PayPal,Social Media,0,4.4,0,2,0,0
C07311,France,18,Female,Silver,4/17/2024,10,886.42,93.86,95,Toys & Games,Desktop,UPI / Digital Wallet,Organic Search,1,4.3,1,1,1,0
C07312,United Kingdom,36,Female,Platinum,7/17/2023,37,3511.83,98.95,60,Clothing & Apparel,Tablet,UPI / Digital Wallet,Social Media,14,3.3,3,16,0,0
C07313,United Kingdom,32,Female,Gold,2/28/2026,6,1092.94,171.29,67,Electronics,Tablet,Credit Card,Organic Search,1,4.8,0,2,1,0
C07314,United States,60,Male,Silver,12/22/2023,22,2969.06,122.57,101,Books,Desktop,Credit Card,Organic Search,2,3.2,0,8,1,0
C07315,United Kingdom,34,Male,Free,6/21/2025,5,1761.72,315.44,69,Beauty & Personal Care,Desktop,Buy Now Pay Later,Social Media,0,4.1,0,11,1,0
C07316,Japan,18,Female,Free,2/22/2022,47,1564.61,37.22,24,Home & Kitchen,Mobile,Buy Now Pay Later,Email Campaign,18,3.7,0,4,1,0
C07317,Germany,43,Female,Gold,1/23/2025,13,1521.72,129.14,41,Home & Kitchen,Desktop,UPI / Digital Wallet,Organic Search,1,4.5,0,6,1,0
C07318,Japan,52,Female,Platinum,2/7/2026,13,2362.91,187.8,34,Toys & Games,Mobile,Credit Card,Email Campaign,3,4.2,0,4,1,0
C07319,United States,31,Male,Free,7/12/2025,9,364.81,37.14,26,Automotive,Desktop,Debit Card,Social Media,3,4.3,0,1,0,0
C07320,United States,56,Female,Free,3/9/2026,1,74.97,65.31,7,Jewelry & Accessories,Mobile,Debit Card,Organic Search,0,3.8,0,1,0,0
C07321,South Korea,18,Female,Free,1/26/2026,2,29.75,14.02,15,Beauty & Personal Care,Mobile,Credit Card,Social Media,0,3.7,0,1,0,1
C07322,Mexico,33,Other,Free,3/10/2026,17,2271.51,156.36,16,Food & Grocery,Mobile,Debit Card,Paid Ad,6,3,0,3,1,0
C07323,United States,24,Male,Platinum,8/31/2024,16,769.43,44.31,36,Home & Kitchen,Desktop,Credit Card,Referral,4,4.9,1,8,0,0
C07324,Brazil,34,Male,Free,1/1/2025,9,648.39,76.76,96,Electronics,Mobile,UPI / Digital Wallet,Direct,3,3.9,0,0,1,0
C07325,France,54,Female,Free,9/8/2025,21,2855.46,129.41,87,Clothing & Apparel,Mobile,Credit Card,Organic Search,2,4.5,1,0,1,0
C07326,United States,44,Female,Silver,7/9/2024,11,835.82,81.32,29,Electronics,Mobile,Buy Now Pay Later,Email Campaign,0,4.2,1,0,0,0
C07327,Germany,48,Male,Free,11/15/2025,9,536.74,64.79,15,Home & Kitchen,Desktop,Debit Card,Social Media,1,4.4,0,5,0,0
C07328,Netherlands,50,Female,Free,4/26/2023,10,1088.6,100.43,108,Clothing & Apparel,Tablet,PayPal,Paid Ad,2,4.6,0,2,0,0
C07329,United States,31,Male,Gold,12/12/2022,5,220.82,50.63,64,Electronics,Mobile,Credit Card,Social Media,1,4.7,0,10,1,0
C07330,United Kingdom,47,Female,Silver,8/28/2022,6,517.83,84.36,50,Clothing & Apparel,Mobile,UPI / Digital Wallet,Social Media,0,3.8,0,2,1,0
C07331,France,42,Female,Free,3/4/2025,38,2418.16,73.42,6,Home & Kitchen,Desktop,UPI / Digital Wallet,Referral,12,4.5,2,2,1,0
C07332,Australia,46,Female,Free,11/3/2025,3,144.87,56.09,2,Home & Kitchen,Desktop,Debit Card,Email Campaign,0,3.4,0,0,1,0
C07333,United Kingdom,39,Male,Free,8/6/2025,1,64.83,61.22,77,Jewelry & Accessories,Tablet,Credit Card,Organic Search,0,4.7,0,2,1,1
C07334,United States,31,Female,Free,11/19/2025,16,620.13,43.93,16,Jewelry & Accessories,Mobile,PayPal,Direct,4,3.8,1,1,1,0
C07335,United States,21,Female,Silver,2/20/2023,48,3119.26,70.05,6,Clothing & Apparel,Desktop,Credit Card,Organic Search,13,4.8,1,10,1,0
C07336,France,37,Male,Silver,5/12/2022,3,286.19,103.03,50,Health & Wellness,Mobile,Credit Card,Organic Search,0,4.6,0,8,1,0
C07337,United States,27,Male,Free,1/2/2026,32,1415.53,48.14,6,Toys & Games,Desktop,PayPal,Social Media,11,3.1,1,4,1,0
C07338,Canada,30,Male,Silver,11/20/2018,34,2086.63,56.09,117,Home & Kitchen,Mobile,PayPal,Social Media,12,4.3,1,0,0,0
C07339,India,42,Male,Gold,3/26/2025,6,282.17,46.48,36,Books,Mobile,PayPal,Social Media,1,3.9,0,3,0,0
C07340,Australia,44,Male,Silver,12/5/2024,1,87.15,75.86,135,Jewelry & Accessories,Mobile,Debit Card,Referral,0,3.2,0,3,0,0
C07341,United States,40,Male,Free,10/12/2022,8,379.08,55.67,3,Electronics,Mobile,Buy Now Pay Later,Organic Search,0,4.3,1,1,1,0
C07342,Italy,18,Male,Free,5/23/2025,5,555.5,110.72,0,Toys & Games,Mobile,PayPal,Direct,1,4.4,0,7,1,0
C07343,Mexico,25,Male,Gold,9/23/2025,68,7137.32,106.31,19,Toys & Games,Mobile,Bank Transfer,Organic Search,17,4.6,4,3,0,0
C07344,Australia,27,Male,Free,10/16/2020,17,312.51,19.32,40,Clothing & Apparel,Desktop,Buy Now Pay Later,Paid Ad,2,4.5,1,4,1,0
C07345,United States,34,Male,Free,10/22/2023,14,2231.95,175.72,49,Books,Tablet,Debit Card,Organic Search,2,3.8,1,12,1,0
C07346,France,57,Male,Free,2/7/2026,57,9171.84,160.39,100,Clothing & Apparel,Mobile,Debit Card,Social Media,11,3.4,3,4,1,0
C07347,United States,28,Male,Free,2/15/2024,32,1911.74,65.51,50,Sports & Outdoors,Mobile,Debit Card,Social Media,3,4.4,0,3,1,0
C07348,United Kingdom,35,Male,Silver,10/14/2022,38,2323.06,65.16,76,Electronics,Desktop,Debit Card,Organic Search,7,3.4,4,8,0,0
C07349,France,28,Female,Free,11/17/2023,6,785.84,145.43,33,Beauty & Personal Care,Tablet,Credit Card,Social Media,1,4.8,0,1,1,0
C07350,India,53,Female,Silver,4/20/2024,2,80.29,39.75,69,Toys & Games,Mobile,Credit Card,Organic Search,0,4.5,0,1,1,1
C07351,Brazil,32,Female,Silver,12/28/2022,8,667.93,95.33,9,Office Supplies,Mobile,Debit Card,Organic Search,1,4.6,0,7,0,0
C07352,Poland,18,Female,Free,6/15/2024,16,1633.4,118.92,35,Beauty & Personal Care,Desktop,Credit Card,Organic Search,4,4.6,1,9,1,0
C07353,United States,35,Female,Free,9/21/2023,16,537.44,36.54,5,Clothing & Apparel,Mobile,Credit Card,Social Media,3,3.9,1,6,0,0
C07354,United States,18,Male,Free,9/4/2025,22,1824.67,89.01,55,Electronics,Mobile,Debit Card,Organic Search,2,4.6,3,4,1,0
C07355,United States,20,Female,Free,7/24/2023,26,1062.98,44.12,55,Sports & Outdoors,Mobile,Bank Transfer,Email Campaign,8,4.6,2,0,1,0
C07356,United States,23,Female,Silver,8/16/2022,30,8714.03,265.06,69,Books,Desktop,Debit Card,Email Campaign,7,4.5,0,3,0,0
C07357,Germany,50,Male,Free,6/12/2025,21,1506.44,67.92,27,Books,Desktop,Credit Card,Social Media,5,4.8,1,2,0,0
C07358,Germany,38,Male,Free,3/11/2026,7,165.45,21.37,7,Beauty & Personal Care,Tablet,UPI / Digital Wallet,Referral,0,4.8,0,5,0,0
C07359,Brazil,24,Female,Free,12/27/2024,17,802.98,55.42,39,Beauty & Personal Care,Desktop,UPI / Digital Wallet,Email Campaign,3,3.9,0,0,1,0
C07360,United States,34,Female,Free,3/25/2026,8,241.38,29.51,164,Jewelry & Accessories,Tablet,UPI / Digital Wallet,Social Media,2,3.8,0,1,0,0
C07361,United States,31,Female,Free,8/2/2025,13,341.4,26.19,4,Clothing & Apparel,Mobile,Credit Card,Paid Ad,1,4.3,0,0,0,0
C07362,Germany,40,Male,Free,9/9/2025,9,456.05,50.94,17,Electronics,Mobile,PayPal,Social Media,2,3.8,0,3,1,0
C07363,United States,48,Female,Free,7/25/2024,14,4510.37,305.41,12,Food & Grocery,Desktop,UPI / Digital Wallet,Referral,1,4.3,1,2,1,0
C07364,United States,34,Female,Free,8/11/2025,42,2200.18,48.99,43,Sports & Outdoors,Desktop,Credit Card,Organic Search,10,4.8,0,8,1,0
C07365,Australia,41,Female,Gold,1/25/2026,49,5324.73,123.14,49,Electronics,Desktop,Credit Card,Organic Search,19,4.5,2,9,0,0
C07366,Japan,38,Female,Gold,11/29/2023,24,5317.85,218.31,96,Books,Desktop,Credit Card,Organic Search,3,4.3,0,9,1,0
C07367,Mexico,34,Female,Free,5/11/2024,33,2292.13,79.83,133,Books,Desktop,Credit Card,Social Media,4,4.6,1,4,1,0
C07368,Poland,35,Male,Free,11/16/2024,3,81.62,27.48,23,Food & Grocery,Desktop,PayPal,Social Media,1,4.9,0,1,1,0
C07369,Poland,30,Other,Silver,4/9/2025,23,5569.22,211.58,120,Electronics,Mobile,UPI / Digital Wallet,Organic Search,7,4.8,2,3,1,0
C07370,Mexico,40,Female,Platinum,3/11/2026,2,94.48,47.4,53,Electronics,Mobile,PayPal,Referral,0,3.5,0,12,1,1
C07371,UAE,25,Female,Platinum,3/2/2024,27,6023.74,231.27,2,Electronics,Desktop,Debit Card,Organic Search,1,3.5,1,2,0,0
C07372,Italy,36,Female,Gold,8/15/2025,3,228.89,73.05,2,Travel & Luggage,Mobile,PayPal,Organic Search,0,3.7,0,6,1,0
C07373,France,59,Female,Free,8/12/2020,15,1149.75,81.46,74,Clothing & Apparel,Mobile,Credit Card,Organic Search,1,3.5,2,0,1,1
C07374,United States,45,Female,Free,12/16/2024,21,1075.28,56.12,83,Electronics,Mobile,UPI / Digital Wallet,Organic Search,6,4.5,3,3,0,0
C07375,France,18,Male,Gold,10/1/2025,7,1115.44,181.62,19,Electronics,Mobile,Debit Card,Organic Search,0,4.8,0,0,1,0
C07376,United States,44,Male,Silver,3/11/2025,2,215.6,100.54,19,Beauty & Personal Care,Mobile,Debit Card,Social Media,0,3.7,0,12,1,0
C07377,UAE,32,Male,Free,12/9/2023,22,7166.01,330.75,62,Home & Kitchen,Desktop,Credit Card,Referral,8,4.7,2,16,0,0
C07378,United States,47,Male,Free,8/5/2025,15,1652.77,97.99,24,Electronics,Tablet,Credit Card,Email Campaign,5,4.1,1,15,1,0
C07379,India,42,Male,Silver,11/5/2025,25,1547.28,60.25,20,Pet Supplies,Mobile,UPI / Digital Wallet,Referral,8,4.3,0,5,1,1
C07380,United States,21,Female,Free,5/24/2025,7,834.49,122.59,114,Home & Kitchen,Mobile,Credit Card,Social Media,2,3.2,0,3,1,0
C07381,United Kingdom,60,Female,Free,6/21/2025,2,170.74,97.15,23,Beauty & Personal Care,Mobile,Debit Card,Direct,0,4.9,0,1,0,0
C07382,Mexico,25,Male,Free,1/21/2026,5,417.38,89.22,21,Home & Kitchen,Desktop,Cryptocurrency,Social Media,1,3.4,0,11,1,0
C07383,United States,46,Female,Free,6/17/2024,9,735.52,77.43,82,Home & Kitchen,Tablet,Debit Card,Email Campaign,1,4.8,0,7,1,0
C07384,Australia,33,Female,Free,1/31/2023,9,205.94,21.01,219,Automotive,Desktop,UPI / Digital Wallet,Email Campaign,1,3.8,0,11,1,0
C07385,United States,46,Female,Free,12/11/2025,13,1622.66,114.92,23,Clothing & Apparel,Tablet,Credit Card,Email Campaign,3,4,1,0,1,0
C07386,Poland,39,Female,Free,8/3/2024,33,2141.52,63.51,75,Electronics,Mobile,Credit Card,Paid Ad,7,4.3,4,7,1,0
C07387,United States,32,Male,Platinum,1/4/2026,22,1943.22,98.4,76,Food & Grocery,Desktop,Debit Card,Organic Search,8,4.2,2,11,0,0
C07388,United States,50,Male,Free,6/14/2024,17,611.12,36.31,139,Health & Wellness,Mobile,Credit Card,Email Campaign,3,4.7,0,6,0,0
C07389,United States,41,Female,Free,3/6/2024,6,198.36,37.75,52,Toys & Games,Mobile,Buy Now Pay Later,Paid Ad,1,4.1,0,1,1,0
C07390,Germany,18,Male,Gold,9/30/2023,18,835.57,46.67,90,Sports & Outdoors,Tablet,UPI / Digital Wallet,Organic Search,1,4.1,1,6,1,0
C07391,Canada,20,Female,Free,5/6/2024,5,467.62,105.54,22,Books,Mobile,Credit Card,Referral,1,3.7,0,1,1,0
C07392,United States,35,Female,Free,12/15/2024,21,398.19,21.38,66,Health & Wellness,Tablet,Credit Card,Email Campaign,1,4.2,1,13,0,0
C07393,United States,35,Male,Free,1/4/2026,21,8392.45,348.57,32,Jewelry & Accessories,Mobile,Credit Card,Organic Search,1,4.1,2,5,1,1
C07394,United States,41,Female,Silver,8/7/2025,12,894.95,69.14,30,Sports & Outdoors,Mobile,Bank Transfer,Organic Search,3,3.8,1,0,1,0
C07395,United States,29,Male,Platinum,1/27/2022,5,522.01,105.19,3,Clothing & Apparel,Mobile,Credit Card,Social Media,1,3.9,0,3,1,0
C07396,Germany,49,Male,Gold,4/22/2022,29,2911.75,117.85,25,Clothing & Apparel,Mobile,Credit Card,Social Media,3,3.7,2,2,1,0
C07397,Germany,18,Male,Free,9/6/2023,1,38.48,36.58,165,Automotive,Mobile,Debit Card,Organic Search,0,4.8,0,2,1,1
C07398,United States,43,Male,Free,10/1/2023,4,397.68,87.73,88,Books,Mobile,Credit Card,Paid Ad,1,4,0,2,1,0
C07399,France,18,Female,Silver,7/11/2025,58,2906.9,49.62,90,Beauty & Personal Care,Mobile,Debit Card,Paid Ad,15,4.4,1,3,1,0
C07400,Canada,59,Female,Silver,10/13/2022,44,3026.29,65.75,67,Toys & Games,Desktop,Credit Card,Paid Ad,8,4.1,3,16,0,0
C07401,United States,18,Male,Silver,9/4/2025,44,7148.71,160.58,2,Electronics,Mobile,PayPal,Email Campaign,5,4.8,3,5,1,0
C07402,France,48,Male,Free,7/5/2025,1,150.03,157.99,73,Office Supplies,Mobile,Debit Card,Social Media,0,4.7,0,1,1,1
C07403,France,18,Male,Free,4/23/2025,20,997.82,45.83,126,Pet Supplies,Mobile,Debit Card,Social Media,5,4.5,1,2,0,0
C07404,France,30,Male,Free,12/2/2025,45,1591.68,36.82,31,Sports & Outdoors,Mobile,Bank Transfer,Paid Ad,17,3.4,0,7,1,0
C07405,United States,33,Male,Free,8/25/2024,3,434.38,143.7,77,Clothing & Apparel,Mobile,Debit Card,Referral,0,3.7,0,1,1,1
C07406,Italy,23,Male,Free,3/28/2026,27,1236.43,46.94,86,Books,Mobile,UPI / Digital Wallet,Email Campaign,8,4.5,1,5,0,0
C07407,United States,27,Female,Silver,3/21/2026,4,243.65,70.4,20,Electronics,Desktop,Debit Card,Paid Ad,0,4.3,0,4,1,0
C07408,France,59,Female,Platinum,7/20/2024,1,158.4,144.78,14,Office Supplies,Tablet,Credit Card,Email Campaign,0,3.7,0,5,1,0
C07409,United Kingdom,47,Male,Silver,4/18/2025,15,1127.09,68.57,92,Home & Kitchen,Mobile,Credit Card,Organic Search,2,3.5,2,5,0,0
C07410,Canada,34,Male,Platinum,11/9/2025,11,1470.34,130.42,13,Food & Grocery,Desktop,Bank Transfer,Email Campaign,3,4.8,0,2,1,0
C07411,Singapore,31,Male,Silver,11/6/2023,13,607.87,47.55,17,Sports & Outdoors,Desktop,PayPal,Email Campaign,5,3.9,1,1,0,1
C07412,United States,20,Male,Silver,11/23/2023,7,1648.24,274.3,97,Sports & Outdoors,Desktop,UPI / Digital Wallet,Paid Ad,2,4.3,0,8,0,0
C07413,Australia,26,Male,Silver,9/23/2025,13,654.67,46.7,7,Clothing & Apparel,Mobile,Credit Card,Direct,0,4.5,1,0,1,0
C07414,Germany,24,Female,Free,10/21/2025,22,1646.23,66.07,98,Electronics,Mobile,Credit Card,Email Campaign,7,4.6,3,3,1,0
C07415,Sweden,18,Male,Free,2/24/2026,15,2268.46,165.69,9,Books,Desktop,Debit Card,Organic Search,3,3.6,0,8,1,0
C07416,United States,32,Female,Silver,6/19/2024,11,1070.98,114.41,6,Beauty & Personal Care,Desktop,Debit Card,Social Media,1,4.2,1,1,1,0
C07417,India,25,Male,Free,12/10/2024,5,165.77,35.5,26,Electronics,Mobile,Debit Card,Paid Ad,1,3.9,0,2,0,0
C07418,United States,25,Female,Free,10/1/2025,15,907.29,57.43,118,Electronics,Desktop,PayPal,Organic Search,3,4.1,0,3,1,0
C07419,Australia,18,Male,Free,3/13/2026,4,146.83,40.57,65,Jewelry & Accessories,Desktop,Debit Card,Organic Search,0,3.9,0,0,1,0
C07420,United States,36,Female,Platinum,2/4/2026,57,3362.52,58.91,20,Pet Supplies,Mobile,PayPal,Organic Search,9,3.7,0,1,1,0
C07421,United States,33,Female,Silver,2/11/2025,34,2298.24,72.49,5,Travel & Luggage,Desktop,Credit Card,Organic Search,10,3.7,4,0,1,0
C07422,India,38,Male,Platinum,3/7/2022,10,2336.86,246.3,2,Electronics,Desktop,Debit Card,Social Media,3,4.1,1,0,0,0
C07423,France,61,Female,Silver,9/5/2024,7,157.46,22.55,7,Home & Kitchen,Mobile,Debit Card,Organic Search,2,3.4,0,0,1,0
C07424,Spain,43,Female,Silver,12/6/2024,6,434.04,67.68,0,Food & Grocery,Mobile,Debit Card,Email Campaign,1,3.3,0,1,1,0
C07425,Germany,30,Female,Gold,3/2/2026,10,200.98,20.54,123,Health & Wellness,Mobile,UPI / Digital Wallet,Social Media,3,4.4,0,2,0,0
C07426,France,35,Female,Gold,9/25/2024,61,9020.6,129.34,7,Books,Desktop,Debit Card,Social Media,22,3.2,3,3,0,0
C07427,France,31,Female,Silver,11/17/2015,22,1766.87,76.49,50,Clothing & Apparel,Mobile,PayPal,Paid Ad,2,4.1,1,2,1,0
C07428,Mexico,31,Male,Free,2/19/2024,46,7494.96,142.77,11,Clothing & Apparel,Tablet,Debit Card,Organic Search,14,4.7,2,0,1,0
C07429,United States,57,Male,Gold,3/27/2026,6,473.45,88.07,35,Beauty & Personal Care,Mobile,Debit Card,Paid Ad,1,3.1,0,11,1,0
C07430,United Kingdom,53,Female,Free,3/9/2025,38,8310.28,226.61,55,Clothing & Apparel,Mobile,Credit Card,Email Campaign,4,3.7,1,4,0,0
C07431,UAE,32,Female,Silver,11/1/2023,16,655.88,37.85,31,Pet Supplies,Tablet,Debit Card,Organic Search,2,4.8,0,1,1,0
C07432,India,24,Female,Silver,5/7/2023,15,983.73,58.98,7,Clothing & Apparel,Mobile,Debit Card,Paid Ad,5,4.3,0,0,1,0
C07433,France,48,Male,Free,11/15/2023,2,116.95,51.15,222,Health & Wellness,Mobile,Credit Card,Email Campaign,0,4.7,0,6,1,1
C07434,United States,18,Female,Silver,5/12/2025,16,496.4,32.51,75,Books,Mobile,Debit Card,Social Media,1,4.7,0,1,0,0
C07435,United Kingdom,44,Male,Gold,12/28/2024,9,378.06,38.84,98,Electronics,Desktop,Bank Transfer,Organic Search,2,4.5,0,0,0,0
C07436,Germany,49,Male,Gold,9/9/2025,16,2131.94,122.82,31,Electronics,Mobile,Credit Card,Social Media,5,2.6,1,6,1,0
C07437,Japan,47,Male,Free,1/15/2024,1,94.02,92.26,14,Sports & Outdoors,Desktop,PayPal,Direct,0,4.8,0,1,1,1
C07438,United States,18,Male,Gold,3/2/2026,3,926.32,275.96,6,Clothing & Apparel,Mobile,PayPal,Referral,0,4.2,0,0,1,0
C07439,UAE,28,Male,Free,12/21/2025,2,169.4,92.05,129,Toys & Games,Desktop,Debit Card,Direct,0,3.9,0,5,1,0
C07440,United States,44,Male,Silver,5/8/2025,28,3088.03,106.25,12,Home & Kitchen,Tablet,Debit Card,Paid Ad,10,4.4,3,0,1,0
C07441,Netherlands,44,Female,Free,11/20/2025,31,4974.07,150.11,9,Electronics,Mobile,UPI / Digital Wallet,Organic Search,5,4.6,2,5,1,0
C07442,United States,50,Male,Free,3/18/2026,10,440.72,51.45,139,Electronics,Tablet,PayPal,Social Media,1,4.2,1,1,1,0
C07443,Mexico,35,Female,Free,3/2/2024,5,139.35,29.37,202,Clothing & Apparel,Mobile,PayPal,Social Media,0,4.3,0,12,0,1
C07444,United Kingdom,44,Other,Gold,2/1/2024,62,14363.26,223.37,35,Sports & Outdoors,Mobile,Debit Card,Paid Ad,18,3.8,4,0,0,0
C07445,United Kingdom,35,Female,Free,12/2/2023,41,3089.53,85.94,18,Clothing & Apparel,Mobile,PayPal,Email Campaign,10,4.3,0,7,1,0
C07446,Germany,40,Male,Silver,5/9/2025,8,187.21,22.04,1,Electronics,Desktop,PayPal,Direct,1,4.4,0,3,1,0
C07447,Italy,24,Male,Silver,6/21/2025,44,576.63,15.01,78,Office Supplies,Mobile,Debit Card,Paid Ad,4,4.6,3,0,1,0
C07448,Germany,27,Male,Platinum,9/27/2024,5,2219.71,459.99,7,Electronics,Mobile,Debit Card,Organic Search,0,4.2,0,0,1,0
C07449,Germany,45,Male,Free,6/10/2022,1,290.92,268.9,16,Automotive,Desktop,PayPal,Social Media,0,4.5,0,0,1,0
C07450,France,47,Male,Free,6/8/2025,23,1239.73,51.94,30,Electronics,Mobile,Credit Card,Organic Search,3,3.7,0,0,0,0
C07451,United States,45,Male,Free,3/20/2026,28,1353.22,54.27,16,Clothing & Apparel,Mobile,Credit Card,Direct,7,4.2,0,2,1,0
C07452,Germany,40,Female,Free,5/2/2024,3,85.55,26.02,17,Food & Grocery,Mobile,Credit Card,Organic Search,0,4.1,0,4,1,0
C07453,United States,37,Female,Free,3/30/2026,11,1412.21,146.78,7,Clothing & Apparel,Desktop,Credit Card,Social Media,2,2.8,1,3,0,0
C07454,United States,32,Female,Gold,3/9/2026,38,3887.53,105.11,123,Electronics,Mobile,PayPal,Organic Search,5,4.1,2,0,0,0
C07455,United Kingdom,32,Male,Free,5/11/2023,4,350.8,78.05,8,Home & Kitchen,Mobile,PayPal,Organic Search,0,3.6,0,7,0,0
C07456,Mexico,27,Male,Platinum,6/18/2023,1,79.41,90.21,32,Clothing & Apparel,Mobile,Debit Card,Organic Search,0,4.8,0,3,0,0
C07457,Germany,24,Male,Silver,2/16/2023,21,859.81,38.93,24,Electronics,Mobile,Credit Card,Direct,1,4,0,5,1,0
C07458,Canada,26,Male,Free,8/8/2025,18,1226.89,61.98,43,Health & Wellness,Mobile,Credit Card,Social Media,3,4.6,1,4,1,0
C07459,United States,45,Female,Silver,5/15/2025,5,1702.37,297.76,60,Beauty & Personal Care,Desktop,Bank Transfer,Paid Ad,1,4.4,0,5,1,0
C07460,Germany,38,Female,Free,5/2/2022,4,108.52,31.23,97,Clothing & Apparel,Mobile,Debit Card,Social Media,0,4.4,0,1,1,0
C07461,France,49,Male,Free,5/9/2020,16,833.78,45.38,19,Food & Grocery,Desktop,Debit Card,Email Campaign,2,3.9,1,0,0,0
C07462,Germany,32,Female,Free,2/19/2024,1,37.65,37.18,107,Travel & Luggage,Desktop,Credit Card,Organic Search,0,4.7,0,3,1,0
C07463,United States,27,Female,Platinum,9/2/2023,32,17911.11,583.01,21,Home & Kitchen,Tablet,Credit Card,Social Media,8,4,1,1,1,0
C07464,India,20,Male,Free,6/21/2024,9,1116.66,134.57,20,Toys & Games,Mobile,UPI / Digital Wallet,Organic Search,1,4.9,0,5,0,0
C07465,France,49,Female,Free,2/13/2025,3,293.69,86.29,109,Home & Kitchen,Mobile,Debit Card,Email Campaign,0,4.8,0,3,1,0
C07466,Japan,26,Male,Free,10/18/2024,1,36.74,36.86,70,Beauty & Personal Care,Tablet,Debit Card,Organic Search,0,4.2,0,3,0,0
C07467,Germany,26,Male,Platinum,11/4/2023,1,224.86,252.79,1,Beauty & Personal Care,Mobile,Buy Now Pay Later,Organic Search,0,4,0,11,1,1
C07468,United Kingdom,29,Male,Gold,7/25/2020,10,416.48,46.61,61,Pet Supplies,Desktop,Credit Card,Social Media,2,4,0,2,1,0
C07469,France,28,Female,Silver,10/28/2024,35,1455.21,38.84,85,Travel & Luggage,Desktop,Debit Card,Organic Search,8,3.6,2,5,1,0
C07470,United States,32,Male,Silver,3/9/2026,5,291.24,63.86,54,Health & Wellness,Tablet,Cryptocurrency,Organic Search,0,4,0,17,0,0
C07471,United Kingdom,44,Female,Silver,3/17/2026,3,215.09,82.43,17,Toys & Games,Mobile,Credit Card,Organic Search,0,4.1,0,1,0,0
C07472,India,52,Male,Free,9/3/2025,25,1510.43,60.32,78,Books,Mobile,Debit Card,Email Campaign,6,3.7,2,0,0,0
C07473,United Kingdom,40,Male,Free,7/17/2025,21,1128.72,56.97,22,Health & Wellness,Mobile,PayPal,Email Campaign,2,2.4,2,2,0,0
C07474,United Kingdom,53,Female,Free,6/10/2025,8,206.31,23.04,75,Jewelry & Accessories,Desktop,UPI / Digital Wallet,Organic Search,0,4.7,0,13,1,0
C07475,United States,31,Male,Platinum,10/2/2024,10,526.69,61.11,11,Pet Supplies,Desktop,Debit Card,Social Media,3,3.6,0,1,1,0
C07476,Australia,42,Male,Free,3/21/2026,9,1252.52,133.75,155,Clothing & Apparel,Mobile,Debit Card,Email Campaign,3,4,1,2,0,0
C07477,UAE,26,Female,Silver,11/24/2023,7,356.36,52.16,38,Pet Supplies,Tablet,PayPal,Social Media,2,3.3,0,2,1,0
C07478,Japan,59,Female,Gold,3/15/2024,19,1077.61,62.29,13,Beauty & Personal Care,Mobile,PayPal,Email Campaign,5,4.1,0,1,0,0
C07479,United States,26,Female,Free,3/1/2024,59,2480.9,44.46,11,Clothing & Apparel,Mobile,Credit Card,Direct,17,4.6,3,1,1,0
C07480,United Kingdom,40,Male,Silver,7/3/2024,2,146.55,70.48,76,Toys & Games,Mobile,Buy Now Pay Later,Paid Ad,0,4.8,0,1,0,1
C07481,Japan,37,Male,Free,4/20/2025,45,1434.08,35.97,22,Health & Wellness,Mobile,Credit Card,Paid Ad,9,4.1,5,0,1,0
C07482,Brazil,29,Male,Free,10/15/2025,15,3388.91,265.58,3,Books,Mobile,Credit Card,Social Media,4,3.6,1,0,0,0
C07483,United States,36,Male,Free,2/7/2026,44,1420.59,29.43,18,Electronics,Mobile,UPI / Digital Wallet,Paid Ad,15,2.9,6,0,0,0
C07484,India,34,Female,Silver,3/24/2024,20,440.7,19.17,103,Clothing & Apparel,Mobile,Credit Card,Organic Search,1,4.1,1,8,0,0
C07485,United States,41,Female,Silver,1/25/2025,8,241.63,31.16,32,Food & Grocery,Mobile,Bank Transfer,Paid Ad,1,4.5,0,13,1,0
C07486,Brazil,18,Male,Free,11/24/2024,27,1142.1,38.94,35,Clothing & Apparel,Mobile,Credit Card,Social Media,3,3,4,3,0,0
C07487,United States,18,Male,Platinum,8/10/2024,24,3129.43,116.23,57,Books,Desktop,Debit Card,Organic Search,7,4.7,2,3,0,0
C07488,United States,35,Female,Free,11/17/2025,4,655.58,144.84,5,Food & Grocery,Mobile,Credit Card,Social Media,0,4.6,0,10,1,0
C07489,United States,27,Male,Gold,2/24/2024,25,436.99,19.14,52,Toys & Games,Desktop,Credit Card,Referral,4,3.8,0,5,1,0
C07490,United States,42,Female,Free,9/22/2024,3,694.86,238.11,22,Electronics,Desktop,PayPal,Paid Ad,0,4.7,0,10,0,0
C07491,United States,20,Female,Gold,3/30/2026,2,320.3,180.87,11,Clothing & Apparel,Mobile,PayPal,Email Campaign,0,3.2,0,3,1,0
C07492,United States,47,Male,Silver,2/22/2025,15,440.79,32.44,90,Clothing & Apparel,Mobile,Credit Card,Email Campaign,1,4.4,0,4,0,1
C07493,India,40,Male,Silver,8/29/2025,10,596.76,69.36,88,Sports & Outdoors,Desktop,Debit Card,Social Media,2,4.3,0,2,0,0
C07494,United States,66,Male,Platinum,10/7/2025,5,413.14,79.73,106,Electronics,Desktop,UPI / Digital Wallet,Paid Ad,1,4.4,0,3,1,1
C07495,Canada,39,Female,Free,1/11/2023,21,1105.21,57.51,40,Sports & Outdoors,Mobile,Debit Card,Social Media,7,4.4,1,0,1,0
C07496,United States,40,Female,Free,3/4/2024,4,386.36,96.26,38,Beauty & Personal Care,Mobile,Credit Card,Social Media,0,3.9,0,2,1,0
C07497,United States,37,Female,Free,3/28/2020,2,123.12,72.3,22,Electronics,Desktop,Credit Card,Paid Ad,0,4.6,0,0,1,0
C07498,France,19,Female,Free,10/4/2025,22,272.53,14.11,61,Jewelry & Accessories,Mobile,Credit Card,Organic Search,7,4.2,2,11,1,0
C07499,Mexico,35,Female,Silver,6/1/2025,2,57.44,27.55,95,Travel & Luggage,Desktop,Debit Card,Organic Search,0,4.7,0,2,1,0
C07500,Brazil,44,Male,Platinum,9/30/2025,8,421.64,57.43,0,Home & Kitchen,Mobile,PayPal,Social Media,2,4.1,0,2,0,0
C07501,India,66,Female,Free,1/13/2026,45,4927.42,121.04,34,Electronics,Mobile,Credit Card,Social Media,16,4.6,1,1,1,0
C07502,Poland,32,Female,Silver,6/30/2025,28,400.53,16.04,15,Clothing & Apparel,Desktop,Debit Card,Organic Search,3,3.8,3,3,0,0
C07503,United States,31,Female,Silver,11/4/2024,1,85.41,86.42,28,Sports & Outdoors,Desktop,PayPal,Direct,0,4,0,13,1,0
C07504,Netherlands,47,Female,Free,10/19/2025,2,220.31,117.78,190,Pet Supplies,Mobile,Debit Card,Organic Search,0,4.8,0,3,0,0
C07505,Australia,48,Female,Platinum,11/12/2022,2,654.56,289.65,88,Books,Mobile,PayPal,Direct,0,4.8,0,7,0,0
C07506,Mexico,39,Male,Free,11/28/2023,15,2151.08,145.93,36,Beauty & Personal Care,Mobile,Debit Card,Social Media,5,4,0,0,0,0
C07507,Spain,23,Female,Gold,3/30/2024,3,322.95,101.43,48,Books,Mobile,PayPal,Paid Ad,0,2.7,0,0,0,0
C07508,United States,43,Female,Gold,4/5/2025,56,2374.34,36.97,59,Clothing & Apparel,Mobile,Bank Transfer,Social Media,22,4.4,7,1,1,0
C07509,United States,39,Male,Silver,8/29/2024,1,43.76,49.89,204,Clothing & Apparel,Mobile,Debit Card,Social Media,0,3.9,0,1,1,0
C07510,Germany,49,Other,Free,3/5/2026,2,146.81,80.47,13,Beauty & Personal Care,Mobile,Buy Now Pay Later,Organic Search,0,3.7,0,14,0,0
C07511,Germany,42,Female,Silver,12/8/2022,11,1646.81,133.83,74,Pet Supplies,Mobile,Credit Card,Social Media,3,4.6,1,14,1,0
C07512,France,47,Female,Silver,2/17/2026,10,603.93,54.04,106,Clothing & Apparel,Tablet,Credit Card,Organic Search,1,4.3,0,6,1,0
C07513,United Kingdom,35,Female,Silver,12/9/2021,1,35.75,36.41,63,Food & Grocery,Mobile,Buy Now Pay Later,Organic Search,0,4.4,0,4,1,0
C07514,United States,32,Male,Free,1/19/2026,6,374.2,58.3,25,Home & Kitchen,Mobile,UPI / Digital Wallet,Social Media,0,3.6,0,3,1,0
C07515,United States,42,Male,Silver,4/29/2022,18,311.56,15.86,23,Books,Tablet,Debit Card,Email Campaign,1,4.9,0,2,1,0
C07516,India,18,Female,Free,9/10/2025,4,113.82,30.37,97,Food & Grocery,Mobile,Buy Now Pay Later,Direct,0,4.9,0,13,1,0
C07517,United States,52,Male,Silver,8/27/2024,19,689.28,42.02,66,Pet Supplies,Desktop,Buy Now Pay Later,Organic Search,1,4.9,1,7,1,0
C07518,France,40,Female,Free,4/12/2025,18,372.55,21.03,9,Clothing & Apparel,Desktop,Credit Card,Direct,5,2.9,2,15,1,0
C07519,Mexico,38,Male,Free,2/29/2024,43,2427.66,64.95,39,Pet Supplies,Desktop,Debit Card,Organic Search,14,3.4,3,1,0,0
C07520,United States,57,Other,Free,9/11/2024,8,95.04,10.73,76,Office Supplies,Desktop,UPI / Digital Wallet,Organic Search,3,4.6,0,0,0,0
C07521,United States,38,Male,Platinum,9/3/2025,23,6276.58,265.07,49,Health & Wellness,Mobile,Credit Card,Social Media,3,4.4,1,13,0,0
C07522,South Africa,45,Female,Free,3/17/2025,1,46.73,54.53,100,Toys & Games,Mobile,Credit Card,Organic Search,0,3.9,0,4,0,0
C07523,United States,23,Female,Platinum,11/9/2025,1,75.78,85.26,27,Health & Wellness,Desktop,PayPal,Referral,0,3.7,0,5,1,1
C07524,United States,52,Male,Free,9/18/2024,8,345.27,48.85,35,Sports & Outdoors,Mobile,PayPal,Organic Search,2,4.5,0,12,0,0
C07525,Canada,30,Male,Silver,7/5/2024,3,196.63,58.52,8,Beauty & Personal Care,Mobile,Credit Card,Organic Search,0,4.1,0,1,0,1
C07526,Australia,45,Female,Silver,1/15/2024,50,3517.5,64.46,13,Books,Mobile,Debit Card,Paid Ad,15,3.7,6,1,1,0
C07527,United States,37,Male,Platinum,11/21/2025,11,975.75,103.06,18,Food & Grocery,Desktop,Bank Transfer,Organic Search,1,3.9,0,16,1,0
C07528,United States,40,Male,Gold,3/17/2024,1,71.68,73.03,60,Clothing & Apparel,Mobile,PayPal,Social Media,0,3.8,0,3,0,0
C07529,Sweden,31,Male,Free,3/11/2025,45,3602.6,71.09,27,Food & Grocery,Mobile,Debit Card,Email Campaign,8,3.8,6,8,1,0
C07530,France,56,Female,Free,2/10/2026,56,2974.34,52.08,49,Jewelry & Accessories,Mobile,Buy Now Pay Later,Social Media,4,3.9,5,12,1,0
C07531,Brazil,27,Male,Gold,2/22/2017,7,562.37,84.54,17,Office Supplies,Mobile,PayPal,Paid Ad,0,4.7,0,6,1,0
C07532,Spain,23,Male,Free,11/6/2023,29,1250.86,43.17,3,Electronics,Mobile,Buy Now Pay Later,Email Campaign,9,4.4,0,0,1,0
C07533,Mexico,21,Female,Silver,10/2/2023,35,8086.15,244.24,9,Electronics,Tablet,PayPal,Paid Ad,5,4.1,1,3,1,0
C07534,United States,40,Other,Platinum,8/29/2025,18,1768.44,86.44,391,Food & Grocery,Mobile,Credit Card,Social Media,0,4.2,2,0,1,0
C07535,India,36,Male,Platinum,3/20/2024,1,46.73,53.48,28,Home & Kitchen,Desktop,Buy Now Pay Later,Email Campaign,0,3.9,0,12,1,0
C07536,Brazil,31,Male,Silver,9/8/2025,3,265.66,83.77,152,Food & Grocery,Desktop,Credit Card,Organic Search,0,4.4,0,14,0,0
C07537,United States,21,Female,Free,3/12/2026,22,596.53,27.95,43,Electronics,Mobile,PayPal,Referral,3,4.2,1,0,0,0
C07538,United States,35,Male,Free,9/22/2025,20,996.05,45.25,15,Clothing & Apparel,Mobile,Cryptocurrency,Paid Ad,3,3.7,1,9,1,0
C07539,United States,30,Male,Free,5/13/2023,3,264.25,87.79,69,Clothing & Apparel,Mobile,Credit Card,Referral,0,4.7,0,4,1,0
C07540,Germany,38,Male,Free,12/21/2025,2,46.13,23.69,3,Toys & Games,Desktop,Credit Card,Email Campaign,0,3.3,0,4,1,0
C07541,United States,44,Female,Free,10/29/2025,38,2638.94,67.88,27,Health & Wellness,Mobile,Credit Card,Paid Ad,6,3.9,0,16,0,0
C07542,South Korea,33,Female,Silver,6/22/2025,7,576.94,79.4,148,Travel & Luggage,Desktop,UPI / Digital Wallet,Referral,1,3.5,0,15,1,0
C07543,Japan,27,Female,Free,2/16/2025,26,531.67,21.04,34,Health & Wellness,Mobile,Credit Card,Social Media,5,4.6,1,0,1,0
C07544,United States,45,Male,Gold,2/12/2020,14,824.52,56.38,23,Clothing & Apparel,Tablet,Credit Card,Referral,1,4.1,1,2,0,0
C07545,Germany,33,Female,Free,6/8/2025,7,463.36,58.95,64,Food & Grocery,Mobile,Debit Card,Email Campaign,1,4.3,0,8,1,0
C07546,United Kingdom,36,Female,Free,11/28/2025,9,631.53,80.34,54,Clothing & Apparel,Desktop,Debit Card,Social Media,1,3.5,0,1,0,0
C07547,Poland,33,Male,Silver,2/22/2025,3,314.63,104.1,177,Food & Grocery,Mobile,PayPal,Social Media,0,3.8,0,7,0,0
C07548,Mexico,44,Male,Free,4/4/2023,11,1215.6,125.2,23,Home & Kitchen,Desktop,Credit Card,Social Media,2,3.9,1,19,1,0
C07549,India,50,Male,Free,3/29/2026,57,5684.74,115.64,261,Health & Wellness,Mobile,Credit Card,Paid Ad,18,4,8,0,0,1
C07550,Canada,23,Male,Free,3/10/2023,2,343.6,181.84,90,Beauty & Personal Care,Mobile,Debit Card,Social Media,0,4.4,0,0,1,0
C07551,France,37,Male,Gold,3/26/2022,19,1584.47,77.45,9,Sports & Outdoors,Desktop,Debit Card,Organic Search,6,4,1,3,1,0
C07552,Turkey,44,Female,Free,3/17/2025,21,810.62,40.47,94,Pet Supplies,Mobile,Buy Now Pay Later,Paid Ad,3,4.6,1,1,1,0
C07553,South Korea,44,Male,Platinum,8/8/2025,24,6648.26,271.86,49,Toys & Games,Desktop,Credit Card,Organic Search,1,4,1,7,0,0
C07554,United States,28,Female,Free,10/13/2025,7,639.2,92.84,13,Sports & Outdoors,Mobile,Credit Card,Social Media,1,4.6,0,12,1,0
C07555,United States,28,Female,Free,10/15/2025,17,655.12,42.91,55,Electronics,Desktop,Bank Transfer,Social Media,4,4.4,2,4,1,1
C07556,Germany,18,Male,Free,12/10/2025,24,2139.29,87.1,66,Health & Wellness,Mobile,Debit Card,Organic Search,6,3.8,2,4,1,0
C07557,United Kingdom,27,Female,Free,10/8/2023,1,64.4,60.65,28,Home & Kitchen,Mobile,Credit Card,Paid Ad,0,3.9,0,2,1,0
C07558,India,31,Female,Silver,8/21/2025,9,771.45,78.02,10,Food & Grocery,Mobile,Credit Card,Social Media,3,4.7,0,4,0,0
C07559,France,37,Male,Free,3/25/2024,1,49.04,50.84,2,Sports & Outdoors,Mobile,PayPal,Email Campaign,0,3.9,0,11,1,0
C07560,United States,47,Female,Free,12/7/2025,7,255.76,34.95,36,Books,Tablet,Debit Card,Referral,1,4.5,0,4,0,0
C07561,France,54,Male,Gold,10/27/2023,14,1061.36,71.3,32,Travel & Luggage,Desktop,Credit Card,Direct,2,4.4,1,10,1,0
C07562,India,25,Female,Free,2/15/2025,6,299.63,55.12,111,Toys & Games,Mobile,Credit Card,Organic Search,0,4.4,0,4,0,0
C07563,Spain,47,Female,Free,3/23/2026,13,528.84,36.58,11,Electronics,Mobile,Debit Card,Email Campaign,3,3.8,1,0,0,0
C07564,Germany,34,Female,Silver,7/26/2024,2,134.04,71.05,187,Clothing & Apparel,Tablet,Credit Card,Organic Search,0,4.3,0,3,1,1
C07565,United States,45,Male,Silver,7/1/2020,3,318,96.73,74,Food & Grocery,Desktop,Buy Now Pay Later,Organic Search,0,4.1,0,6,0,0
C07566,United States,32,Male,Platinum,12/24/2025,4,721.58,175.77,82,Health & Wellness,Tablet,Cryptocurrency,Organic Search,0,3.8,0,23,0,0
C07567,United States,28,Male,Silver,3/23/2026,16,2479.25,146.87,147,Toys & Games,Tablet,UPI / Digital Wallet,Paid Ad,5,4,1,4,0,0
C07568,Australia,18,Female,Gold,10/12/2025,7,1198.41,150.71,125,Books,Mobile,Credit Card,Direct,2,3.1,0,0,1,0
C07569,United Kingdom,30,Female,Free,8/9/2018,57,4471.31,74.62,30,Electronics,Mobile,Credit Card,Email Campaign,16,4.8,2,2,1,0
C07570,Germany,19,Female,Gold,5/30/2025,20,802.49,46.48,182,Sports & Outdoors,Mobile,Debit Card,Social Media,5,4.7,2,4,0,0
C07571,United Kingdom,30,Female,Gold,1/15/2025,4,1272.5,335.85,72,Electronics,Tablet,Debit Card,Organic Search,1,3.1,0,18,1,0
C07572,United Kingdom,30,Female,Free,10/16/2025,8,153.87,16.83,35,Beauty & Personal Care,Mobile,PayPal,Organic Search,2,3.2,0,11,1,0
C07573,Poland,40,Male,Free,6/10/2024,4,243.23,60.56,48,Jewelry & Accessories,Desktop,Credit Card,Organic Search,1,4.4,0,0,0,0
C07574,United Kingdom,39,Female,Silver,11/4/2024,35,3456.14,107.74,20,Books,Mobile,Credit Card,Social Media,13,4.1,0,12,1,0
C07575,Japan,57,Male,Gold,2/26/2026,28,1534.4,60.65,17,Jewelry & Accessories,Mobile,Credit Card,Referral,4,4.4,2,3,1,0
C07576,Poland,41,Female,Free,11/13/2025,8,488.52,70.34,20,Beauty & Personal Care,Tablet,Credit Card,Social Media,1,4.7,1,2,1,0
C07577,Italy,35,Male,Gold,7/11/2024,4,215.9,60.76,40,Beauty & Personal Care,Desktop,Bank Transfer,Email Campaign,1,3.6,0,5,1,0
C07578,Australia,51,Male,Free,6/29/2025,6,452.6,68.74,197,Beauty & Personal Care,Tablet,Credit Card,Direct,1,4.1,0,11,0,1
C07579,India,54,Female,Free,11/11/2022,37,2864.34,69.98,91,Clothing & Apparel,Mobile,Credit Card,Social Media,3,3.4,3,0,1,0
C07580,Australia,40,Male,Free,10/13/2023,1,159.36,159.37,56,Beauty & Personal Care,Desktop,UPI / Digital Wallet,Paid Ad,0,4,0,3,1,0
C07581,France,54,Female,Free,3/3/2025,58,2242.02,34.47,127,Beauty & Personal Care,Desktop,Debit Card,Organic Search,5,3.7,5,3,1,0
C07582,United States,28,Male,Free,2/1/2026,11,308.27,25.49,62,Pet Supplies,Mobile,Credit Card,Organic Search,2,3.8,0,3,1,0
C07583,United Kingdom,47,Male,Gold,9/1/2025,5,969.81,184.39,59,Electronics,Mobile,Credit Card,Email Campaign,1,4.4,0,2,1,0
C07584,India,40,Female,Silver,5/6/2025,18,1556.24,76.8,1,Travel & Luggage,Desktop,Bank Transfer,Paid Ad,4,3.9,2,6,1,0
C07585,Spain,28,Male,Silver,6/7/2025,32,2862.84,99.29,37,Clothing & Apparel,Mobile,UPI / Digital Wallet,Paid Ad,12,4,1,6,0,0
C07586,United States,32,Male,Free,7/10/2024,28,982.16,34.49,102,Food & Grocery,Mobile,Credit Card,Social Media,2,4.7,2,0,1,0
C07587,United States,25,Female,Free,6/16/2025,44,2343.81,55.75,5,Books,Mobile,Credit Card,Social Media,7,4.7,2,1,1,0
C07588,United States,23,Male,Silver,10/20/2025,30,1350.6,41.46,133,Clothing & Apparel,Desktop,Debit Card,Social Media,2,4.5,0,10,0,0
C07589,United States,38,Male,Free,5/1/2020,4,368.89,83.76,55,Clothing & Apparel,Mobile,Debit Card,Social Media,0,4,0,0,0,0
C07590,France,38,Male,Gold,10/8/2024,48,1896.78,42.34,7,Clothing & Apparel,Mobile,Debit Card,Social Media,18,4,0,4,1,0
C07591,India,39,Female,Free,1/20/2024,11,1592.49,140.62,177,Pet Supplies,Desktop,Credit Card,Email Campaign,3,3.9,0,3,0,0
C07592,United States,42,Male,Silver,6/4/2025,3,132.75,41.91,72,Electronics,Desktop,Credit Card,Paid Ad,0,3.7,0,0,0,0
C07593,United States,31,Male,Platinum,1/10/2026,16,1938.83,105.53,26,Electronics,Desktop,Credit Card,Email Campaign,5,4,2,8,0,0
C07594,France,22,Female,Gold,12/7/2025,18,632.61,32.87,18,Beauty & Personal Care,Mobile,Debit Card,Email Campaign,3,3.5,1,3,1,0
C07595,Italy,52,Female,Free,8/14/2025,8,1546.19,202.11,44,Books,Mobile,Credit Card,Direct,2,4.8,0,6,0,0
C07596,United States,61,Male,Free,3/26/2025,2,93.23,46.11,81,Home & Kitchen,Mobile,Debit Card,Paid Ad,0,4.6,0,6,1,1
C07597,France,67,Male,Free,4/16/2025,1,78.5,78.15,58,Electronics,Mobile,UPI / Digital Wallet,Paid Ad,0,4,0,0,1,0
C07598,Germany,25,Male,Platinum,7/29/2024,48,3346.13,70.82,23,Electronics,Desktop,PayPal,Paid Ad,11,4.2,4,4,1,1
C07599,France,60,Male,Silver,7/14/2025,24,2214.85,94.31,4,Beauty & Personal Care,Mobile,Credit Card,Referral,4,4.8,2,4,1,0
C07600,India,33,Male,Gold,7/30/2025,11,2902.77,231.91,226,Toys & Games,Tablet,Debit Card,Paid Ad,4,4.3,1,2,1,0
C07601,Germany,34,Male,Free,4/11/2022,2,182.92,89.8,83,Food & Grocery,Mobile,PayPal,Email Campaign,0,4.3,0,0,0,0
C07602,United States,29,Female,Free,10/21/2025,14,755.68,59.74,7,Clothing & Apparel,Mobile,Debit Card,Email Campaign,5,3.5,0,0,0,0
C07603,United States,28,Female,Free,10/9/2024,39,2427.63,72.2,0,Clothing & Apparel,Mobile,PayPal,Organic Search,8,4.8,3,0,1,0
C07604,Canada,26,Male,Platinum,1/19/2025,7,548.69,88.47,36,Clothing & Apparel,Desktop,Credit Card,Email Campaign,1,3.3,0,3,0,0
C07605,India,33,Female,Free,8/12/2021,39,5925.94,170.19,34,Electronics,Tablet,Debit Card,Direct,14,4.2,3,4,1,0
C07606,United States,18,Other,Free,5/14/2024,43,4819.7,99.3,69,Electronics,Desktop,Credit Card,Social Media,16,3.8,3,2,1,0
C07607,France,18,Female,Platinum,1/31/2025,7,913.7,123.06,13,Electronics,Desktop,PayPal,Paid Ad,2,4.6,0,2,1,0
C07608,United States,54,Female,Silver,8/13/2025,6,291.18,52.08,66,Sports & Outdoors,Desktop,Bank Transfer,Referral,2,3.6,0,1,1,0
C07609,United States,28,Female,Free,9/23/2022,30,1189.62,46.08,39,Books,Desktop,Credit Card,Organic Search,2,4,1,1,0,0
C07610,United States,35,Female,Free,11/18/2024,13,917.56,64.01,23,Automotive,Tablet,PayPal,Organic Search,2,4.3,1,5,1,0
C07611,United States,39,Female,Silver,7/2/2024,5,779.31,145.29,2,Clothing & Apparel,Mobile,Credit Card,Organic Search,0,4.7,0,3,0,0
C07612,France,23,Female,Free,1/19/2026,5,297.93,60.63,40,Electronics,Mobile,Credit Card,Email Campaign,0,4.6,0,4,1,0
C07613,United States,18,Female,Free,11/2/2021,32,4710.42,138.46,149,Clothing & Apparel,Mobile,Credit Card,Social Media,8,3.5,4,1,0,1
C07614,Canada,39,Female,Platinum,7/9/2025,24,6795.9,253.77,25,Clothing & Apparel,Desktop,Debit Card,Email Campaign,9,3.5,3,3,0,0
C07615,United States,35,Female,Free,9/4/2025,5,654.52,115.39,1,Clothing & Apparel,Desktop,Credit Card,Email Campaign,0,4.1,0,0,1,0
C07616,United States,62,Male,Free,6/26/2025,6,255.48,47.34,20,Home & Kitchen,Mobile,Buy Now Pay Later,Organic Search,1,4.2,0,4,0,0
C07617,Germany,52,Female,Free,11/12/2025,18,1140.09,56.5,4,Electronics,Mobile,PayPal,Paid Ad,1,4.4,2,4,1,0
C07618,United States,38,Female,Free,5/25/2025,2,125.14,58.72,29,Beauty & Personal Care,Desktop,Credit Card,Email Campaign,0,4.5,0,6,0,0
C07619,Brazil,38,Male,Silver,11/25/2024,8,1062.56,154.31,192,Electronics,Tablet,UPI / Digital Wallet,Social Media,2,3.4,0,10,1,0
C07620,Australia,34,Male,Free,5/25/2025,4,460.62,107.06,44,Home & Kitchen,Tablet,Credit Card,Paid Ad,1,3.8,0,6,1,0
C07621,United Kingdom,18,Male,Free,4/19/2025,26,5475.35,200.64,50,Beauty & Personal Care,Desktop,Buy Now Pay Later,Social Media,9,3.2,1,12,1,0
C07622,Germany,31,Female,Free,12/13/2025,28,2078.69,72.19,141,Home & Kitchen,Desktop,Credit Card,Email Campaign,9,4.8,1,0,1,0
C07623,United States,45,Female,Gold,11/30/2024,11,664.87,65.99,353,Electronics,Mobile,PayPal,Social Media,2,4.9,0,0,1,1
C07624,France,40,Female,Silver,3/5/2026,47,2460.31,54.14,88,Food & Grocery,Desktop,Debit Card,Email Campaign,13,4.1,1,8,1,1
C07625,Brazil,46,Female,Gold,6/4/2025,9,544.1,54.17,3,Books,Tablet,Credit Card,Email Campaign,3,3.9,0,7,1,0
C07626,United States,31,Female,Platinum,4/7/2023,27,1865.3,65.93,93,Sports & Outdoors,Desktop,Credit Card,Organic Search,9,4.2,1,3,0,0
C07627,United States,27,Male,Gold,11/16/2021,6,555.87,85.7,39,Clothing & Apparel,Desktop,Credit Card,Organic Search,1,4,0,2,1,0
C07628,Brazil,29,Female,Free,8/18/2023,2,34.08,18.93,45,Books,Desktop,Debit Card,Social Media,0,4.6,0,5,1,0
C07629,United Kingdom,51,Female,Free,3/26/2026,16,7491.14,422.4,36,Electronics,Mobile,Credit Card,Organic Search,5,4.2,0,1,1,0
C07630,Mexico,22,Female,Platinum,11/12/2023,11,1019.06,81.31,69,Food & Grocery,Mobile,UPI / Digital Wallet,Direct,1,4.2,1,2,1,0
C07631,United Kingdom,26,Male,Free,7/25/2023,1,20.12,22.09,12,Electronics,Desktop,Credit Card,Organic Search,0,2.7,0,3,1,0
C07632,United States,49,Male,Platinum,12/22/2024,6,4672.3,804.13,0,Home & Kitchen,Tablet,Debit Card,Email Campaign,2,4.5,0,8,0,0
C07633,Australia,38,Female,Free,12/20/2021,5,1359.4,249.98,91,Food & Grocery,Desktop,PayPal,Email Campaign,0,4.2,0,5,1,0
C07634,Germany,37,Male,Free,4/2/2024,40,5015.66,130.04,39,Books,Mobile,Credit Card,Referral,6,4.5,4,5,0,0
C07635,United States,30,Male,Gold,9/29/2024,20,2336.79,135.83,11,Travel & Luggage,Mobile,PayPal,Social Media,1,4.3,1,0,1,0
C07636,France,30,Male,Free,10/14/2025,21,1646.85,70.65,85,Electronics,Desktop,Credit Card,Organic Search,3,4.5,0,6,1,0
C07637,United Kingdom,51,Other,Free,6/1/2025,8,311.17,38.71,61,Health & Wellness,Mobile,Credit Card,Paid Ad,2,3.2,1,3,1,0
C07638,Spain,29,Female,Free,10/14/2025,64,5459.71,76.55,7,Books,Mobile,Credit Card,Paid Ad,18,4.1,4,30,1,0
C07639,United Kingdom,51,Other,Gold,11/21/2025,19,1782.61,90.26,5,Home & Kitchen,Tablet,PayPal,Organic Search,2,4,2,0,0,0
C07640,United States,22,Male,Free,4/1/2026,14,1358.2,108.72,49,Books,Mobile,Credit Card,Social Media,3,3.4,1,2,1,0
C07641,Singapore,24,Female,Free,1/10/2025,8,746.13,103.06,29,Home & Kitchen,Mobile,Debit Card,Social Media,1,3.5,0,0,1,0
C07642,United Kingdom,35,Male,Silver,8/25/2023,20,678.76,30.01,21,Toys & Games,Mobile,UPI / Digital Wallet,Social Media,4,4.3,1,5,0,0
C07643,Sweden,36,Female,Silver,1/9/2024,19,1062.42,64.99,108,Electronics,Desktop,PayPal,Social Media,7,3.3,0,2,0,0
C07644,United States,36,Female,Free,7/26/2024,1,91.88,95.27,36,Electronics,Desktop,UPI / Digital Wallet,Email Campaign,0,4.4,0,3,1,0
C07645,Mexico,28,Male,Free,2/21/2025,15,1189.49,79.12,68,Electronics,Mobile,Debit Card,Social Media,1,4.8,0,1,1,0
C07646,Brazil,32,Male,Gold,9/14/2025,53,6295.66,122.3,14,Electronics,Desktop,PayPal,Referral,7,3.4,2,1,1,0
C07647,Mexico,44,Male,Free,10/19/2025,2,180.76,81.6,26,Electronics,Mobile,Debit Card,Paid Ad,0,4.9,0,4,1,0
C07648,Spain,33,Male,Gold,7/9/2024,31,6033.09,176.21,104,Office Supplies,Mobile,PayPal,Direct,4,4.6,3,8,1,0
C07649,United States,28,Male,Free,9/9/2025,17,1937.58,114,70,Sports & Outdoors,Desktop,Credit Card,Social Media,1,3.8,0,3,0,0
C07650,India,48,Male,Free,10/18/2024,27,1412.13,58.37,94,Clothing & Apparel,Desktop,Credit Card,Social Media,10,3.6,1,7,1,0
C07651,United States,20,Female,Free,8/29/2023,3,46.87,15.52,3,Beauty & Personal Care,Desktop,Credit Card,Direct,0,4.9,0,0,1,1
C07652,Germany,21,Male,Silver,7/30/2024,35,5737.28,168.57,108,Clothing & Apparel,Desktop,Debit Card,Email Campaign,5,4.5,2,1,1,0
C07653,United States,37,Male,Silver,5/2/2024,35,1824.14,52.75,143,Beauty & Personal Care,Mobile,Credit Card,Organic Search,7,4.2,4,5,1,0
C07654,United States,18,Female,Free,11/5/2021,13,467.69,39.94,32,Electronics,Desktop,UPI / Digital Wallet,Email Campaign,4,5,0,2,1,0
C07655,United States,18,Female,Gold,11/20/2025,19,815.67,41.14,14,Sports & Outdoors,Desktop,UPI / Digital Wallet,Email Campaign,5,3.3,0,7,0,0
C07656,United States,42,Male,Silver,4/17/2025,45,4474.57,93.08,138,Clothing & Apparel,Desktop,UPI / Digital Wallet,Email Campaign,5,4.1,1,5,1,0
C07657,Australia,30,Female,Free,12/17/2025,15,526.9,38.59,88,Electronics,Mobile,Debit Card,Paid Ad,3,4.7,0,0,1,0
C07658,United States,33,Male,Silver,8/12/2025,10,1136.9,112.05,107,Electronics,Tablet,UPI / Digital Wallet,Social Media,0,4.4,0,5,0,0
C07659,France,49,Female,Free,11/4/2025,37,1387.29,42.79,162,Health & Wellness,Desktop,PayPal,Email Campaign,6,4.6,5,3,1,0
C07660,France,21,Female,Free,4/27/2025,15,440.83,31.87,0,Clothing & Apparel,Desktop,UPI / Digital Wallet,Organic Search,5,4,1,6,1,0
C07661,Mexico,28,Female,Free,12/31/2025,6,381.96,65.57,163,Jewelry & Accessories,Mobile,Credit Card,Paid Ad,2,3.8,0,4,1,1
C07662,United States,34,Female,Free,4/29/2025,26,822.51,28.54,109,Sports & Outdoors,Mobile,Debit Card,Social Media,5,4,0,2,0,1
C07663,United States,33,Female,Free,6/12/2024,11,2115.92,187.44,16,Health & Wellness,Tablet,Credit Card,Organic Search,4,3,1,3,0,0
C07664,United Kingdom,35,Male,Silver,8/2/2025,1,64.56,64.08,116,Home & Kitchen,Desktop,Debit Card,Organic Search,0,3.8,0,3,0,0
C07665,United States,20,Female,Gold,12/10/2024,3,409.16,127.47,73,Clothing & Apparel,Mobile,Debit Card,Paid Ad,0,4.5,0,7,1,1
C07666,Spain,31,Female,Platinum,10/27/2024,41,4306.71,112.53,7,Books,Desktop,PayPal,Organic Search,4,3.6,3,2,0,0
C07667,United Kingdom,44,Female,Free,7/8/2024,2,367.18,209.93,68,Clothing & Apparel,Desktop,Debit Card,Social Media,0,4.1,0,3,1,0
C07668,United States,58,Male,Free,12/9/2025,41,3183.01,81.78,45,Clothing & Apparel,Tablet,Credit Card,Organic Search,7,3.8,2,3,1,0
C07669,Australia,30,Male,Platinum,6/1/2020,25,11192.62,501.97,23,Electronics,Desktop,Credit Card,Organic Search,1,3.9,2,5,0,1
C07670,Mexico,37,Female,Silver,10/30/2023,14,948.36,58.95,0,Travel & Luggage,Desktop,Credit Card,Email Campaign,2,4.8,0,0,0,0
C07671,United States,38,Male,Silver,10/14/2025,10,425.35,39.3,14,Health & Wellness,Desktop,Credit Card,Paid Ad,2,3.6,0,10,1,0
C07672,India,27,Male,Platinum,3/11/2021,75,7038.74,100.71,81,Clothing & Apparel,Mobile,Bank Transfer,Organic Search,22,3.5,6,3,0,0
C07673,Mexico,38,Female,Silver,2/2/2026,1,19.17,22.33,106,Clothing & Apparel,Desktop,PayPal,Social Media,0,3.1,0,3,1,0
C07674,Germany,28,Female,Platinum,7/6/2024,27,4669.6,165.89,35,Automotive,Tablet,PayPal,Social Media,6,3.7,1,1,1,0
C07675,Brazil,36,Other,Free,12/5/2025,3,235.07,81.64,8,Electronics,Desktop,Credit Card,Social Media,1,4.1,0,5,0,0
C07676,Japan,26,Female,Free,12/12/2025,33,2590.92,78.05,47,Home & Kitchen,Desktop,Debit Card,Email Campaign,5,4.3,0,8,0,0
C07677,United States,38,Other,Gold,2/1/2025,41,1316.33,27.99,17,Electronics,Mobile,Credit Card,Paid Ad,14,4.2,1,2,0,0
C07678,India,18,Male,Free,6/17/2021,26,918.03,35.75,18,Electronics,Desktop,Debit Card,Direct,9,4.1,2,6,1,0
C07679,France,33,Female,Free,9/26/2025,35,4267.18,114.1,71,Clothing & Apparel,Mobile,UPI / Digital Wallet,Paid Ad,4,4.1,4,12,1,0
C07680,Brazil,28,Female,Platinum,1/21/2026,1,314.3,345.92,231,Electronics,Mobile,Debit Card,Email Campaign,0,3.7,0,10,0,1
C07681,United States,39,Male,Free,2/1/2025,59,3478.43,65.26,90,Automotive,Mobile,Credit Card,Social Media,14,4.1,2,1,1,0
C07682,Germany,43,Female,Gold,2/11/2026,2,179.76,81.63,116,Jewelry & Accessories,Mobile,Buy Now Pay Later,Referral,0,4.4,0,0,1,0
C07683,France,18,Female,Free,10/31/2025,14,1818.45,120.32,64,Electronics,Desktop,Buy Now Pay Later,Social Media,1,3.4,1,1,1,0
C07684,Germany,40,Other,Free,12/2/2025,1,118.39,116.68,24,Sports & Outdoors,Desktop,Debit Card,Direct,0,4,0,6,1,1
C07685,Germany,32,Female,Free,4/12/2025,4,282.32,64.34,53,Travel & Luggage,Tablet,Credit Card,Organic Search,0,4.7,0,0,1,0
C07686,United States,38,Male,Free,8/11/2022,15,621.47,38.57,95,Clothing & Apparel,Mobile,Credit Card,Organic Search,4,4.7,0,1,1,0
C07687,South Africa,18,Female,Free,2/27/2022,27,2558.7,99.33,131,Beauty & Personal Care,Mobile,Debit Card,Organic Search,6,4.9,4,3,1,0
C07688,United States,39,Female,Free,10/27/2020,2,121.71,54.39,71,Books,Desktop,Credit Card,Paid Ad,0,3.4,0,2,1,0
C07689,United States,50,Female,Silver,9/18/2022,13,1903.82,129.8,53,Office Supplies,Desktop,PayPal,Direct,3,4.8,1,3,1,0
C07690,Brazil,18,Male,Free,7/2/2025,8,810.39,96.62,119,Clothing & Apparel,Desktop,Credit Card,Social Media,2,4.2,0,3,1,0
C07691,United States,37,Other,Free,1/16/2026,40,8743.68,199.77,0,Home & Kitchen,Mobile,PayPal,Organic Search,13,4.4,5,5,1,0
C07692,Mexico,48,Female,Free,10/10/2024,36,3430.96,84.21,3,Pet Supplies,Mobile,Credit Card,Social Media,2,4.9,4,1,1,0
C07693,Canada,59,Other,Free,6/26/2023,45,1425.54,33.7,61,Toys & Games,Desktop,UPI / Digital Wallet,Referral,13,4.2,4,5,0,0
C07694,Germany,26,Male,Free,5/7/2023,12,2369.83,173.45,104,Beauty & Personal Care,Desktop,Credit Card,Social Media,3,4,0,0,1,1
C07695,South Africa,18,Male,Gold,2/3/2025,3,146.93,52.5,318,Books,Desktop,Debit Card,Organic Search,1,3.5,0,2,1,1
C07696,Mexico,18,Male,Silver,3/3/2025,15,4251.76,279.53,2,Electronics,Desktop,Credit Card,Referral,1,4.5,2,33,0,0
C07697,United States,19,Female,Free,1/18/2026,33,2993.81,82.56,3,Travel & Luggage,Desktop,Debit Card,Organic Search,10,4,0,7,1,0
C07698,United Kingdom,26,Female,Free,1/13/2026,29,3674,111.54,16,Beauty & Personal Care,Desktop,PayPal,Organic Search,6,4.1,3,5,0,0
C07699,Sweden,39,Male,Free,6/9/2025,21,1564.12,79.56,21,Toys & Games,Mobile,Debit Card,Organic Search,4,4.5,1,1,1,0
C07700,Australia,34,Male,Free,12/21/2025,18,866.31,53.48,11,Toys & Games,Desktop,Credit Card,Organic Search,3,4.9,0,2,0,0
C07701,United Kingdom,19,Male,Free,7/26/2018,4,421.99,106.5,8,Office Supplies,Desktop,Credit Card,Organic Search,1,4.6,0,3,0,0
C07702,Mexico,32,Male,Free,4/7/2025,8,471.58,58.28,86,Electronics,Mobile,Credit Card,Social Media,1,3.9,0,7,1,0
C07703,Poland,36,Female,Free,5/9/2023,10,247.05,23.54,62,Jewelry & Accessories,Mobile,PayPal,Social Media,3,5,1,4,0,0
C07704,Brazil,41,Male,Free,11/18/2025,11,1892.06,154.88,258,Sports & Outdoors,Desktop,Credit Card,Email Campaign,0,4.9,1,2,0,0
C07705,United States,74,Male,Gold,11/14/2025,11,839.42,79.16,3,Books,Mobile,Debit Card,Organic Search,1,3.1,0,0,0,0
C07706,Spain,39,Female,Free,9/6/2024,1,52.46,61.22,2,Sports & Outdoors,Tablet,PayPal,Paid Ad,0,2.6,0,7,0,1
C07707,United States,18,Female,Silver,7/1/2025,5,387.85,84.83,35,Home & Kitchen,Desktop,Debit Card,Social Media,0,4.2,0,6,0,0
C07708,Japan,57,Female,Free,5/19/2023,15,143.66,9.41,168,Clothing & Apparel,Tablet,Credit Card,Organic Search,2,5,1,7,1,0
C07709,United States,34,Female,Free,7/17/2022,1,92.75,85.7,7,Books,Mobile,Buy Now Pay Later,Email Campaign,0,3.9,0,6,1,1
C07710,United States,32,Female,Free,1/1/2026,13,652.14,47.88,29,Clothing & Apparel,Mobile,Debit Card,Social Media,4,4.4,1,1,1,0
C07711,Sweden,34,Male,Platinum,11/15/2025,8,1849.97,207.23,88,Electronics,Desktop,Buy Now Pay Later,Referral,2,4,0,1,1,0
C07712,Germany,53,Male,Silver,10/14/2023,35,18444.82,502.76,37,Health & Wellness,Mobile,Debit Card,Referral,2,3.4,2,1,0,0
C07713,United States,60,Female,Free,9/30/2024,6,66.17,11.68,125,Electronics,Desktop,Credit Card,Email Campaign,1,3.6,0,11,0,0
C07714,United States,42,Male,Platinum,3/12/2026,31,4736.21,139.35,19,Toys & Games,Tablet,UPI / Digital Wallet,Social Media,6,4.5,3,8,0,0
C07715,Italy,36,Male,Silver,4/26/2025,33,4146.16,126.7,3,Health & Wellness,Desktop,Debit Card,Organic Search,4,4.5,1,6,1,0
C07716,United Kingdom,28,Male,Free,9/6/2022,12,271.46,23.66,70,Automotive,Mobile,PayPal,Organic Search,4,4.5,0,13,1,0
C07717,United Kingdom,45,Male,Gold,3/29/2025,5,307.15,70.84,88,Electronics,Mobile,Credit Card,Organic Search,0,3.8,0,9,1,0
C07718,France,37,Male,Silver,6/16/2023,7,695.22,112.76,7,Home & Kitchen,Desktop,Debit Card,Direct,1,3.5,0,2,1,0
C07719,South Africa,18,Male,Free,6/20/2023,4,194.77,53.06,58,Home & Kitchen,Mobile,UPI / Digital Wallet,Organic Search,1,4.5,0,5,0,0
C07720,Germany,46,Female,Platinum,9/13/2025,4,257.33,60.41,89,Electronics,Mobile,Credit Card,Social Media,1,4,0,5,0,0
C07721,Australia,37,Male,Platinum,6/5/2023,9,1355.82,164.04,103,Clothing & Apparel,Desktop,Debit Card,Social Media,2,4.1,0,4,0,1
C07722,United States,18,Female,Free,2/18/2024,14,980.2,62.85,172,Books,Mobile,PayPal,Direct,3,5,1,5,1,0
C07723,United Kingdom,54,Female,Silver,7/24/2025,14,1372.45,85.29,40,Home & Kitchen,Mobile,Credit Card,Paid Ad,2,3.3,0,0,0,0
C07724,Germany,39,Male,Free,9/8/2022,16,499.21,32.78,30,Sports & Outdoors,Mobile,Bank Transfer,Email Campaign,3,4.1,1,28,1,0
C07725,United States,21,Female,Free,3/8/2024,1,115.46,122.02,9,Clothing & Apparel,Desktop,Cryptocurrency,Paid Ad,0,4.2,0,4,1,1
C07726,UAE,40,Male,Free,5/4/2024,1,42.77,43.46,111,Electronics,Desktop,Credit Card,Organic Search,0,4.6,0,1,1,1
C07727,India,18,Male,Free,12/9/2025,48,2233,52.18,205,Clothing & Apparel,Mobile,Buy Now Pay Later,Email Campaign,15,4.4,4,4,1,0
C07728,United States,45,Female,Gold,7/15/2024,78,5499.82,80.3,206,Sports & Outdoors,Desktop,Debit Card,Social Media,7,4.5,4,1,1,1
C07729,India,52,Female,Free,3/14/2024,24,2044.71,81.75,6,Home & Kitchen,Desktop,Debit Card,Social Media,3,4.7,1,17,0,0
C07730,United States,36,Female,Gold,11/21/2023,6,699.26,105.19,34,Home & Kitchen,Mobile,Debit Card,Paid Ad,0,4.8,0,0,0,0
C07731,United States,33,Female,Free,10/1/2022,13,369.76,25.26,103,Pet Supplies,Mobile,Credit Card,Referral,4,4.7,0,2,1,0
C07732,United States,26,Male,Free,11/16/2025,4,732.15,173.56,120,Beauty & Personal Care,Desktop,Debit Card,Organic Search,1,3.1,0,4,0,0
C07733,United States,26,Female,Gold,9/30/2022,4,182.34,49.03,58,Books,Mobile,PayPal,Organic Search,1,4.4,0,4,1,0
C07734,United States,23,Female,Platinum,12/16/2025,10,2202.6,204.94,103,Sports & Outdoors,Mobile,UPI / Digital Wallet,Organic Search,3,4.1,0,2,0,0
C07735,United Kingdom,41,Female,Free,5/20/2022,15,255.5,16.55,179,Pet Supplies,Mobile,PayPal,Paid Ad,4,4.4,2,0,1,0
C07736,Australia,34,Female,Free,1/17/2025,12,1043.48,98.85,20,Clothing & Apparel,Mobile,Bank Transfer,Paid Ad,1,4.1,0,5,1,1
C07737,South Africa,44,Male,Free,2/24/2026,12,1727.99,141.37,6,Electronics,Mobile,PayPal,Referral,4,4.3,1,8,1,0
C07738,Germany,42,Male,Free,10/29/2025,28,4383.96,142.39,86,Toys & Games,Mobile,Credit Card,Email Campaign,9,3.4,0,2,0,0
C07739,India,55,Female,Free,6/29/2022,7,88.21,13.19,101,Electronics,Desktop,Credit Card,Paid Ad,1,4.2,0,1,1,1
C07740,United States,40,Female,Gold,2/21/2026,3,167.31,51.29,29,Jewelry & Accessories,Tablet,Buy Now Pay Later,Organic Search,0,4.4,0,11,1,0
C07741,Italy,38,Female,Platinum,11/12/2025,45,5881,123.96,21,Books,Tablet,Debit Card,Paid Ad,7,3.7,4,1,1,0
C07742,Mexico,47,Female,Free,11/16/2025,33,3631.02,109.93,18,Electronics,Mobile,UPI / Digital Wallet,Organic Search,5,3.7,1,6,1,0
C07743,United States,54,Female,Gold,10/17/2025,37,4985.5,119.79,4,Electronics,Mobile,Credit Card,Organic Search,6,3.6,2,0,1,0
C07744,Germany,33,Female,Free,7/7/2023,47,3006.53,56.79,59,Home & Kitchen,Tablet,PayPal,Organic Search,12,4.1,6,0,1,0
C07745,Germany,31,Male,Silver,3/2/2025,9,490.71,53.81,44,Pet Supplies,Desktop,Debit Card,Direct,1,4.3,0,0,0,0
C07746,Canada,56,Female,Gold,12/19/2024,2,243.54,127.7,1,Home & Kitchen,Tablet,Credit Card,Email Campaign,0,3.6,0,2,1,0
C07747,United States,31,Other,Gold,6/11/2020,8,619.91,72.2,124,Pet Supplies,Desktop,Credit Card,Direct,1,3.8,0,0,1,0
C07748,United States,33,Female,Silver,6/22/2025,50,1031.69,20.25,17,Sports & Outdoors,Desktop,UPI / Digital Wallet,Referral,12,4.6,2,3,1,0
C07749,Australia,25,Female,Platinum,9/6/2022,3,159.83,58.9,24,Books,Mobile,Credit Card,Email Campaign,0,3.6,0,3,1,0
C07750,United States,61,Female,Platinum,1/28/2023,8,2004.93,228.74,56,Clothing & Apparel,Mobile,PayPal,Social Media,1,4.3,0,0,0,0
C07751,United States,40,Male,Gold,1/16/2026,8,723.51,104.49,97,Clothing & Apparel,Mobile,Credit Card,Email Campaign,2,3.6,0,8,1,0
C07752,United Kingdom,29,Female,Silver,2/10/2026,63,10883.85,182.85,81,Electronics,Mobile,Credit Card,Organic Search,24,4.3,7,0,0,0
C07753,Brazil,45,Female,Free,1/28/2026,26,1897.97,65,213,Toys & Games,Mobile,PayPal,Organic Search,1,5,1,2,0,0
C07754,Germany,31,Female,Silver,5/9/2024,31,2972.25,87.25,75,Books,Mobile,Credit Card,Email Campaign,4,3.4,0,1,1,0
C07755,Brazil,50,Female,Free,1/28/2026,10,966.38,107,41,Toys & Games,Mobile,PayPal,Organic Search,2,4.8,0,1,1,0
C07756,Australia,43,Female,Platinum,4/30/2024,7,719.75,118.09,58,Pet Supplies,Desktop,PayPal,Referral,2,3.4,0,8,1,0
C07757,Australia,37,Female,Platinum,6/10/2023,14,1991.74,128.51,52,Books,Tablet,Credit Card,Organic Search,0,4.3,1,8,0,0
C07758,Canada,37,Male,Platinum,10/22/2024,23,3936.81,199.92,143,Sports & Outdoors,Desktop,Credit Card,Organic Search,3,4.4,1,1,1,0
C07759,Poland,49,Female,Free,9/21/2024,16,205.67,14.65,6,Food & Grocery,Desktop,PayPal,Social Media,6,4.5,1,1,1,0
C07760,United Kingdom,24,Male,Free,10/5/2024,14,942.53,71.83,102,Books,Mobile,Buy Now Pay Later,Paid Ad,4,4.5,0,0,0,0
C07761,United States,32,Male,Free,11/9/2024,1,146.02,129.76,24,Electronics,Tablet,Debit Card,Organic Search,0,2.9,0,4,0,0
C07762,United States,27,Male,Free,1/3/2023,23,934.67,35.35,14,Food & Grocery,Desktop,Credit Card,Direct,3,4.6,1,1,0,0
C07763,Poland,46,Female,Free,12/31/2025,48,6876.7,130.85,34,Sports & Outdoors,Tablet,Bank Transfer,Organic Search,7,4.2,5,3,1,0
C07764,Australia,49,Female,Free,10/30/2022,11,1075.7,93.63,14,Toys & Games,Mobile,Credit Card,Paid Ad,2,4.4,1,5,1,0
C07765,South Korea,47,Male,Free,3/10/2021,19,1187.18,59.31,70,Office Supplies,Mobile,PayPal,Direct,5,4.3,2,1,0,0
C07766,Germany,26,Female,Free,9/8/2025,29,1360.47,46.58,26,Beauty & Personal Care,Mobile,PayPal,Paid Ad,2,4.7,4,3,0,0
C07767,India,31,Male,Free,10/10/2025,25,1635.49,62.96,43,Books,Tablet,Credit Card,Social Media,9,4.7,0,1,0,0
C07768,United States,30,Female,Free,2/19/2026,23,975.5,44.81,10,Travel & Luggage,Mobile,Credit Card,Paid Ad,4,4.5,0,2,1,0
C07769,Canada,18,Male,Platinum,6/15/2025,10,3061.03,306.39,106,Food & Grocery,Mobile,Credit Card,Email Campaign,0,3.4,0,2,1,0
C07770,United States,43,Male,Free,12/22/2025,23,2255.45,104.54,42,Clothing & Apparel,Desktop,Credit Card,Social Media,5,4.2,3,11,1,0
C07771,Italy,36,Female,Free,9/2/2025,1,85.05,76.76,32,Health & Wellness,Desktop,Credit Card,Email Campaign,0,4.8,0,2,1,1
C07772,United States,29,Female,Gold,2/1/2026,18,1059.64,59.61,2,Clothing & Apparel,Mobile,UPI / Digital Wallet,Email Campaign,1,3.8,1,1,0,0
C07773,United States,18,Female,Free,11/7/2025,14,2110.98,150.33,148,Electronics,Mobile,PayPal,Referral,2,3.5,0,0,0,1
C07774,France,31,Male,Platinum,8/24/2023,3,398.06,138.58,35,Electronics,Mobile,Credit Card,Organic Search,0,4.4,0,12,1,0
C07775,United States,30,Male,Gold,5/8/2022,3,97.75,30.77,15,Electronics,Desktop,Credit Card,Social Media,0,4,0,4,0,0
C07776,South Korea,49,Male,Free,2/20/2026,44,2329.59,56.8,23,Food & Grocery,Mobile,PayPal,Referral,16,4.9,0,11,0,0
C07777,United States,38,Female,Free,10/26/2016,11,345.28,28.62,22,Health & Wellness,Desktop,Credit Card,Paid Ad,2,4.1,0,2,1,0
C07778,Germany,62,Male,Free,1/31/2023,35,1284.47,37.23,189,Home & Kitchen,Desktop,Credit Card,Referral,5,3.8,2,0,0,1
C07779,Brazil,39,Male,Free,9/4/2023,5,290.12,61.92,104,Food & Grocery,Desktop,Debit Card,Organic Search,0,4.6,0,2,1,0
C07780,United States,36,Female,Free,5/23/2024,4,87.65,20.83,52,Beauty & Personal Care,Desktop,Buy Now Pay Later,Email Campaign,0,3.7,0,1,1,0
C07781,United States,36,Female,Gold,3/12/2026,8,449.73,49.64,44,Home & Kitchen,Mobile,PayPal,Email Campaign,1,4.2,0,3,1,0
C07782,Mexico,44,Female,Silver,2/4/2024,23,700.01,26.96,25,Food & Grocery,Mobile,Debit Card,Social Media,2,4.5,1,2,0,0
C07783,United States,38,Male,Free,4/17/2023,11,471.38,48.57,52,Toys & Games,Mobile,PayPal,Organic Search,0,4,0,3,1,0
C07784,United Kingdom,30,Female,Silver,4/5/2025,24,1874.74,88.59,30,Food & Grocery,Desktop,Credit Card,Organic Search,6,4.7,0,2,0,0
C07785,Germany,45,Male,Free,3/31/2026,36,307.43,9.02,80,Clothing & Apparel,Mobile,Cryptocurrency,Organic Search,6,4.5,3,1,1,0
C07786,France,18,Female,Free,3/14/2026,11,401.1,32.05,157,Travel & Luggage,Tablet,Credit Card,Organic Search,1,3.9,1,0,1,0
C07787,Turkey,47,Male,Free,11/24/2025,19,584.35,27.95,64,Home & Kitchen,Mobile,Credit Card,Organic Search,4,4.7,0,5,1,0
C07788,United States,32,Male,Free,6/19/2025,18,3661.32,226.22,16,Clothing & Apparel,Mobile,Credit Card,Email Campaign,4,5,1,0,1,0
C07789,United States,36,Male,Free,9/26/2021,8,74.22,9.9,4,Beauty & Personal Care,Mobile,Debit Card,Organic Search,2,4.7,0,8,1,0
C07790,South Korea,22,Male,Free,9/22/2024,2,59.34,29.73,27,Electronics,Mobile,Bank Transfer,Social Media,0,4.8,0,0,0,0
C07791,Mexico,34,Female,Silver,10/26/2025,18,1263.39,66.06,8,Clothing & Apparel,Mobile,Credit Card,Email Campaign,3,4.4,1,9,1,0
C07792,United States,40,Female,Free,1/17/2026,14,1450.23,90.08,22,Electronics,Tablet,Credit Card,Referral,1,4.8,1,3,1,0
C07793,Germany,32,Female,Free,7/12/2025,13,403.64,34.58,3,Clothing & Apparel,Desktop,PayPal,Social Media,1,3.8,0,6,1,1
C07794,Germany,32,Male,Free,5/26/2022,22,1174.27,61.39,11,Electronics,Mobile,PayPal,Direct,4,3,0,2,1,0
C07795,Brazil,46,Female,Free,12/4/2025,8,342.24,44.1,69,Home & Kitchen,Mobile,Credit Card,Social Media,2,4.4,0,1,0,0
C07796,South Korea,46,Female,Platinum,11/9/2025,4,298.8,67.59,104,Clothing & Apparel,Mobile,Buy Now Pay Later,Organic Search,0,3.9,0,7,1,0
C07797,Spain,31,Male,Free,5/13/2020,21,2961.76,154.61,72,Books,Desktop,Debit Card,Email Campaign,7,3.9,0,7,0,1
C07798,Germany,30,Male,Free,6/15/2025,1,74.54,82.41,139,Books,Mobile,Bank Transfer,Social Media,0,4.6,0,1,1,0
C07799,Germany,29,Male,Gold,7/20/2022,44,4985.74,129.98,83,Health & Wellness,Desktop,Credit Card,Paid Ad,13,4.6,1,1,1,0
C07800,India,33,Female,Silver,11/16/2025,13,995.47,66.75,7,Home & Kitchen,Mobile,Debit Card,Social Media,1,3.5,0,2,1,0
C07801,Australia,50,Male,Free,4/6/2025,2,135.77,74.03,47,Home & Kitchen,Desktop,PayPal,Organic Search,0,4.2,0,8,1,0
C07802,India,43,Female,Silver,6/12/2021,12,548.31,52.31,0,Electronics,Desktop,Bank Transfer,Referral,0,4.8,0,0,1,0
C07803,India,44,Male,Silver,1/6/2026,3,147.76,51.81,117,Toys & Games,Tablet,UPI / Digital Wallet,Direct,1,4.6,0,3,0,0
C07804,India,37,Male,Silver,9/6/2024,39,1852.67,45.53,89,Sports & Outdoors,Mobile,Credit Card,Social Media,11,4,0,4,1,0
C07805,South Korea,44,Female,Gold,12/26/2025,2,632.72,355.78,66,Electronics,Tablet,Debit Card,Organic Search,0,3.3,0,2,1,0
C07806,United Kingdom,30,Male,Gold,2/20/2022,29,2001.13,78.11,16,Jewelry & Accessories,Tablet,Credit Card,Social Media,5,4.9,3,23,1,0
C07807,United States,49,Female,Free,3/17/2025,9,1098.18,117.01,15,Clothing & Apparel,Tablet,PayPal,Organic Search,2,4.2,0,11,0,0
C07808,India,29,Male,Gold,3/25/2022,56,3526.75,65.88,31,Books,Desktop,Credit Card,Organic Search,20,4.3,0,14,0,0
C07809,United States,36,Male,Gold,9/23/2025,1,100.42,93.41,29,Sports & Outdoors,Mobile,Debit Card,Organic Search,0,4.5,0,1,0,1
C07810,United Kingdom,18,Male,Free,2/19/2026,8,463.01,53.56,41,Books,Desktop,PayPal,Organic Search,2,4.8,0,0,0,0
C07811,United States,24,Female,Gold,11/21/2025,27,3607.38,134.27,21,Home & Kitchen,Mobile,Debit Card,Email Campaign,2,4,0,2,1,0
C07812,India,50,Male,Free,1/23/2022,14,1438.34,107.03,38,Beauty & Personal Care,Mobile,Credit Card,Organic Search,2,4.6,1,4,1,0
C07813,United States,43,Female,Platinum,3/20/2026,12,3541.23,324.5,27,Beauty & Personal Care,Mobile,Credit Card,Email Campaign,3,4.1,0,1,1,0
C07814,United States,47,Female,Free,11/6/2025,6,298.01,55.28,184,Office Supplies,Mobile,Credit Card,Email Campaign,0,3.9,0,3,1,0
C07815,United States,22,Male,Free,8/18/2025,15,5313.59,365.41,59,Sports & Outdoors,Mobile,Debit Card,Referral,1,4.7,1,4,0,0
C07816,India,45,Female,Free,11/11/2025,22,2150.5,92.85,49,Electronics,Mobile,Buy Now Pay Later,Organic Search,6,4.2,0,0,0,0
C07817,Germany,22,Other,Silver,4/25/2023,2,289.43,140.33,105,Clothing & Apparel,Mobile,Credit Card,Social Media,0,4.5,0,1,0,0
C07818,United States,60,Female,Gold,10/25/2024,6,498,95.73,113,Books,Mobile,Debit Card,Direct,0,4.5,0,9,1,0
C07819,United States,30,Female,Free,10/23/2023,3,117.71,43.78,29,Health & Wellness,Desktop,Credit Card,Organic Search,0,4.1,0,12,0,0
C07820,Australia,32,Male,Free,11/14/2024,20,874.08,38.71,0,Health & Wellness,Mobile,PayPal,Email Campaign,7,4.5,1,1,0,0
C07821,Australia,46,Male,Free,1/12/2026,53,1294.09,26.95,79,Food & Grocery,Mobile,UPI / Digital Wallet,Referral,13,4.8,3,9,0,0
C07822,Brazil,36,Female,Silver,11/25/2025,28,2620.71,83.02,149,Clothing & Apparel,Desktop,Debit Card,Email Campaign,1,3.5,2,1,1,0
C07823,Brazil,44,Female,Free,3/24/2025,13,836.07,71.92,15,Automotive,Desktop,UPI / Digital Wallet,Social Media,0,4,1,0,1,0
C07824,Canada,61,Female,Free,1/9/2026,7,321.22,41.64,27,Electronics,Mobile,Bank Transfer,Social Media,0,4.5,0,8,1,0
C07825,United Kingdom,42,Female,Platinum,9/18/2025,3,288.96,105.35,4,Office Supplies,Mobile,Debit Card,Organic Search,0,4.3,0,2,0,0
C07826,United States,47,Female,Free,11/15/2023,17,1165.07,73.2,145,Electronics,Mobile,Credit Card,Organic Search,2,3.3,0,0,0,0
C07827,Canada,52,Male,Silver,7/12/2024,9,526.71,56.81,25,Clothing & Apparel,Mobile,Debit Card,Social Media,0,4.6,1,1,0,0
C07828,United States,46,Female,Platinum,10/4/2024,6,1631.14,255.06,70,Clothing & Apparel,Desktop,Credit Card,Paid Ad,0,4.8,0,4,1,0
C07829,United Kingdom,28,Other,Free,1/6/2026,3,200.58,75.83,5,Travel & Luggage,Mobile,Credit Card,Social Media,0,4.7,0,11,1,0
C07830,United Kingdom,39,Other,Free,8/27/2022,8,654.65,91.22,198,Sports & Outdoors,Mobile,Debit Card,Paid Ad,2,4.5,0,10,0,1
C07831,UAE,39,Male,Free,12/31/2023,15,486.63,35.48,20,Home & Kitchen,Mobile,PayPal,Organic Search,5,4.4,0,1,0,0
C07832,United States,33,Other,Silver,10/30/2025,10,849.44,88.99,284,Home & Kitchen,Mobile,Credit Card,Social Media,2,4,0,7,1,1
C07833,Turkey,50,Male,Free,8/31/2025,5,2477.64,460.04,12,Clothing & Apparel,Mobile,Debit Card,Organic Search,1,4.4,0,0,1,0
C07834,Italy,27,Male,Free,6/30/2025,19,1745.21,106.68,61,Beauty & Personal Care,Mobile,Credit Card,Email Campaign,2,4.2,0,2,1,0
C07835,Germany,43,Male,Free,6/13/2023,14,740.72,52.98,170,Sports & Outdoors,Mobile,UPI / Digital Wallet,Email Campaign,0,3.6,1,10,0,0
C07836,South Korea,41,Female,Gold,9/5/2021,1,89.66,82.62,32,Food & Grocery,Tablet,Credit Card,Social Media,0,4.3,0,2,0,1
C07837,Mexico,32,Female,Free,10/29/2024,17,300.24,19.42,169,Home & Kitchen,Mobile,Credit Card,Social Media,4,4.2,1,1,1,0
C07838,Singapore,29,Female,Platinum,7/27/2025,15,7188.17,460.11,373,Toys & Games,Mobile,Credit Card,Paid Ad,1,3.6,2,5,1,0
C07839,Brazil,26,Male,Free,4/3/2025,19,649.12,32.17,263,Health & Wellness,Desktop,Credit Card,Organic Search,1,2.3,0,32,0,0
C07840,France,48,Male,Free,8/27/2025,7,157.9,21.87,6,Automotive,Desktop,Debit Card,Direct,0,4.3,0,0,0,0
C07841,Australia,18,Male,Free,10/10/2025,26,1016.6,34.98,25,Home & Kitchen,Mobile,PayPal,Paid Ad,2,4.4,2,1,1,0
C07842,United Kingdom,41,Male,Silver,11/3/2025,3,44.67,14.44,43,Sports & Outdoors,Mobile,Credit Card,Direct,0,4.7,0,23,0,0
C07843,Brazil,36,Female,Gold,4/27/2024,53,2740.42,48.41,44,Electronics,Mobile,Debit Card,Paid Ad,20,3.5,1,4,1,0
C07844,Canada,24,Female,Silver,5/10/2025,12,736.09,63.52,5,Beauty & Personal Care,Desktop,Debit Card,Organic Search,4,4.5,0,0,1,0
C07845,France,22,Female,Free,12/23/2023,7,557.53,73.26,96,Beauty & Personal Care,Mobile,Credit Card,Referral,2,4.4,0,4,1,0
C07846,Canada,32,Male,Free,1/7/2026,30,1153.56,41.25,92,Home & Kitchen,Tablet,Debit Card,Social Media,2,3.7,0,5,0,0
C07847,United States,55,Female,Platinum,6/10/2024,35,1572.55,40.16,2,Electronics,Desktop,Credit Card,Paid Ad,8,3.8,4,0,1,0
C07848,United States,36,Female,Platinum,9/28/2025,4,672.77,166.74,18,Automotive,Mobile,Debit Card,Direct,0,4.2,0,0,1,0
C07849,France,36,Male,Gold,3/16/2026,66,7585.68,103.71,165,Electronics,Mobile,Cryptocurrency,Email Campaign,7,3.7,4,2,0,0
C07850,United States,52,Female,Platinum,3/5/2023,3,225.37,79.14,16,Books,Mobile,UPI / Digital Wallet,Email Campaign,0,5,0,0,1,0
C07851,United States,45,Other,Free,5/9/2025,25,3059.5,140.19,14,Toys & Games,Mobile,PayPal,Paid Ad,8,4.3,0,0,1,0
C07852,United States,60,Female,Free,7/18/2024,14,712.77,47.16,14,Office Supplies,Desktop,Bank Transfer,Organic Search,4,3.7,0,0,1,0
C07853,Australia,25,Female,Silver,9/28/2025,18,2074.42,109.82,1,Electronics,Mobile,Credit Card,Email Campaign,1,3.8,2,0,0,0
C07854,Brazil,42,Male,Free,11/2/2023,42,2072.49,57.11,3,Jewelry & Accessories,Mobile,Cryptocurrency,Paid Ad,15,4.6,3,7,1,0
C07855,UAE,21,Male,Platinum,12/31/2025,22,6729.32,272.03,53,Electronics,Desktop,Debit Card,Social Media,6,4.2,0,4,1,0
C07856,France,44,Male,Free,3/25/2021,9,1220.86,156.48,64,Books,Desktop,UPI / Digital Wallet,Social Media,1,4.5,1,2,1,0
C07857,Poland,18,Female,Silver,2/10/2020,49,5400.28,104.57,39,Electronics,Desktop,Credit Card,Paid Ad,4,4.7,5,2,0,0
C07858,Netherlands,18,Male,Gold,7/10/2025,1,174.49,158.4,14,Books,Mobile,Debit Card,Direct,0,4.8,0,1,1,1
C07859,South Korea,32,Female,Silver,2/5/2024,19,2294.87,106.73,36,Health & Wellness,Desktop,Credit Card,Organic Search,3,4.9,2,3,0,0
C07860,UAE,29,Male,Gold,3/2/2025,25,4706.3,205.99,13,Clothing & Apparel,Tablet,Credit Card,Organic Search,5,3.3,1,9,1,0
C07861,United States,36,Female,Silver,6/4/2020,11,1694.17,153.75,65,Electronics,Mobile,Debit Card,Social Media,0,4.3,1,2,1,0
C07862,Brazil,40,Male,Silver,7/11/2025,18,1796.15,110.15,14,Home & Kitchen,Mobile,Debit Card,Social Media,5,4,1,3,0,0
C07863,Australia,43,Female,Free,10/8/2024,28,1109.14,41.29,36,Home & Kitchen,Mobile,Buy Now Pay Later,Organic Search,7,3.6,3,2,1,0
C07864,Australia,41,Male,Free,12/3/2025,18,590.11,34.62,74,Electronics,Mobile,Credit Card,Email Campaign,2,4.4,0,0,1,0
C07865,Germany,37,Male,Free,11/6/2025,2,265.16,144.95,26,Sports & Outdoors,Mobile,Debit Card,Social Media,0,4.2,0,1,1,0
C07866,Japan,23,Female,Free,12/4/2020,13,284.34,19.74,29,Travel & Luggage,Desktop,Credit Card,Paid Ad,1,3.8,0,4,1,0
C07867,India,18,Female,Silver,11/21/2025,10,1138.63,125.53,85,Books,Desktop,UPI / Digital Wallet,Social Media,0,4.8,0,10,1,0
C07868,Germany,47,Male,Free,10/12/2023,13,867.1,75.26,14,Electronics,Desktop,PayPal,Email Campaign,4,3.1,0,3,1,0
C07869,United Kingdom,18,Male,Silver,10/24/2025,12,462.04,39.95,25,Clothing & Apparel,Mobile,Credit Card,Organic Search,1,4.7,0,6,0,0
C07870,United States,18,Female,Platinum,2/26/2026,15,2858.76,216.22,179,Home & Kitchen,Tablet,Debit Card,Social Media,2,3.7,0,4,0,0
C07871,United Kingdom,49,Female,Free,6/27/2024,3,264.34,82.65,84,Books,Mobile,PayPal,Email Campaign,0,4.6,0,0,1,0
C07872,India,23,Male,Free,6/20/2020,20,1964.23,92.81,23,Beauty & Personal Care,Mobile,PayPal,Social Media,5,4.1,1,4,0,0
C07873,United States,32,Female,Free,2/23/2026,12,530.22,48.6,49,Clothing & Apparel,Desktop,Credit Card,Organic Search,3,4.7,0,10,1,0
C07874,Singapore,36,Female,Free,1/12/2025,27,2376.5,91.6,9,Sports & Outdoors,Desktop,Debit Card,Direct,3,2.9,1,1,0,0
C07875,Canada,22,Female,Free,1/29/2026,19,2879.1,139.39,30,Electronics,Mobile,Debit Card,Paid Ad,6,4.4,1,0,1,0
C07876,Mexico,23,Female,Free,12/2/2025,19,485.83,30.08,58,Sports & Outdoors,Desktop,UPI / Digital Wallet,Social Media,6,4.5,2,8,1,0
C07877,United States,51,Female,Free,2/19/2026,11,313.72,24.92,80,Pet Supplies,Desktop,PayPal,Social Media,2,4,1,2,1,0
C07878,United States,18,Male,Free,12/13/2025,5,112.2,25.92,141,Home & Kitchen,Mobile,UPI / Digital Wallet,Paid Ad,1,4,0,1,1,0
C07879,Germany,44,Female,Free,1/2/2026,4,140.14,33.87,30,Automotive,Mobile,Debit Card,Organic Search,1,3.7,0,3,0,1
C07880,United States,23,Female,Free,2/2/2026,1,65.73,70.42,20,Jewelry & Accessories,Desktop,Debit Card,Direct,0,3.8,0,0,1,0
C07881,United States,27,Female,Free,7/21/2025,42,1609.81,36.2,100,Electronics,Tablet,Debit Card,Referral,3,4.6,4,5,1,0
C07882,Italy,24,Male,Platinum,11/3/2024,21,5592.73,278.5,15,Clothing & Apparel,Mobile,UPI / Digital Wallet,Paid Ad,5,4.8,1,0,0,1
C07883,Japan,31,Male,Free,12/19/2025,38,4909.99,113.33,51,Electronics,Tablet,Credit Card,Social Media,3,3.4,5,1,0,0
C07884,United States,54,Female,Free,8/24/2025,10,1487.11,131.88,0,Clothing & Apparel,Mobile,Debit Card,Social Media,2,4.5,0,7,0,0
C07885,Japan,18,Female,Silver,5/9/2025,19,1335.49,66.14,3,Home & Kitchen,Mobile,Debit Card,Referral,2,4,1,2,0,0
C07886,Netherlands,32,Female,Free,8/15/2024,54,1576.2,30.53,4,Home & Kitchen,Mobile,Buy Now Pay Later,Paid Ad,12,4.9,3,3,0,0
C07887,Australia,47,Male,Free,7/3/2025,2,72.92,32.17,2,Health & Wellness,Mobile,Debit Card,Social Media,0,4.5,0,0,1,0
C07888,Germany,40,Female,Free,4/2/2025,3,351.03,104.34,106,Office Supplies,Mobile,Credit Card,Organic Search,0,4.7,0,2,1,0
C07889,Canada,35,Female,Gold,10/13/2025,2,96.57,43.55,40,Electronics,Desktop,UPI / Digital Wallet,Direct,0,3.8,0,1,0,0
C07890,Canada,27,Female,Platinum,1/12/2026,4,351.8,87.74,62,Food & Grocery,Desktop,Debit Card,Organic Search,1,3.4,0,5,0,0
C07891,United Kingdom,18,Male,Gold,8/11/2024,8,913.78,118.42,24,Clothing & Apparel,Mobile,Debit Card,Social Media,2,2.9,0,4,1,0
C07892,United States,75,Male,Free,4/20/2024,24,617.87,27.54,58,Toys & Games,Mobile,Buy Now Pay Later,Organic Search,8,4.4,3,1,0,0
C07893,Brazil,38,Male,Free,7/9/2025,62,7625.66,133.45,7,Clothing & Apparel,Mobile,Cryptocurrency,Paid Ad,14,4.7,7,3,1,0
C07894,Canada,18,Male,Free,11/4/2025,42,8501.36,182.69,234,Home & Kitchen,Desktop,Debit Card,Organic Search,7,4.2,3,11,0,0
C07895,France,62,Male,Silver,4/18/2023,3,139.4,41.1,1,Toys & Games,Desktop,Buy Now Pay Later,Organic Search,0,4.6,0,5,1,0
C07896,United States,45,Male,Gold,4/13/2025,16,870.38,53.34,56,Food & Grocery,Mobile,Credit Card,Paid Ad,1,4.4,1,2,0,0
C07897,South Korea,45,Male,Silver,2/21/2026,3,302.03,104.12,29,Books,Mobile,Debit Card,Organic Search,1,4,0,11,1,0
C07898,Brazil,32,Female,Silver,4/30/2023,8,1043.91,136.97,277,Books,Mobile,Debit Card,Organic Search,2,4.5,0,2,1,1
C07899,United States,40,Female,Free,11/13/2022,7,666.65,86.87,47,Books,Tablet,Buy Now Pay Later,Direct,0,4.2,0,1,0,0
C07900,United States,26,Female,Free,3/23/2025,8,713.6,98.25,26,Electronics,Desktop,Debit Card,Social Media,1,4.4,0,3,1,0
C07901,United States,46,Male,Free,7/8/2025,11,725.51,59.49,3,Clothing & Apparel,Mobile,Credit Card,Organic Search,0,3.1,0,10,0,0
C07902,Germany,60,Other,Free,10/20/2025,7,376.32,57.27,38,Toys & Games,Mobile,PayPal,Social Media,1,4.7,0,2,1,0
C07903,Australia,26,Male,Platinum,8/9/2023,3,338.56,102.93,53,Home & Kitchen,Mobile,PayPal,Email Campaign,0,4.7,0,10,1,0
C07904,Mexico,18,Male,Platinum,1/8/2026,13,624.67,48.85,130,Jewelry & Accessories,Mobile,Credit Card,Organic Search,2,4.9,1,6,1,0
C07905,Germany,39,Female,Free,2/26/2026,16,1136.34,67.17,101,Clothing & Apparel,Mobile,Debit Card,Email Campaign,3,4.5,1,3,0,0
C07906,India,21,Female,Free,4/28/2025,52,9025.2,178.74,337,Pet Supplies,Desktop,PayPal,Social Media,14,4.3,4,2,1,0
C07907,India,22,Male,Free,10/4/2024,20,1730.09,84.03,72,Clothing & Apparel,Mobile,Credit Card,Organic Search,6,3.6,0,1,0,0
C07908,United States,28,Male,Free,6/19/2024,4,86.17,24.38,127,Clothing & Apparel,Mobile,Credit Card,Email Campaign,0,5,0,2,1,0
C07909,Japan,53,Male,Free,7/25/2025,18,1968.13,96.32,24,Food & Grocery,Desktop,PayPal,Email Campaign,6,4.4,1,8,0,0
C07910,United Kingdom,37,Male,Silver,6/16/2024,14,339.47,25.3,170,Home & Kitchen,Mobile,PayPal,Organic Search,3,4.7,1,4,1,0
C07911,Australia,59,Male,Free,7/20/2024,31,1573.47,52.51,29,Clothing & Apparel,Desktop,Credit Card,Social Media,9,4.6,0,3,1,0
C07912,France,51,Female,Silver,4/5/2024,25,851.06,38.83,8,Automotive,Mobile,PayPal,Organic Search,1,4.9,3,2,0,0
C07913,United States,52,Male,Free,1/6/2022,36,1167.78,36.6,2,Books,Tablet,Credit Card,Referral,10,4.9,1,8,1,0
C07914,Germany,31,Male,Free,3/17/2025,14,2642.71,209.73,74,Pet Supplies,Mobile,PayPal,Email Campaign,4,4.5,1,0,1,0
C07915,United Kingdom,55,Male,Free,2/9/2025,9,1403.14,160.82,17,Home & Kitchen,Mobile,Credit Card,Social Media,1,2.4,1,3,1,0
C07916,Turkey,29,Other,Silver,2/9/2023,37,5040.71,141.06,103,Beauty & Personal Care,Mobile,Credit Card,Email Campaign,7,4.5,4,7,1,0
C07917,Mexico,27,Male,Silver,3/16/2026,15,781.95,53.93,17,Automotive,Mobile,UPI / Digital Wallet,Social Media,1,3.9,0,0,1,0
C07918,Singapore,26,Male,Silver,2/7/2026,20,3386.73,156.45,71,Electronics,Mobile,Credit Card,Social Media,4,3.3,2,5,0,0
C07919,Australia,28,Female,Free,9/29/2025,3,129.82,40.47,2,Electronics,Tablet,PayPal,Social Media,0,4.1,0,6,1,0
C07920,Spain,40,Female,Free,4/15/2025,23,1406.49,71.44,69,Clothing & Apparel,Desktop,Credit Card,Email Campaign,4,4.5,0,23,0,0
C07921,Brazil,35,Male,Gold,3/17/2026,7,235.3,29.41,2,Sports & Outdoors,Mobile,Debit Card,Social Media,0,4.3,0,1,1,0
C07922,Canada,25,Female,Free,5/23/2024,9,432.64,53.14,16,Beauty & Personal Care,Mobile,Debit Card,Social Media,0,4.5,0,2,1,0
C07923,Brazil,43,Female,Platinum,8/11/2025,22,1663.07,87.4,46,Clothing & Apparel,Desktop,Credit Card,Social Media,4,4,1,4,1,0
C07924,Poland,38,Female,Free,5/18/2023,8,169.24,19.5,6,Sports & Outdoors,Desktop,Buy Now Pay Later,Organic Search,2,4.2,0,0,0,0
C07925,United States,18,Female,Silver,7/18/2023,8,594.99,79.45,23,Jewelry & Accessories,Mobile,PayPal,Email Campaign,3,4.4,0,1,0,0
C07926,Brazil,28,Female,Platinum,12/12/2025,37,7707.23,232.89,74,Travel & Luggage,Mobile,Debit Card,Paid Ad,7,4.7,2,5,1,0
C07927,India,35,Female,Silver,1/12/2026,12,143.3,13.32,0,Automotive,Mobile,Credit Card,Referral,1,3.9,1,7,1,0
C07928,Germany,25,Female,Free,3/13/2025,3,198.89,63.25,88,Electronics,Mobile,Buy Now Pay Later,Paid Ad,1,4.3,0,8,1,0
C07929,Australia,48,Female,Free,8/6/2023,28,2440.08,77,48,Jewelry & Accessories,Tablet,PayPal,Direct,6,2.6,3,2,1,0
C07930,United States,38,Male,Silver,11/21/2024,5,258.8,55.6,2,Clothing & Apparel,Desktop,UPI / Digital Wallet,Paid Ad,1,4.1,0,1,1,0
C07931,India,64,Female,Gold,5/23/2024,20,1621.59,83.37,211,Books,Mobile,Debit Card,Organic Search,7,4.2,1,7,1,0
C07932,Turkey,42,Male,Gold,3/13/2025,38,1539.74,45.17,7,Electronics,Mobile,Credit Card,Social Media,9,4.3,2,2,0,1
C07933,United States,33,Male,Free,8/8/2025,35,10763.96,301.92,54,Sports & Outdoors,Mobile,Debit Card,Organic Search,10,3.9,4,7,0,0
C07934,France,42,Female,Free,5/4/2023,71,4099.46,61.01,29,Jewelry & Accessories,Mobile,PayPal,Organic Search,12,4,5,14,0,0
C07935,France,21,Female,Gold,11/20/2025,9,2236.34,226.87,35,Clothing & Apparel,Tablet,UPI / Digital Wallet,Organic Search,2,4.3,0,17,1,0
C07936,United States,34,Female,Gold,12/2/2025,10,814.1,75.98,3,Clothing & Apparel,Tablet,Debit Card,Organic Search,1,4.3,1,5,1,0
C07937,Mexico,50,Female,Free,9/25/2025,10,276.86,28.92,36,Home & Kitchen,Desktop,Debit Card,Email Campaign,3,4.4,1,0,1,0
C07938,Brazil,44,Male,Silver,6/2/2025,18,836.14,50.17,28,Toys & Games,Desktop,Credit Card,Direct,1,4.1,1,16,1,0
C07939,United States,23,Female,Platinum,11/1/2025,51,3687.56,77.4,74,Electronics,Mobile,Debit Card,Direct,18,4.5,0,10,1,0
C07940,United Kingdom,18,Female,Silver,8/20/2023,1,53.74,52.38,5,Electronics,Mobile,Buy Now Pay Later,Direct,0,4.1,0,2,0,0
C07941,Mexico,30,Female,Free,9/19/2025,3,419.49,159.92,4,Clothing & Apparel,Desktop,Debit Card,Social Media,1,3.3,0,4,1,0
C07942,United States,37,Male,Free,6/13/2024,12,599.27,48.05,59,Jewelry & Accessories,Mobile,Credit Card,Social Media,3,3.4,0,6,1,0
C07943,Spain,43,Female,Gold,3/18/2024,5,863.94,162.71,97,Books,Mobile,Debit Card,Social Media,0,4.2,0,2,1,0
C07944,Australia,18,Male,Platinum,12/21/2024,9,473.14,54.38,0,Toys & Games,Desktop,Credit Card,Organic Search,2,3.7,0,6,1,0
C07945,Italy,27,Male,Silver,8/10/2024,7,324.06,42.42,36,Electronics,Desktop,PayPal,Organic Search,1,4.5,0,0,1,0
C07946,France,34,Male,Free,8/18/2025,17,988.25,53.83,21,Clothing & Apparel,Mobile,Credit Card,Organic Search,0,3.9,1,18,1,0
C07947,United Kingdom,18,Male,Silver,4/30/2025,7,805.34,104.69,104,Jewelry & Accessories,Mobile,Credit Card,Social Media,2,4.9,0,0,1,0
C07948,United States,18,Male,Gold,8/12/2023,70,5495.47,72.76,16,Electronics,Mobile,PayPal,Organic Search,21,3.6,8,2,1,0
C07949,Sweden,26,Female,Platinum,12/26/2025,28,2616.81,102.9,98,Electronics,Desktop,PayPal,Social Media,7,4.3,2,8,1,0
C07950,United Kingdom,35,Female,Free,4/8/2025,11,441.84,46.4,132,Food & Grocery,Desktop,PayPal,Social Media,3,4.4,1,0,0,0
C07951,United States,40,Male,Free,10/10/2025,21,1909.2,104.08,0,Electronics,Desktop,PayPal,Social Media,5,3.1,1,4,1,0
C07952,France,41,Female,Silver,8/8/2024,4,232.42,54.45,10,Electronics,Desktop,UPI / Digital Wallet,Referral,0,4.1,0,3,1,0
C07953,United States,46,Male,Platinum,9/23/2025,31,2505.79,82.41,61,Home & Kitchen,Mobile,Credit Card,Social Media,12,4.6,1,0,0,0
C07954,United Kingdom,42,Female,Free,10/18/2024,2,99.02,45.35,119,Electronics,Desktop,Debit Card,Organic Search,0,3.7,0,0,0,0
C07955,United States,44,Male,Silver,8/5/2024,1,99.98,89.79,35,Clothing & Apparel,Desktop,PayPal,Organic Search,0,4.1,0,0,1,0
C07956,Canada,45,Female,Free,9/28/2025,15,1559.95,105,6,Travel & Luggage,Mobile,Credit Card,Referral,1,4.5,0,3,0,0
C07957,South Korea,21,Male,Free,6/6/2020,27,3945.71,135.99,46,Beauty & Personal Care,Mobile,Cryptocurrency,Direct,5,2.8,2,0,1,0
C07958,Canada,48,Female,Silver,3/17/2023,17,547.38,35.18,8,Jewelry & Accessories,Mobile,UPI / Digital Wallet,Direct,1,4.7,0,5,0,0
C07959,Singapore,35,Male,Free,7/18/2025,8,614.49,68.86,1,Sports & Outdoors,Mobile,Debit Card,Social Media,0,3.3,0,0,1,0
C07960,Brazil,19,Female,Gold,9/27/2025,12,644.56,48.22,58,Sports & Outdoors,Tablet,Bank Transfer,Social Media,4,4.6,1,13,0,0
C07961,Canada,37,Female,Free,12/16/2023,14,966.89,76.16,6,Clothing & Apparel,Desktop,Bank Transfer,Email Campaign,3,2.8,0,10,0,1
C07962,India,51,Male,Free,7/17/2023,1,6.2,6.61,90,Travel & Luggage,Mobile,Debit Card,Email Campaign,0,3.7,0,6,1,0
C07963,India,58,Male,Free,3/6/2026,1,8.89,8.26,34,Electronics,Mobile,Credit Card,Paid Ad,0,4.7,0,1,1,1
C07964,India,26,Female,Free,4/28/2022,12,324.95,26.46,2,Home & Kitchen,Mobile,Debit Card,Paid Ad,1,3.6,1,4,1,0
C07965,South Africa,18,Female,Platinum,1/7/2024,27,2172.06,77.37,37,Jewelry & Accessories,Mobile,Credit Card,Paid Ad,9,4.7,1,0,1,0
C07966,Brazil,38,Male,Gold,1/10/2024,15,366.34,25.77,105,Home & Kitchen,Mobile,Credit Card,Social Media,5,4.3,0,4,1,0
C07967,United States,29,Female,Silver,12/23/2024,5,655.97,131.73,21,Electronics,Tablet,Credit Card,Email Campaign,1,4.5,0,3,0,0
C07968,India,45,Female,Gold,11/11/2025,28,2986.95,95.99,16,Toys & Games,Mobile,Debit Card,Referral,1,2.1,2,1,1,0
C07969,Mexico,36,Female,Gold,12/10/2025,11,183.31,17.98,29,Beauty & Personal Care,Mobile,Bank Transfer,Paid Ad,3,3.8,1,3,0,0
C07970,Spain,51,Female,Platinum,2/11/2024,17,815.45,55.08,44,Books,Desktop,Debit Card,Organic Search,2,4.4,1,1,1,0
C07971,Mexico,35,Female,Silver,2/8/2026,18,976.26,63.61,55,Beauty & Personal Care,Desktop,Bank Transfer,Organic Search,1,4.3,0,15,1,0
C07972,United States,45,Male,Gold,4/21/2022,46,5444.42,106.02,14,Home & Kitchen,Mobile,Debit Card,Organic Search,8,4.8,3,1,1,0
C07973,France,44,Female,Free,8/29/2025,2,279.89,125.22,9,Beauty & Personal Care,Desktop,Bank Transfer,Direct,0,3.7,0,2,0,0
C07974,Mexico,35,Female,Free,4/1/2025,4,720.05,181.99,61,Beauty & Personal Care,Desktop,UPI / Digital Wallet,Organic Search,1,3.8,0,2,1,0
C07975,Germany,22,Male,Free,12/18/2024,10,640.88,71.4,85,Clothing & Apparel,Mobile,UPI / Digital Wallet,Email Campaign,1,3.6,0,1,1,0
C07976,Netherlands,34,Female,Free,1/22/2023,13,1422.55,103.45,120,Clothing & Apparel,Desktop,Credit Card,Email Campaign,2,3.6,0,0,1,0
C07977,France,18,Male,Free,7/25/2025,11,352.14,37,0,Clothing & Apparel,Desktop,Debit Card,Email Campaign,1,4.1,0,15,0,1
C07978,United States,35,Male,Gold,12/9/2025,2,169.05,78.23,136,Clothing & Apparel,Mobile,Credit Card,Direct,0,3.9,0,1,1,0
C07979,Netherlands,47,Female,Gold,10/29/2025,53,8511.54,147.74,109,Home & Kitchen,Desktop,Credit Card,Social Media,14,2.6,1,1,1,0
C07980,Germany,50,Female,Silver,11/22/2025,6,1243.42,231.22,99,Electronics,Mobile,Credit Card,Referral,0,4.6,0,6,1,0
C07981,United States,56,Male,Silver,7/12/2025,10,550.77,57.19,17,Books,Mobile,Credit Card,Organic Search,1,4.6,1,7,0,0
C07982,United States,31,Female,Platinum,2/13/2023,7,388.59,56.21,30,Electronics,Mobile,Credit Card,Paid Ad,2,5,0,2,0,0
C07983,Italy,39,Male,Free,11/24/2025,1,22.98,20.78,72,Health & Wellness,Desktop,Debit Card,Organic Search,0,4.7,0,3,1,0
C07984,France,47,Female,Free,11/25/2025,22,556.65,28.86,37,Health & Wellness,Desktop,Debit Card,Organic Search,1,3.3,3,0,0,0
C07985,Japan,33,Male,Silver,8/22/2025,9,307.4,34.9,42,Pet Supplies,Mobile,PayPal,Paid Ad,2,3.5,0,7,0,0
C07986,United States,20,Female,Gold,12/28/2025,13,1194.92,84.61,60,Home & Kitchen,Mobile,Credit Card,Paid Ad,0,3.2,0,0,0,0
C07987,United States,22,Female,Free,2/15/2026,9,894.63,115.01,9,Toys & Games,Mobile,PayPal,Social Media,3,3.6,0,3,1,0
C07988,United Kingdom,34,Male,Free,12/12/2024,8,180.04,21.68,87,Health & Wellness,Desktop,Debit Card,Direct,2,3.7,0,11,1,0
C07989,Germany,52,Other,Silver,1/14/2022,22,2247.15,118.94,0,Home & Kitchen,Tablet,Credit Card,Organic Search,8,3.9,1,0,1,0
C07990,United States,18,Female,Free,2/9/2026,4,271.05,63.91,219,Home & Kitchen,Desktop,Credit Card,Organic Search,0,4,0,0,1,0
C07991,United States,55,Female,Silver,6/29/2024,48,1572.76,37.25,25,Books,Mobile,Debit Card,Social Media,3,4.1,3,10,1,0
C07992,United States,61,Male,Free,1/23/2024,11,341.86,36.54,280,Electronics,Mobile,Credit Card,Social Media,1,3.6,1,3,0,0
C07993,Netherlands,49,Female,Free,3/27/2026,19,2449.17,146.74,31,Jewelry & Accessories,Mobile,PayPal,Organic Search,4,4,1,3,1,0
C07994,United States,53,Male,Free,3/27/2026,13,1470.3,99.87,66,Office Supplies,Mobile,Credit Card,Direct,4,3,1,5,1,0
C07995,United Kingdom,55,Female,Free,2/5/2025,23,2376,95.55,12,Home & Kitchen,Tablet,Debit Card,Paid Ad,5,4,1,2,0,0
C07996,United States,36,Male,Gold,7/9/2025,13,1953.76,175.38,40,Jewelry & Accessories,Tablet,Debit Card,Social Media,1,4.4,1,14,1,1
C07997,India,42,Male,Free,6/28/2025,31,6772.2,251.76,53,Electronics,Mobile,Credit Card,Paid Ad,12,4.6,4,1,0,0
C07998,India,34,Male,Platinum,2/1/2026,46,2430.09,58.01,18,Home & Kitchen,Desktop,Cryptocurrency,Organic Search,9,4.2,6,0,1,0
C07999,Japan,44,Female,Free,1/15/2026,35,5552.56,147.22,50,Food & Grocery,Mobile,Credit Card,Paid Ad,10,4.1,1,2,0,0
C08000,Poland,37,Female,Gold,7/17/2022,60,2393.83,43.91,17,Toys & Games,Tablet,Credit Card,Organic Search,12,3.4,1,5,1,0
